tract,median_age_2016,median_age_2015,median_age_2014,median_age_2013,median_age_2012,median_age_2011
101.0,36.555772818339705,36.6,34.4,32.4,32.5,31.5
102.01,32.22671032984486,31.8,32.2,30.6,31.0,30.9
102.02,38.28992456994216,37.8,40.2,41.0,41.4,41.3
103.0,40.119092544906195,40.1,39.6,39.4,38.1,38.6
104.0,26.144109730604463,25.4,25.6,26.5,29.3,28.5
105.01,37.90892616816557,37.8,38.0,37.2,34.0,33.2
105.02,28.995319904842624,28.5,28.8,27.4,26.5,30.3
105.03,42.361008630913226,43.4,35.0,34.1,31.0,27.6
106.0,34.95552213037042,34.5,35.9,34.1,35.0,34.4
107.01,34.33815173028499,34.0,34.1,35.6,34.6,34.5
107.02,32.45734866847991,32.1,32.3,30.9,29.9,30.8
201.0,36.51944672966176,36.1,36.3,34.7,40.7,37.0
202.0,39.324326837892876,39.1,40.3,40.8,38.4,39.0
203.01,42.40065729071118,42.4,42.4,40.4,40.5,40.8
203.02,41.009703323134474,40.9,41.2,41.3,40.8,40.3
204.0,38.6219995080499,38.6,36.8,38.5,39.2,39.8
205.0,32.5446441593226,32.0,33.3,33.1,33.4,33.7
206.01,33.6789396522349,33.7,31.0,29.7,28.6,28.0
206.02,34.92246172698334,34.6,34.8,35.4,34.8,37.6
207.01,40.77793924642496,40.9,38.8,39.2,39.7,39.9
207.02,33.04323960807625,32.7,32.5,35.3,33.2,35.9
208.01,40.129964285185046,39.8,42.0,40.2,40.0,40.2
208.02,33.69874356024459,33.4,33.1,34.4,33.0,30.7
209.01,31.122042306811327,30.7,30.5,31.3,30.9,30.8
209.02,38.24581568921785,37.9,39.5,36.8,37.8,39.4
301.01,44.78963252792444,45.0,43.7,43.6,43.2,42.3
301.02,39.82384307303591,39.8,40.2,45.7,36.9,35.3
301.03,33.41552184977597,33.1,32.4,32.3,33.6,33.1
301.04,22.612208087018846,21.9,21.9,22.4,21.0,21.5
302.0,39.398917777781634,39.6,37.3,33.3,33.3,36.2
303.0,35.757369043541466,35.5,35.7,35.9,34.4,34.8
304.0,34.392990621852164,34.0,34.7,35.6,34.6,34.3
305.0,35.3380975190304,35.0,35.3,35.5,35.8,35.5
306.01,42.097963796916304,41.8,44.5,41.9,41.6,41.7
306.03,30.91518624479004,30.4,30.9,32.1,31.6,31.2
306.04,41.918449756094695,41.7,44.3,41.6,38.9,37.7
307.01,36.79019005558056,36.5,36.8,36.6,37.3,35.8
307.02,49.94856298064172,50.4,50.3,52.0,43.9,48.7
307.03,37.758928288708596,37.4,38.6,37.5,38.8,40.1
307.06,47.50211923494838,47.6,48.2,44.1,46.1,44.1
308.0,38.92209668465699,38.8,38.9,36.8,36.5,36.3
309.0,37.9043973319032,37.7,37.8,37.8,37.6,37.3
310.0,36.25404001464198,35.9,37.3,38.4,35.5,35.3
311.0,38.31722062117565,38.1,38.5,38.6,38.1,36.3
312.0,39.728329670958566,39.1,43.9,41.5,41.2,40.2
313.0,44.75275071534494,44.9,44.7,43.2,41.6,41.6
314.0,41.063054606986135,41.0,40.9,41.8,40.8,43.4
315.01,38.53726905771013,38.4,38.4,38.7,37.2,35.8
315.02,34.339828698155706,34.0,34.7,33.5,32.1,31.3
317.0,34.42342181636141,34.0,34.7,33.9,35.1,34.9
318.0,34.10171484152263,33.9,32.8,32.5,32.5,32.7
319.0,34.53721736221491,33.9,37.3,37.7,35.0,33.9
321.0,33.59443060226949,33.3,32.2,32.6,34.6,34.1
401.0,37.478269194455564,37.2,37.7,39.2,38.4,39.0
402.01,33.88111697242209,33.5,33.8,34.3,34.1,35.2
402.02,37.21943356471226,36.9,38.2,34.7,35.3,37.3
403.0,43.87137133178586,43.6,46.1,44.5,45.5,43.7
404.01,37.2379391361952,37.2,35.8,37.3,35.5,41.9
404.02,33.10156562676437,32.7,33.2,33.1,32.3,32.7
406.0,34.62441754271209,34.3,33.9,34.8,36.0,34.5
407.0,35.67918910329283,35.3,36.4,37.5,35.9,36.3
408.0,35.062386423148624,34.8,34.4,34.8,34.8,37.1
409.0,33.82706194492727,33.5,33.5,33.1,32.8,32.6
501.0,33.66755002297414,33.4,32.6,31.6,32.6,31.9
502.0,36.30244797076417,36.0,36.0,36.5,37.7,36.8
503.0,37.040286159194935,37.0,35.2,37.1,36.4,36.6
505.0,35.8013887691451,35.5,36.3,35.5,33.9,35.0
506.0,31.38809830532884,31.0,30.8,30.7,30.1,30.4
507.0,33.32511435766237,33.0,32.3,33.1,34.0,32.6
508.0,33.16664324623558,32.9,31.9,34.2,33.1,31.4
509.0,32.28857928996026,32.0,30.8,32.0,32.1,31.5
510.0,32.48791912062709,32.1,32.2,30.7,31.2,30.7
511.0,33.26180038938449,33.1,31.7,31.0,30.1,30.1
512.0,31.558194063124127,31.1,30.9,32.9,33.4,33.4
513.0,33.256801342370146,32.9,32.5,32.6,33.8,33.8
514.0,33.44223845053148,33.3,31.7,30.6,30.3,31.2
601.0,34.520589310837416,34.3,33.3,33.5,33.9,31.4
602.0,32.93178500650601,32.4,34.1,34.2,32.8,31.6
603.0,31.55213533260683,31.2,30.4,29.7,30.8,30.2
604.0,30.596032490950982,30.3,29.1,28.6,28.1,28.4
605.0,44.198585894915745,44.4,43.3,40.6,40.8,39.0
608.0,33.3869659704734,33.0,33.3,31.9,32.6,33.9
609.0,33.9599739198487,33.7,32.7,33.7,34.2,35.2
610.0,28.59272037900147,28.1,27.9,27.6,27.3,27.3
611.0,27.8326001508243,27.2,27.9,27.9,27.7,27.1
612.0,26.964681634781275,26.4,26.1,26.6,26.6,27.9
615.0,28.95834201977968,28.4,28.9,28.8,28.3,28.6
618.0,29.971840255449138,29.4,29.8,29.3,31.1,31.1
619.01,31.74145069330414,31.3,31.7,31.3,30.8,32.7
619.02,38.14686464153468,38.3,35.6,39.9,35.9,36.3
620.0,31.413468081679014,30.8,32.3,30.6,32.1,31.5
621.0,29.77024252221708,29.3,29.1,29.9,29.5,28.6
622.0,30.375310328685256,30.1,28.5,29.0,28.4,28.0
623.0,29.374844179159894,28.9,28.7,28.3,28.4,28.5
624.0,31.080674257522496,30.7,30.2,30.3,30.1,30.5
625.0,31.484379300355624,31.1,30.4,30.3,31.6,33.8
626.0,32.34236335265416,31.9,32.0,33.2,33.5,33.5
627.0,30.902510949610082,30.5,30.3,30.5,29.6,31.0
628.0,29.97652991817133,29.5,29.5,29.4,29.3,29.8
629.0,29.484933083348178,29.1,28.5,28.8,27.1,27.6
630.0,29.467677365172047,29.1,28.2,27.4,27.0,27.6
631.0,30.342799446830668,29.9,29.8,29.4,29.2,29.7
632.0,33.11289580580273,32.8,31.9,33.3,33.9,34.9
633.01,32.03634432033609,31.8,30.0,30.7,31.4,29.9
633.02,30.314185914535884,29.8,30.2,29.1,29.8,29.5
633.03,61.024178538357155,61.8,59.7,59.6,62.7,63.1
634.0,30.021618538505884,29.7,28.2,28.9,28.9,29.6
701.01,35.757288923112284,35.4,36.0,37.8,37.0,37.7
701.02,30.365470140194038,29.9,30.0,30.8,29.8,30.3
701.03,28.799037792867644,28.3,28.2,28.3,27.8,28.9
702.0,29.684881483789816,29.2,29.2,29.0,28.9,29.4
703.0,28.807254486418554,28.3,28.1,28.0,28.3,27.8
704.0,32.99137399823278,32.7,31.4,30.4,33.3,34.5
705.0,34.03899447854681,33.8,33.2,31.8,31.8,29.1
706.0,31.05267446264584,30.5,31.3,32.0,32.1,32.1
707.0,30.95625982674874,30.5,30.2,30.0,31.6,30.7
710.0,21.553814410707464,20.7,21.2,21.9,21.9,21.8
711.0,26.414923829247325,25.8,25.9,25.5,25.6,25.5
712.0,30.326398412961666,29.9,29.4,28.8,29.7,31.4
713.0,31.852344131771567,31.4,31.8,30.8,31.2,31.3
714.0,33.880582456818054,33.6,33.2,31.4,32.1,31.9
715.0,32.052104070673096,31.5,32.4,31.6,33.5,34.5
716.0,33.49582663768748,32.9,35.2,35.3,34.4,34.9
717.0,32.903827450658035,32.1,34.8,35.3,38.8,39.1
718.0,34.1397158767939,33.5,36.1,36.6,36.5,37.0
801.0,43.79869448675288,43.6,44.1,45.8,49.7,50.9
802.01,51.532666429804905,51.9,50.9,47.3,50.9,49.6
802.02,35.2643452638838,34.6,37.2,38.8,40.1,38.4
803.0,30.797648559068932,30.3,30.3,30.6,31.9,33.1
804.0,28.13233447020884,27.5,28.5,28.5,27.5,26.2
810.0,31.16267569592999,30.7,30.7,31.4,31.7,30.4
811.0,32.556736633611436,32.1,32.7,32.9,32.7,33.0
812.01,43.2823546437631,43.7,38.3,43.5,46.5,49.8
812.02,54.33336092351516,54.8,53.3,54.6,56.8,57.6
813.0,51.11784690257374,51.5,49.9,49.7,52.3,52.4
814.01,48.79571954037415,49.2,46.7,45.7,48.8,53.6
814.02,38.25151583154082,37.7,40.3,43.8,43.6,43.9
814.03,33.75099076381007,33.4,33.4,33.3,33.5,34.3
815.0,35.61361588434383,35.4,34.3,35.3,36.6,38.2
816.0,32.73262945731749,32.1,34.3,34.4,34.2,33.5
817.0,31.510488815552854,31.2,30.1,30.6,30.6,29.9
818.0,33.33315944034253,33.0,32.9,32.5,32.2,32.2
819.0,34.049506057448376,33.9,32.9,31.9,30.2,30.5
901.0,45.365431500218904,45.3,46.6,46.5,46.0,41.2
902.0,39.71283998680738,39.4,41.0,41.6,41.0,41.6
903.0,41.85880917726762,41.7,41.9,43.2,44.9,40.1
1001.0,41.304489596637026,41.2,42.0,39.4,39.0,36.8
1002.0,44.399992831286795,44.5,44.4,43.0,42.1,42.2
1003.0,49.24875107936439,49.3,50.1,49.9,52.1,48.8
1004.0,41.601789820543694,41.4,42.7,43.0,42.3,43.1
1005.0,43.18457821935443,42.8,46.7,44.8,43.6,40.3
1006.0,43.76469959164312,43.9,42.9,42.7,42.5,42.4
1007.0,46.039320053607405,46.2,45.6,44.4,45.2,45.5
1101.0,38.07748088677063,37.8,38.7,36.6,37.4,37.4
1102.0,40.44735182706629,40.4,39.8,40.2,40.2,42.2
1103.0,44.8293395138861,44.9,44.8,41.9,43.5,43.4
1104.0,43.5958796139712,43.5,44.8,43.4,42.7,40.7
1105.01,37.86270574349812,37.9,36.0,36.4,35.5,34.5
1105.02,36.13401574809413,35.6,37.7,40.5,39.6,40.2
1201.0,43.2886313570974,43.4,42.0,43.8,44.0,41.9
1202.0,43.89682113959877,43.9,44.0,41.5,43.2,44.6
1203.0,43.08471298963101,43.0,43.4,44.3,44.5,44.2
1204.0,40.19574924275978,40.3,39.7,38.0,34.1,34.9
1301.0,51.00931862554601,51.3,52.6,44.2,44.2,48.1
1302.0,42.41757684061923,42.4,42.4,38.9,40.6,43.3
1303.0,37.51846652328525,37.3,37.5,37.1,36.8,36.1
1401.0,31.43598954264216,31.3,29.1,28.9,27.7,27.5
1402.0,28.749979116541894,28.2,28.3,28.5,28.8,29.2
1403.01,32.66483352135852,32.1,34.2,33.2,31.8,30.6
1403.02,37.82217642646216,38.0,34.4,36.1,36.1,32.8
1404.0,39.527295299673064,39.6,37.9,35.4,36.5,35.5
1405.0,34.2272967113088,33.9,34.4,34.4,32.4,32.3
1406.01,35.16837540286861,34.8,36.5,30.6,30.5,30.9
1406.02,32.23119647758777,32.1,30.2,30.2,28.5,27.7
1407.01,33.129500354651015,32.6,34.0,34.4,34.1,33.0
1407.02,31.86010647765835,31.6,30.6,30.6,29.3,29.5
1408.0,38.07608836395704,38.2,35.8,35.3,34.3,33.0
1502.0,38.644042398137486,38.6,37.6,36.8,36.9,36.2
1503.0,38.625907192896356,38.5,38.7,38.8,36.4,37.0
1504.01,40.10399730907247,39.8,41.1,42.9,42.8,43.7
1504.02,36.093084030652186,36.2,33.8,40.1,32.7,35.7
1505.01,39.458364503378064,39.0,42.0,38.3,39.8,36.5
1505.02,40.13879224435604,40.1,40.0,38.4,37.2,37.5
1506.0,33.97804495671491,33.6,33.1,33.7,36.5,36.5
1507.0,39.94646423631798,39.9,39.4,39.5,38.7,38.1
1508.0,35.25037172114352,34.9,35.4,36.1,35.6,36.2
1510.01,38.64898797222141,39.0,34.8,35.8,33.8,30.7
1510.02,33.193618182640165,33.0,31.5,30.0,31.0,31.4
1511.0,37.73348162586524,37.6,36.5,36.1,38.2,35.9
1512.0,40.18211060914813,40.2,39.3,39.8,38.4,39.6
1601.0,37.81984082775508,37.5,38.2,35.9,38.7,40.6
1602.0,38.813372939759944,38.9,37.4,37.3,34.7,36.7
1603.0,35.5996724484819,35.3,35.7,34.8,34.5,35.7
1604.0,34.02720725599905,33.6,34.6,34.7,33.8,33.0
1605.01,30.964772784859964,30.6,30.3,30.8,28.9,30.3
1605.02,30.634998259904055,30.4,28.6,31.8,29.1,30.4
1606.01,31.87644567847333,31.4,32.0,30.8,31.4,31.8
1606.02,33.971170907507535,33.8,32.5,31.9,31.7,30.9
1607.0,37.695378091694245,37.4,37.6,36.7,39.5,38.4
1608.0,33.4707461135134,33.1,33.5,33.1,32.3,35.1
1609.0,40.67951439567791,40.4,42.0,40.3,41.3,43.1
1610.0,36.250769522232154,35.7,38.2,38.3,38.4,38.4
1611.0,39.03408575432054,39.0,38.1,35.9,36.7,36.4
1612.0,34.6081224671224,34.2,34.6,33.0,35.6,35.8
1613.0,36.340269755723305,36.1,36.0,36.3,36.0,37.3
1701.0,58.25945676028456,59.2,56.9,59.2,52.7,53.7
1702.0,39.92311801999318,39.8,39.3,40.6,41.5,37.8
1703.0,39.92303879817909,39.8,39.2,41.5,42.1,42.9
1704.0,43.41226187628807,43.6,41.9,40.4,41.6,43.7
1705.0,40.393179247232574,40.0,42.3,42.6,43.0,43.1
1706.0,41.107162405107466,41.2,39.1,36.2,40.3,42.1
1707.0,42.05253559644482,42.3,39.8,40.9,39.8,42.4
1708.0,39.62842453752738,39.4,40.5,39.2,38.9,39.3
1709.0,40.93598701568104,40.9,40.9,39.4,38.6,37.8
1710.0,40.83918377367771,40.8,40.2,40.0,40.6,43.1
1711.0,33.2145252248102,32.7,33.6,32.4,34.7,34.3
1801.0,36.73693295801574,36.6,35.5,35.3,36.2,33.8
1901.0,33.974762195677606,33.5,34.5,30.5,33.9,31.0
1902.0,34.12172212803444,33.8,33.5,31.8,33.7,32.9
1903.0,35.48124920943738,35.1,35.5,37.2,37.7,36.7
1904.01,33.72401995995657,33.5,32.5,33.1,32.4,33.4
1904.02,34.77570522063935,34.5,34.2,33.6,34.0,33.4
1906.01,30.864918428513914,30.4,30.1,30.9,32.0,32.6
1906.02,36.220078010855765,36.0,35.8,33.7,34.6,37.7
1907.01,32.266730927671205,32.0,31.1,32.6,30.6,30.8
1907.02,29.8394735805427,29.1,31.0,31.2,32.2,30.6
1908.0,32.16840439576208,31.9,31.4,28.5,27.9,28.7
1909.0,36.012187115600135,36.1,33.4,30.4,31.0,30.6
1910.0,33.554303508073126,33.4,31.9,32.2,31.1,31.9
1911.0,27.79883923773005,27.5,25.3,25.1,25.0,25.7
1912.0,26.797643595677837,26.2,26.8,24.0,23.7,23.3
1913.01,30.196238952501737,29.7,30.0,30.0,29.6,29.5
1913.02,30.778931384041037,30.5,30.0,24.9,24.5,21.8
2001.0,32.2104794701408,31.9,31.2,31.7,31.0,31.8
2002.0,32.533637430434055,32.1,32.8,32.3,31.4,32.2
2003.0,28.693643630078444,28.5,26.2,27.4,24.3,26.6
2004.01,34.08131800277876,33.8,33.1,31.9,33.6,33.1
2004.02,29.380848490620963,28.9,27.8,28.2,31.4,29.3
2101.0,32.33970277812503,31.7,34.4,34.0,32.0,33.5
2104.0,30.988196425768677,30.5,31.3,30.8,29.5,29.3
2105.01,30.456473034839885,30.0,30.3,29.4,28.6,29.1
2105.02,30.486625761583987,30.0,30.3,29.6,29.7,32.1
2106.01,34.10243871728186,33.9,33.1,33.8,32.0,30.9
2106.02,31.00996646485873,30.6,30.5,30.1,29.6,30.4
2107.0,36.875427699457724,36.9,34.7,35.1,34.6,33.3
2108.0,33.41567368905502,33.3,31.3,31.4,30.9,28.6
2109.0,34.44862834196443,34.2,33.9,34.5,32.8,32.6
2203.0,31.179196753935944,30.7,30.9,31.9,31.8,31.6
2204.0,32.71105439515025,32.2,33.2,32.6,33.4,36.1
2205.0,30.996970102360596,30.5,31.0,31.6,31.0,30.7
2206.01,32.2386167254252,31.9,30.8,33.5,33.8,31.7
2206.02,32.251494051367914,31.7,33.4,32.1,31.5,31.7
2207.01,31.27450304051863,30.8,30.8,30.8,32.1,32.2
2207.02,27.464811199307352,26.7,27.6,29.2,31.1,33.1
2209.01,29.362097212640794,28.9,28.7,30.6,28.7,29.8
2209.02,32.02803523772852,31.8,30.9,29.8,28.0,24.7
2210.0,29.739359404331037,29.1,30.8,30.3,29.1,27.6
2211.0,31.522971469130905,30.9,32.1,32.3,34.1,34.2
2212.0,31.099985350866092,30.6,31.0,31.9,31.7,32.1
2213.0,32.283974016695495,31.8,32.6,31.5,32.0,31.6
2214.0,31.29278356965611,30.9,30.6,29.8,30.1,29.1
2215.0,38.79491805639572,38.5,39.7,36.1,38.2,34.7
2216.0,31.405026304326935,31.0,31.1,31.2,29.9,29.8
2222.0,32.42962073701926,32.1,32.1,31.6,29.8,29.1
2225.0,34.844115207030114,34.7,34.5,31.3,28.8,28.3
2226.0,31.248210142458184,31.0,29.1,30.6,30.6,32.2
2227.0,29.265373281417983,28.4,31.4,31.3,31.8,31.2
2228.0,30.02417930998056,29.6,29.0,29.8,29.7,33.0
2229.0,31.102798799766518,30.7,30.2,35.1,32.4,28.3
2301.0,29.075097278134244,28.4,29.1,30.1,32.1,34.6
2302.0,28.473170592233814,27.7,29.1,30.2,32.0,30.9
2303.0,26.58018922997667,25.9,26.5,27.5,27.1,29.5
2304.0,33.674597031158164,33.2,34.7,33.1,32.6,33.2
2305.0,29.92440260226564,29.9,25.9,24.5,25.5,25.5
2306.0,28.728062316849677,28.2,28.3,29.6,28.4,28.3
2307.0,30.977632272551794,30.7,29.2,30.3,29.7,27.6
2308.0,34.11538596484426,33.6,35.7,35.4,33.6,32.1
2309.0,32.91343356816732,32.7,31.4,32.2,31.2,31.1
2311.0,32.25700236173763,31.8,31.9,37.2,35.1,31.1
2312.0,29.936457692155482,29.7,27.6,30.9,28.5,27.6
2315.0,28.26197496513892,27.8,25.7,29.0,32.1,29.0
2402.0,36.253417828133806,36.0,36.3,34.4,34.4,34.7
2403.0,32.96010317285558,32.5,33.1,32.4,33.4,34.7
2405.0,32.68752241313061,32.4,31.8,31.3,30.7,30.6
2406.0,32.285168103206686,31.9,31.9,31.8,31.4,30.8
2407.0,31.594562479797172,31.1,31.9,31.0,30.9,29.4
2408.0,33.279722419294075,32.7,35.1,34.8,33.0,29.4
2409.0,35.03783533590169,34.6,35.2,36.0,37.7,39.2
2410.0,31.260633658827476,30.8,30.9,28.9,30.7,29.0
2411.0,30.937578422877543,30.4,31.3,30.5,30.6,29.2
2412.0,30.754929776870885,30.4,29.7,29.1,28.9,27.9
2413.0,30.509932659802462,30.0,30.4,31.2,30.7,31.1
2414.0,31.716080018338886,31.4,30.6,32.4,30.8,30.7
2415.0,29.992910819924266,29.4,30.2,29.4,30.6,29.5
2416.0,29.863451732694358,29.4,29.2,28.8,29.1,29.0
2420.0,32.04999949160346,31.6,31.7,33.5,33.3,30.8
2421.0,31.43176267667414,31.0,30.8,30.7,31.6,30.9
2422.0,30.029500997496058,29.5,30.1,29.6,29.3,29.3
2423.0,33.443620099967696,33.3,31.5,31.3,31.2,30.0
2424.0,33.147030271564056,32.8,32.5,32.4,32.9,33.2
2425.0,31.761014416562766,31.4,31.1,30.3,30.1,31.4
2426.0,32.04051038834234,31.6,32.0,33.4,32.0,32.3
2427.0,34.14429616331292,34.0,32.7,30.5,30.7,26.2
2428.0,32.42851580562873,31.9,32.9,35.9,34.5,32.5
2429.0,33.594692668856084,33.2,34.0,32.0,31.7,31.8
2430.0,36.07227593437721,36.3,32.4,33.1,31.2,30.0
2431.0,32.487453089936935,32.2,31.7,32.2,30.3,31.7
2432.0,31.111034679307682,30.7,30.4,31.5,30.9,32.4
2433.0,33.71731244294306,33.4,33.1,32.1,32.9,32.2
2434.0,33.41995888258314,33.0,33.5,35.0,34.1,34.0
2435.0,32.7682514418279,32.4,32.5,32.0,31.5,31.2
2502.0,28.744302973383157,28.4,26.2,28.1,29.2,28.5
2503.0,31.524005627797376,31.1,31.5,30.9,29.7,29.7
2504.0,40.31079423388501,40.2,40.5,38.7,38.7,38.5
2505.0,37.858644871633246,37.5,38.6,39.4,39.9,37.5
2506.0,36.92740160290139,36.8,36.4,36.4,34.4,32.2
2507.0,35.483011015889815,35.2,34.6,33.3,36.4,34.0
2508.0,37.844554089567715,37.7,39.1,34.8,30.5,29.0
2510.0,31.143779591055,30.6,33.1,38.1,28.6,26.7
2511.0,37.79314943779253,37.7,36.7,37.7,37.2,35.7
2512.0,34.85165646658603,34.2,37.8,34.5,34.4,34.9
2513.0,40.25991124348494,40.4,39.1,36.9,34.9,34.9
2514.0,40.068489506487815,40.2,37.9,39.2,38.7,37.6
2515.0,36.28011609400342,36.3,35.1,30.1,28.9,28.4
2516.0,35.56435922120649,35.7,33.4,34.9,28.8,32.9
2517.0,30.345198942354735,29.9,28.5,29.2,33.3,35.0
2518.0,27.214625988083036,26.3,28.9,29.0,30.1,29.7
2519.0,26.373199574595795,25.7,25.2,30.8,31.0,32.5
2520.0,31.36794659353577,31.2,28.8,29.4,29.4,31.1
2521.01,33.01508280627722,32.4,33.3,37.4,39.2,39.8
2521.02,33.321652931914386,33.2,30.5,30.1,32.7,34.5
2522.01,45.90622289859259,46.1,45.2,45.9,45.3,44.9
2522.02,28.027257780277466,27.5,27.0,28.5,28.6,30.9
2601.0,37.00837225165918,37.8,29.5,28.0,26.8,26.6
2602.0,25.832480208085613,25.3,25.3,26.9,22.6,25.2
2603.0,32.647761906727816,32.7,28.9,28.7,28.8,30.3
2604.0,27.27471377176787,26.8,25.2,26.8,28.4,30.3
2605.0,32.897255820869304,32.3,33.1,33.3,37.4,44.2
2606.0,27.894014715764854,27.6,25.6,24.5,24.2,22.9
2607.0,29.249916399990422,28.6,30.5,30.6,28.0,27.0
2608.0,32.764033787087854,32.6,31.0,28.9,29.2,30.0
2609.0,29.352689666514674,28.9,28.6,27.2,27.6,28.2
2610.0,27.05821946305168,26.6,25.8,25.4,24.5,24.6
2705.0,28.896978367005055,28.6,27.3,27.1,24.8,26.3
2712.0,37.817518667848496,37.7,37.1,36.2,36.3,35.1
2713.0,25.34736036727355,24.6,25.0,28.7,28.0,37.6
2714.0,34.79777156574542,34.3,37.1,30.1,30.4,26.3
2715.0,31.5412529443942,31.1,31.3,35.2,32.3,35.6
2718.0,25.573934327519922,24.9,28.0,25.4,16.5,16.5
2801.0,31.89457854839356,31.5,31.4,31.2,31.1,31.1
2804.0,26.552614710978045,25.6,28.2,31.8,31.0,33.1
2808.0,34.517028578669986,34.4,31.5,35.7,37.2,38.0
2809.0,30.47536766191986,30.3,30.1,29.8,21.2,24.5
2819.0,30.509280502893095,30.1,29.3,30.9,31.1,30.9
2827.0,30.16388552669382,29.8,28.6,28.6,29.5,30.0
2828.0,30.68888320220037,29.9,32.8,32.3,32.6,32.6
2831.0,26.440953224015377,25.8,25.9,27.7,27.2,27.5
2832.0,28.537948127607272,27.9,28.4,29.1,30.2,30.5
2838.0,32.89088716796914,32.5,32.8,32.2,31.9,31.8
2909.0,27.145912996672177,26.3,29.6,27.0,24.9,25.1
2912.0,24.017351604989795,23.5,22.3,21.3,20.7,19.8
2916.0,38.38336385429757,38.1,42.0,39.9,29.8,28.4
2922.0,30.889640316982952,30.1,32.3,32.0,35.1,34.1
2924.0,28.671890530257663,28.3,25.5,26.4,31.3,29.7
2925.0,31.100442891010506,30.9,27.7,32.3,33.4,35.7
3005.0,28.840934604515745,28.5,27.6,27.2,24.9,25.5
3006.0,29.827168604093814,29.4,29.3,29.3,27.7,25.7
3007.0,26.396914264910766,25.8,25.2,26.5,27.5,27.1
3008.0,26.344983186463722,25.3,28.8,30.9,30.5,30.2
3009.0,30.725876950351143,30.3,30.6,30.0,28.3,26.2
3011.0,25.81670603136659,25.2,24.9,25.5,25.8,26.0
3012.0,29.44062644088936,29.1,27.6,29.1,28.5,28.2
3016.0,28.286533106225786,27.7,28.8,27.3,25.6,25.5
3017.01,28.174726431843933,27.5,28.7,28.1,28.2,25.8
3017.02,29.467580843564303,28.9,30.3,30.6,27.3,26.9
3018.01,32.46477489360933,32.3,30.6,32.7,30.2,28.2
3018.02,28.513986600681374,28.4,24.6,23.7,24.9,25.5
3018.03,27.621488913186827,27.2,26.0,26.3,25.9,26.7
3102.0,34.702527697818205,34.2,36.3,36.1,34.5,29.6
3103.0,33.078747274183755,32.7,32.6,33.1,33.4,32.6
3104.0,31.959817981906106,31.4,32.5,33.0,33.4,31.7
3105.0,29.855511171587686,29.4,29.8,29.6,27.2,27.5
3106.0,32.7155780637693,32.4,32.0,31.5,31.1,31.0
3107.0,30.191509433582503,29.7,30.0,33.0,30.4,29.0
3108.0,30.58572860709051,30.2,29.6,29.5,29.4,29.9
3109.0,30.03747337374482,29.7,28.6,28.0,27.9,28.1
3201.0,40.49641656965046,40.5,40.7,39.5,35.9,37.1
3204.0,21.914152783461418,21.1,21.5,21.6,21.5,21.4
3206.0,31.447240588832862,31.0,31.0,31.0,31.6,31.8
3301.0,34.83110109524754,34.5,34.6,34.7,35.0,35.4
3302.0,41.95246644407353,42.1,41.3,37.4,36.4,35.7
3403.0,44.34072018835918,44.7,41.6,41.8,42.6,39.6
3404.0,41.116570891304384,40.9,42.3,34.7,38.9,37.2
3405.0,43.58400948618256,43.3,44.4,50.2,51.6,49.6
3406.0,34.82780588728339,35.6,24.3,24.6,31.7,39.0
3501.0,33.009353681134584,32.3,35.3,34.1,34.6,34.5
3504.0,21.312106972039118,20.5,21.3,20.8,18.8,18.4
3510.0,36.605828759512924,36.4,36.5,32.1,33.4,32.0
3511.0,23.740495762976153,22.8,25.4,24.1,22.9,24.4
3514.0,38.386152405052165,38.4,37.3,35.7,34.5,31.9
3515.0,26.643021706090124,25.8,25.9,25.7,33.5,39.4
3602.0,26.132278873411423,25.3,25.4,25.7,32.2,32.9
3801.0,40.15730024012632,40.0,40.4,39.6,39.9,37.8
3802.0,62.027324939348404,62.7,63.5,52.7,56.6,62.1
3805.0,24.295810497180536,23.7,24.2,23.7,19.2,14.5
3807.0,51.28042751058766,52.3,49.7,49.6,35.0,38.4
3812.0,38.379712618903575,38.3,37.9,38.1,36.1,37.3
3814.0,28.733816333716625,28.0,28.3,29.7,34.5,31.9
3815.0,41.74458904155063,43.0,35.7,50.1,24.5,41.5
3817.0,1.497065324279312,0.0,0.0,0.0,0.0,0.0
3818.0,35.20916638451111,34.7,37.1,34.8,34.3,33.8
3819.0,40.235833559836756,40.5,40.1,39.4,28.8,27.7
3901.0,37.52010507166473,37.3,37.7,36.7,36.1,36.1
3902.0,36.88347295970424,36.4,36.3,34.7,44.4,44.8
3903.0,34.25502037374122,34.1,32.8,32.2,31.8,37.0
3904.0,42.333704356033294,42.3,42.8,41.4,40.2,35.8
3905.0,37.51130286137743,37.2,37.8,38.2,38.9,38.8
3906.0,39.457833180254305,39.6,37.0,35.9,37.1,36.1
3907.0,34.15967153511621,33.8,33.8,39.4,36.5,36.9
4003.0,30.53154524284585,29.8,32.3,32.3,31.7,33.1
4004.0,32.62544724219066,32.1,32.7,32.4,34.9,34.6
4005.0,24.369115772179956,23.4,23.6,24.3,32.6,29.5
4008.0,27.519915302430665,27.1,25.8,24.2,25.3,23.1
4101.0,33.135925672961875,32.7,31.9,35.4,38.3,36.9
4102.0,27.106354119052057,26.6,25.9,25.9,26.0,29.3
4105.0,28.39720110036768,27.7,28.3,27.7,31.1,29.1
4106.0,30.585137473586496,30.0,31.2,31.6,30.9,31.1
4107.0,31.238349283760176,30.9,30.6,32.2,29.0,30.4
4108.0,31.679855080821284,31.2,31.5,32.4,32.6,33.6
4109.0,37.30685092443281,37.0,38.0,39.7,37.6,31.6
4110.0,45.10838113800154,45.3,44.6,45.1,43.0,41.8
4111.0,33.434672116659755,33.0,33.7,33.2,33.4,33.3
4112.0,37.89116092113115,37.6,38.7,39.5,37.8,38.7
4201.0,47.83697328787216,48.4,48.1,39.0,32.8,36.5
4202.0,25.839040781905464,24.4,31.2,30.9,32.0,31.5
4203.0,21.41426146997907,20.6,20.4,20.8,22.2,22.9
4204.0,33.11265575752883,32.8,32.3,33.5,32.7,31.9
4205.0,37.202931740207276,36.9,38.1,35.8,35.4,28.7
4206.0,25.72206417032074,24.9,25.6,30.0,30.6,32.6
4207.0,33.06019164769428,32.3,35.0,38.5,38.7,37.4
4208.0,29.293612225953456,28.5,30.3,30.4,33.0,30.6
4212.0,31.036158122792408,30.5,29.9,31.6,35.8,37.4
4301.01,33.087354371071086,33.0,31.3,28.2,27.4,27.7
4301.02,35.38490719100525,35.3,33.2,35.2,35.1,39.3
4302.0,33.98740145419795,33.4,34.0,36.3,40.7,40.3
4303.0,28.917710741934712,27.7,32.0,32.8,39.0,37.1
4304.0,28.95637314534332,27.7,33.2,32.3,36.4,37.2
4305.0,34.06756869273528,33.8,32.8,34.8,35.0,32.3
4306.0,28.606916220731215,27.7,28.9,32.0,37.8,39.5
4307.0,41.40770782203108,41.3,43.4,40.6,35.6,35.0
4308.0,43.65711088501496,43.8,43.8,41.1,38.4,37.3
4309.0,40.05732060340006,40.0,41.3,40.1,33.8,34.4
4312.0,41.956968319823496,41.6,44.3,43.6,43.8,44.0
4313.01,33.00050954446574,32.9,29.7,28.9,32.6,35.7
4313.02,30.121027623335,29.5,31.2,31.5,29.6,24.6
4314.0,45.77620264825987,45.9,45.9,43.7,43.8,42.0
4401.01,34.08264334732865,33.8,34.6,32.1,29.0,30.4
4401.02,35.27226879675476,35.1,34.8,38.7,33.2,32.7
4402.01,36.626794802414565,36.4,35.7,32.0,36.6,39.2
4402.02,43.18937667231183,43.0,43.8,44.8,47.0,47.2
4403.0,50.12143510953055,50.5,49.5,47.9,48.1,45.6
4406.0,44.77108103398604,44.8,44.8,44.6,45.3,45.0
4407.0,49.21774218409662,49.4,50.5,45.4,45.4,41.6
4408.0,38.00892112988893,38.3,34.7,36.2,32.8,32.9
4409.0,36.23745380067958,36.0,35.7,39.9,37.5,36.5
4503.0,43.32975607666561,43.3,43.8,43.5,42.6,43.0
4601.0,31.254492472560102,30.8,31.2,30.0,29.9,32.1
4602.0,29.29589385509511,29.0,27.7,27.7,25.7,26.5
4603.01,37.04125376665487,37.0,36.8,35.2,30.8,29.6
4603.02,27.520400703098964,26.6,29.5,30.2,30.3,29.5
4604.0,45.68138490731502,45.8,45.5,46.4,45.6,41.9
4605.0,47.48787297768773,47.6,47.9,48.3,47.9,47.3
4606.0,40.03630193830587,40.6,34.3,33.1,35.2,36.0
4607.0,23.677910299643603,23.3,20.6,22.4,20.6,20.9
4610.0,38.703327847783314,38.1,40.2,40.7,46.7,48.2
4701.0,38.535940343113595,38.4,40.3,37.8,30.9,35.9
4801.0,50.13401289552125,50.5,49.3,52.7,50.7,50.9
4802.0,49.427229837827355,49.6,50.5,47.5,47.4,48.2
4803.0,46.57415311048621,46.9,46.2,45.2,41.4,43.5
4804.0,47.689245627118616,47.9,47.3,48.0,47.8,46.4
4805.0,39.704862755928936,39.6,40.6,37.2,34.7,36.6
4903.0,44.41355143306919,44.4,42.8,42.3,50.3,48.7
4904.0,45.45068028903136,46.0,43.6,44.0,37.0,37.1
4905.0,38.263727744365156,38.0,39.4,39.0,36.5,34.1
4906.0,43.4164894643347,43.3,43.4,49.0,48.6,43.9
4907.0,40.9991326545349,40.9,41.1,42.7,41.2,41.4
4908.0,41.270203380563075,40.6,45.8,42.2,44.4,44.2
4909.01,35.54765653145315,34.7,40.8,41.0,36.3,37.2
4909.02,41.63718878501591,41.2,43.1,40.1,47.2,36.4
4910.0,29.110855238835875,28.6,28.3,27.7,29.2,28.3
4911.0,43.98061624711152,44.2,42.5,42.8,42.4,40.5
4912.0,40.88838575122603,41.5,35.4,35.9,35.5,35.4
4913.0,37.48475405195524,37.1,38.6,39.1,38.7,37.2
4914.0,36.32832543765324,35.9,39.4,40.4,32.1,29.4
5001.0,42.805105442804525,42.8,43.0,43.3,41.7,41.9
5002.0,32.41357415879351,32.0,32.7,31.6,30.3,28.2
5003.0,40.96560527433184,41.0,40.1,41.6,39.9,39.2
5101.0,33.25169665009015,33.1,31.7,29.9,29.4,29.0
5102.0,46.10246173644665,46.7,43.5,40.7,38.1,38.0
5103.0,40.41993665031094,40.2,41.3,41.7,40.9,39.4
5201.0,27.479372014558493,27.1,25.1,32.6,28.8,32.5
5202.0,23.175605111765893,22.4,22.6,26.2,24.7,23.5
5203.0,30.244234350864183,29.7,30.2,29.0,30.3,28.4
5204.0,33.24891155834862,32.4,36.3,35.8,37.3,35.0
5205.0,39.22189103986536,39.1,39.3,39.8,37.7,36.7
5206.0,35.18891949884967,35.0,33.8,34.3,35.0,32.3
5301.0,29.93354825973804,29.2,30.8,30.5,32.9,31.1
5302.0,32.68356727410144,32.7,29.1,26.2,28.6,27.8
5303.0,39.49162694358291,39.2,41.4,42.8,38.4,36.5
5304.0,38.155073873577074,38.0,38.1,37.6,36.4,34.8
5305.01,36.059153883463786,36.1,34.9,30.7,28.0,29.1
5305.02,40.6405036503952,40.5,40.6,44.6,42.8,41.3
5305.03,38.5993382513581,38.3,39.8,39.1,38.0,37.5
5306.0,37.336832891410516,37.1,38.5,33.7,32.2,31.5
5401.01,20.92283624602667,20.2,18.7,20.5,22.3,22.4
5401.02,22.433862921915466,21.5,23.2,22.3,22.5,21.3
5501.0,40.45500255039543,40.6,39.3,37.2,35.2,35.0
5502.0,37.85978319134884,37.4,39.9,38.8,38.6,38.2
5601.0,39.74959282952487,39.3,43.1,36.6,37.0,36.9
5602.0,44.90904386670282,45.9,38.9,37.5,34.0,33.5
5603.0,34.73615667830588,34.6,33.3,33.5,32.5,34.5
5604.0,36.0435673171805,35.9,34.8,34.6,34.9,33.1
5607.0,36.74791393802061,36.3,37.9,36.4,38.2,35.9
5608.0,37.71923208715788,37.5,37.3,38.8,39.0,37.2
5609.0,42.30464546325515,42.2,42.7,42.8,42.9,43.6
5610.0,41.25037884985732,41.0,43.5,42.2,39.2,35.5
5611.0,37.31277273263306,36.9,38.1,39.0,40.2,40.2
5701.0,33.97980015881819,33.9,30.9,30.7,33.7,28.8
5702.0,39.04991430258508,39.0,40.1,35.7,30.9,32.1
5703.0,29.109432787076795,28.6,28.8,26.2,27.1,28.3
5704.0,32.087273641226716,31.8,31.8,33.2,28.3,28.3
5705.0,33.75803583828675,33.4,33.2,30.9,33.6,27.2
5801.0,32.22360192303431,32.0,31.5,29.6,26.9,29.0
5802.0,31.47953254211113,31.0,32.7,31.4,27.5,27.5
5803.0,35.53848409000482,35.5,35.1,30.4,27.0,26.2
5804.0,35.340734141906026,35.2,34.0,33.0,33.3,33.6
5805.01,32.01829251697085,31.9,29.7,32.3,29.3,27.9
5805.02,30.111372525970744,29.6,30.6,30.2,27.8,28.0
5806.0,28.632364006236873,28.3,26.8,25.9,25.7,25.9
5807.0,28.11765538659521,27.7,26.9,27.1,25.7,26.8
5808.0,29.674416684503093,29.5,26.9,28.2,26.7,27.0
5905.0,34.627547878868896,34.4,33.5,34.4,34.3,34.9
5906.0,32.94183522535922,32.6,32.3,31.0,31.9,35.7
5907.0,30.956706085847202,30.6,30.3,27.3,27.5,28.0
6004.0,34.38427325014657,34.0,33.3,35.3,38.6,39.2
6006.0,35.639864835111865,34.7,40.5,39.1,39.8,39.4
6007.0,40.85178676440635,40.8,41.5,36.1,35.7,35.5
6009.0,33.43064386958563,33.3,31.7,33.4,30.8,31.6
6103.0,26.612297439867355,25.9,26.9,28.6,27.3,27.5
6104.0,26.430660124565843,25.7,26.2,28.2,29.0,29.2
6108.0,31.990243110156936,31.4,31.5,31.8,37.2,35.0
6110.0,31.76129184923566,31.7,28.4,23.5,27.6,22.5
6111.0,30.42096851370194,30.5,26.0,27.2,25.5,24.8
6112.0,28.973503895786383,28.5,28.5,26.8,26.5,27.0
6113.0,31.302859986883796,31.2,29.5,26.7,24.1,27.3
6114.0,27.496552684927316,26.9,27.5,26.6,25.8,24.7
6115.0,31.169408465192166,30.8,31.4,28.6,25.9,26.8
6116.0,25.1627506213527,24.5,24.6,27.3,25.4,26.3
6117.0,32.97895138047858,33.0,29.2,31.1,31.2,31.5
6118.0,28.623812090543694,28.4,26.0,27.2,25.4,24.5
6119.0,25.664283717150514,25.1,25.0,24.3,22.8,22.9
6120.0,29.76161560622732,29.2,30.2,28.7,28.3,26.1
6121.0,36.821250892051474,36.3,38.9,32.1,36.2,38.2
6201.0,30.781184255440106,30.2,31.0,31.0,32.2,32.9
6202.0,34.91049758944435,34.9,32.4,31.6,31.9,30.5
6203.0,31.724104070287883,31.2,31.9,32.2,32.8,33.0
6204.0,30.975741046746556,30.5,30.6,28.4,30.5,30.8
6301.0,29.345336017394498,29.3,25.6,29.3,25.7,27.0
6302.0,33.93360458478585,33.8,33.0,32.4,29.0,29.4
6303.0,28.53459032481768,28.0,28.2,27.3,27.2,27.5
6304.0,27.136492779938504,26.5,27.2,25.0,25.6,26.4
6305.0,29.73017451771874,29.3,29.2,28.0,27.2,25.0
6308.0,30.232959938621423,29.8,29.5,29.7,29.4,29.3
6309.0,29.02346884315306,28.6,27.8,27.8,27.8,27.9
6401.0,35.10719630416011,34.3,37.1,37.8,43.5,43.5
6403.0,37.62632142905108,37.5,37.1,33.7,34.8,35.4
6404.0,39.165050695185435,39.2,37.2,37.6,38.7,35.9
6405.0,38.81292438679629,38.4,41.3,38.5,37.5,36.6
6406.0,34.86311592850004,34.8,32.9,34.6,32.6,30.0
6407.0,35.030355099751134,34.8,34.6,35.2,33.2,33.8
6408.0,30.810537479071233,30.6,29.0,26.8,26.4,26.3
6501.0,30.69161401136283,30.3,29.9,29.0,29.0,28.9
6502.0,32.397805060751374,32.2,30.4,29.7,30.5,29.4
6503.01,32.04456618153033,31.7,31.3,30.9,30.6,30.8
6503.02,31.645864094215405,31.0,32.8,31.4,32.9,32.8
6504.0,30.67950648363482,30.4,28.9,28.1,28.5,26.2
6505.0,34.15807464016395,33.9,33.1,34.7,34.2,34.3
6603.01,20.99294400697209,19.9,22.7,22.2,21.5,18.9
6603.02,30.839259352476944,30.6,29.0,28.4,27.9,28.5
6604.0,28.007329715579743,27.6,26.4,28.3,26.8,27.6
6605.0,30.18610510632905,30.1,26.8,26.7,26.5,26.1
6606.0,30.851913929939382,30.6,29.8,24.9,24.7,24.4
6607.0,32.65230310058409,32.3,31.9,32.2,32.4,31.3
6608.0,30.0770528326053,29.7,29.0,28.3,28.1,27.6
6609.0,35.62398582277583,35.5,34.8,31.4,31.2,31.2
6610.0,33.44285128933453,33.1,32.8,33.6,33.7,33.2
6611.0,32.15559887763568,31.8,31.3,31.9,31.8,32.6
6701.0,26.393680169318404,26.2,20.9,19.8,27.0,33.1
6702.0,28.566075089427244,27.4,34.3,27.8,26.9,37.5
6703.0,32.39239979379363,32.6,29.7,30.1,20.9,20.6
6704.0,31.142309773713123,30.7,30.5,31.0,31.5,31.4
6705.0,41.48734108305508,41.6,41.9,35.8,32.7,36.1
6706.0,31.40383549926245,31.0,30.7,32.4,31.5,32.9
6707.0,32.673736929950365,32.8,27.3,32.5,33.0,33.0
6708.0,32.10372769853532,31.7,31.6,32.8,32.3,30.8
6709.0,35.51858716691119,35.2,34.8,35.5,37.7,34.0
6711.0,25.740851035836226,24.7,28.8,24.8,25.4,25.0
6712.0,32.43603715711579,32.0,32.7,32.0,31.2,22.9
6713.0,37.98950982545579,37.8,38.0,32.0,35.1,33.7
6714.0,42.30170291407057,42.7,39.8,37.1,35.4,37.9
6715.0,33.676797593744816,33.5,33.0,28.4,27.7,28.1
6716.0,44.81140009521643,45.5,40.3,39.4,38.6,36.0
6718.0,30.39472100140261,29.3,35.5,37.2,33.2,30.8
6719.0,35.078877463242655,34.8,34.7,34.1,34.2,33.6
6720.0,37.65919575372967,37.4,37.4,35.5,38.5,33.6
6805.0,26.318214773530823,25.9,23.6,25.3,26.5,28.4
6806.0,26.29228459761216,24.9,30.5,30.3,34.9,39.0
6809.0,34.92120670603321,34.4,36.1,33.7,36.0,36.1
6810.0,35.943922003981434,35.7,37.0,35.1,30.6,34.6
6811.0,29.69035972873688,29.3,28.0,28.0,29.6,30.5
6812.0,27.805417022743626,26.9,31.3,27.6,24.8,25.8
6813.0,35.13813896123497,34.3,38.4,36.3,40.0,38.3
6814.0,34.93019495357329,34.9,33.3,33.0,30.2,33.8
6903.0,33.55194467979115,32.3,40.0,40.7,40.6,41.5
6904.0,40.59736192764003,40.7,38.9,38.1,38.7,37.9
6905.0,31.822128897405566,31.8,29.4,24.7,24.0,24.3
6909.0,37.891233267038174,37.1,41.5,41.1,44.2,39.1
6910.0,41.716300207098435,41.8,39.6,39.8,43.2,42.4
6911.0,31.43245226549322,31.2,29.4,29.3,29.7,25.9
6912.0,31.87380150512276,31.3,32.6,30.3,32.2,30.9
6913.0,39.83523939524573,39.8,37.6,42.1,44.3,44.4
6914.0,46.75811914253271,46.7,49.5,39.5,41.4,41.0
6915.0,38.08843054687205,39.0,28.6,28.6,31.7,30.3
7001.0,35.59282513573974,35.4,36.1,32.7,29.4,27.6
7002.0,32.02174445853656,32.0,28.5,28.4,29.0,30.1
7003.01,33.925388429325665,33.6,33.4,32.3,33.3,31.9
7003.02,35.092123759810555,34.8,34.0,33.0,36.5,36.3
7004.01,33.00672865231856,32.6,32.7,34.2,33.9,32.3
7004.02,36.208345159853515,35.7,38.8,35.0,34.0,34.1
7005.01,45.49467718667368,45.6,45.7,46.0,44.3,43.7
7005.02,43.22157008130859,43.4,42.0,43.5,41.6,43.4
7101.0,29.15279613425355,28.9,26.3,28.9,28.5,29.5
7102.0,31.66792936277352,31.5,29.5,26.9,27.9,26.2
7103.0,39.84052724531186,39.8,39.6,39.6,37.4,30.1
7104.0,41.9601885732389,42.1,40.5,40.9,40.3,36.8
7105.0,37.809404112672944,38.0,33.5,32.4,37.3,37.4
7106.0,30.191270283923686,29.8,30.0,32.2,27.2,27.1
7107.0,47.49858784612498,48.3,42.9,42.0,41.4,37.2
7108.0,39.395156180365845,38.7,43.0,40.5,44.0,43.3
7109.0,31.14350004068688,30.9,30.6,30.2,25.1,23.9
7110.0,43.36731102937491,43.5,43.4,38.9,37.8,38.0
7111.0,43.19472716508064,43.7,41.1,40.7,33.8,33.9
7112.0,41.521253522414746,41.2,43.9,43.2,41.7,42.2
7113.0,38.56902604589356,38.6,36.9,35.8,36.2,39.4
7114.0,43.83215558730732,44.0,43.3,44.8,41.3,42.0
7115.0,44.26139159347479,44.5,43.8,44.8,39.8,33.1
7201.0,45.144859243524884,45.5,42.6,42.1,43.7,43.9
7202.0,43.921844371305006,44.0,44.5,43.2,40.1,40.2
7203.0,44.36430420660341,44.4,45.1,43.9,41.9,43.8
7204.0,38.87512106608974,38.6,39.9,40.8,38.9,37.5
7205.0,39.41465083916416,39.4,38.5,39.4,37.9,37.5
7206.0,42.55767836280931,42.5,42.5,44.0,43.8,43.7
7207.0,42.624051710532065,42.9,40.0,37.8,40.2,38.2
7301.0,41.13837621097114,40.9,42.4,45.5,42.8,43.7
7302.01,39.09159740044439,39.2,38.1,39.0,33.8,33.7
7302.02,41.65111999976108,41.4,42.0,42.4,46.0,45.8
7303.0,35.42391380373689,35.0,35.9,35.3,36.8,42.3
7304.0,44.998634107815384,44.8,46.8,47.6,47.8,46.7
7305.0,47.219614795889854,47.5,46.5,44.2,44.7,40.7
7306.0,52.08799442021829,52.4,52.1,50.0,52.4,45.7
7307.0,39.95206430263218,40.2,37.2,36.4,36.0,32.5
7401.0,36.65707456567985,36.5,35.9,35.5,35.2,36.1
7402.0,35.27504013668214,34.8,35.6,37.8,39.3,37.7
7403.0,39.655041784352726,39.5,40.0,37.8,38.0,37.5
7404.0,35.52932711106063,35.2,34.7,36.8,38.8,36.7
7501.0,42.373124288662616,42.6,40.5,33.7,37.5,38.8
7502.0,44.70579428276794,44.7,46.0,43.9,42.0,38.9
7503.0,41.100053475269505,41.3,40.3,35.1,33.0,32.5
7504.0,40.214484568685684,40.4,37.6,35.5,37.6,35.4
7505.0,47.21600571092462,47.7,44.3,42.6,45.1,44.3
7506.0,38.47936736877422,38.2,38.9,39.6,39.8,40.4
7608.01,34.34772095397529,34.1,33.5,33.8,33.3,33.5
7608.02,44.752331778313135,44.5,45.7,50.1,52.4,49.9
7608.03,37.37626370347223,37.4,35.6,35.4,34.4,35.6
7702.01,44.68201528760088,44.8,44.4,44.3,43.4,41.1
7702.02,46.94621274018282,47.1,47.4,46.0,44.8,47.1
7703.0,40.469016895458566,40.3,40.8,40.7,40.9,40.6
7704.0,37.3738029604956,37.0,38.0,39.7,39.9,37.4
7705.0,32.424650223700304,32.0,33.1,30.9,29.2,30.4
7706.01,48.38308664634915,48.6,48.4,48.2,47.7,42.6
7706.02,35.614383394748344,35.3,36.2,40.3,35.2,34.4
7707.0,40.873244634392556,40.9,39.1,39.1,42.0,42.7
7708.0,35.264755799336285,35.0,35.7,34.8,31.8,31.9
7709.01,45.412775640287066,45.5,45.3,44.2,45.1,45.5
7709.02,43.94002703072886,43.9,44.2,46.0,45.5,48.8
8001.0,44.75629697967464,44.8,45.0,44.4,44.1,44.1
8002.0,43.38249272448404,43.4,43.2,43.0,43.2,43.4
8003.0,40.7586241094967,40.4,42.6,43.0,43.0,41.7
8004.0,42.30412779832045,42.3,42.9,39.0,38.1,37.9
8005.0,41.32627886922805,41.3,41.3,40.3,39.3,42.5
8006.0,42.28072159368254,42.2,42.8,42.6,41.7,41.1
8007.0,42.19287060401539,42.2,41.7,42.8,42.2,42.2
8008.0,49.97756714135001,50.3,49.5,52.8,50.6,49.9
8009.0,42.708370638204336,42.7,42.6,43.4,42.6,44.0
8010.0,44.84697880700231,44.7,46.4,46.1,46.3,48.1
8011.0,40.32726190792698,40.0,42.0,40.8,41.1,40.5
8012.0,50.18389295679549,50.5,50.3,50.6,48.6,46.2
8013.0,43.386963009139116,43.4,43.3,43.5,43.2,43.6
8014.0,45.07780133814923,45.2,44.8,44.3,44.0,45.2
8015.0,50.43061022688912,50.9,49.2,49.7,48.5,49.4
8016.01,49.62489270062347,49.7,51.3,48.3,49.0,46.8
8016.03,40.01749556809798,39.8,40.6,40.1,40.5,41.6
8016.05,50.260829606630764,50.6,50.1,50.8,49.0,47.8
8016.06,48.030197055128035,48.1,48.9,49.5,49.1,50.9
8016.07,47.6387686790956,48.0,46.4,47.2,45.7,44.4
8016.08,55.63654177549942,56.0,56.9,55.4,55.3,52.5
8017.01,43.73483288313912,43.8,43.6,43.6,42.5,41.9
8017.02,39.43372421955475,39.3,39.2,38.8,39.1,39.2
8018.0,49.290997179012415,49.5,49.1,48.9,50.5,49.7
8019.01,51.21730186840261,51.6,50.7,52.6,51.2,52.4
8019.02,41.271197233541706,41.0,42.3,43.5,44.1,44.2
8020.02,43.39317591425636,43.5,42.2,43.4,43.9,44.4
8020.03,39.81608494830014,39.7,37.8,40.7,45.5,44.1
8020.04,38.415489452581824,38.2,37.9,37.9,40.2,40.5
8021.0,43.25161028687997,43.3,43.1,41.9,41.6,42.5
8022.0,46.905839531454134,47.2,46.5,46.3,43.4,43.4
8023.0,43.21449404279418,43.3,42.9,40.8,40.6,39.6
8024.02,37.43007028111383,37.4,35.8,39.7,37.0,38.8
8024.03,51.54645762477421,51.6,53.4,55.0,54.8,51.7
8024.04,36.737286515043905,36.4,36.9,36.9,38.2,38.9
8025.03,38.89875150342445,38.4,41.5,42.8,41.2,43.2
8025.04,38.43575638139289,38.4,37.6,38.0,36.0,35.5
8025.05,31.717619212788208,31.3,31.0,32.3,32.5,31.6
8025.06,34.23981769541166,34.0,33.5,33.4,32.4,29.7
8026.05,46.323198639137914,46.4,46.2,46.9,48.0,46.8
8026.07,44.97068113400928,44.6,48.8,44.7,45.5,40.5
8026.08,47.53952567733606,47.7,47.6,46.8,47.2,49.8
8026.09,31.8240057443395,31.6,29.8,31.0,30.7,30.6
8026.1,46.08171956571745,46.1,46.5,47.0,47.6,46.8
8027.01,40.41896427718776,40.2,41.1,38.6,40.5,42.5
8027.02,44.739937646743584,44.9,43.9,43.6,43.8,42.9
8028.01,39.75048971140497,39.6,39.1,40.7,42.1,41.3
8028.02,41.146988026010995,41.2,39.9,40.7,40.6,40.0
8029.0,43.384902017204034,43.4,44.4,44.2,39.9,41.7
8030.05,41.814404528984525,41.6,43.4,43.2,41.6,43.3
8030.07,49.638512011767716,50.2,48.3,43.9,42.8,42.1
8030.08,44.18766503970115,44.3,44.0,42.9,41.9,41.9
8030.1,43.01339056093403,42.9,43.4,43.1,44.6,44.6
8030.12,37.13805992958055,36.9,37.1,36.7,36.6,36.1
8030.13,43.726085044397315,43.6,45.3,43.5,42.7,42.6
8030.14,40.956117968300894,41.2,39.6,39.5,34.6,35.8
8030.15,47.64010952620896,48.0,46.5,47.1,45.4,44.3
8030.16,34.43498552829097,33.9,35.0,35.8,38.1,38.4
8030.17,40.084491102328904,40.1,39.1,37.9,38.0,38.2
8031.0,40.66533980975642,40.5,41.1,40.6,40.8,41.4
8032.0,49.438977742268804,49.7,49.1,47.3,49.2,47.7
8033.0,42.81857201605462,43.0,41.5,40.8,40.2,39.8
8034.0,41.60638336327171,41.5,41.7,40.0,41.7,41.6
8035.0,43.60565554512106,43.9,41.5,42.6,41.4,41.3
8036.03,47.419575825483335,47.8,46.0,46.9,45.2,44.9
8036.04,41.635612430214806,41.7,41.2,40.3,38.5,39.7
8036.05,39.20399911683414,39.1,39.1,38.2,37.2,38.3
8036.06,27.45759347886767,27.0,25.8,26.4,26.8,26.5
8036.07,42.11724568199665,42.2,41.7,40.3,38.8,39.0
8036.08,36.34017219902332,36.2,35.4,34.6,34.4,33.9
8036.1,35.89229648992259,35.7,35.3,34.9,34.1,33.5
8036.11,32.42030895036295,31.8,33.4,31.9,34.3,34.2
8036.12,28.077933075636444,27.3,28.2,29.3,32.7,30.2
8037.01,39.74403675801382,39.5,40.6,41.0,40.2,42.2
8037.02,45.44783974314137,45.7,44.1,41.7,43.4,39.8
8038.0,39.51998914619132,39.4,39.2,38.4,39.0,40.1
8039.01,45.246135241981364,45.2,46.0,45.5,46.4,45.6
8039.02,44.48589993186697,45.0,41.2,39.5,39.3,37.3
8040.0,43.776807119371135,43.8,43.9,43.6,43.0,39.9
8041.02,48.69994821068282,48.9,49.2,48.3,47.3,45.8
8041.04,42.95447933852316,43.1,42.2,41.0,39.8,40.2
8041.05,43.10020258481576,43.1,43.0,43.2,43.0,41.5
8041.06,42.772511070107605,42.8,42.4,43.1,42.4,40.9
8041.08,31.751953823115667,31.4,31.1,29.4,29.5,30.2
8041.09,50.42679120052833,50.7,50.6,50.5,50.1,49.8
8042.01,47.67314656354398,47.7,48.8,48.6,48.6,46.1
8042.02,42.393236729860085,42.3,42.3,42.6,44.2,44.7
8043.05,36.43519246736592,36.4,34.6,32.4,33.6,32.8
8043.06,34.457326030678246,34.3,32.6,32.8,33.7,33.2
8043.08,38.57930836093215,38.7,36.8,35.7,33.9,33.8
8043.09,34.927227779197196,34.8,32.7,31.7,34.5,30.6
8043.1,37.67265010586302,37.7,36.2,34.8,33.7,33.6
8043.11,37.07332499376013,36.9,36.7,36.6,35.6,34.4
8044.03,34.79918462834367,34.6,33.2,34.5,35.3,34.2
8044.04,33.135713259768266,32.7,32.9,34.3,34.8,35.9
8044.05,30.359525728079657,30.3,27.6,27.4,24.3,26.8
8044.06,35.40067952298337,35.2,34.6,33.7,33.7,33.9
8045.05,37.15809242688533,37.2,35.6,36.1,33.0,34.2
8045.06,44.2939845705551,44.5,42.4,40.7,44.0,39.2
8045.07,38.275951027201884,38.1,38.4,38.3,36.9,36.0
8045.08,30.873392021008087,30.4,30.4,29.5,30.9,26.0
8045.09,34.76062346506183,34.5,34.3,33.7,33.2,30.9
8045.1,30.303762006538456,29.7,30.9,30.1,30.5,30.6
8045.11,32.94958350538835,32.7,32.4,29.7,28.5,26.9
8046.03,32.5086643487558,32.1,31.9,32.4,33.4,30.8
8046.06,43.33472097321696,43.3,44.4,45.1,41.4,41.1
8046.07,44.04318238797666,44.1,43.9,41.9,42.8,40.9
8046.08,39.70964301047761,39.5,40.3,40.5,39.8,41.4
8046.09,36.949012252237445,36.8,36.0,33.6,35.5,37.5
8046.1,42.73739021287618,42.7,42.7,44.7,43.7,42.6
8046.11,44.69566529122493,44.7,44.7,46.6,46.6,45.9
8047.01,31.92133505285684,31.6,30.8,31.3,31.0,30.8
8047.05,37.06599533774917,36.9,36.1,36.5,37.2,37.5
8047.06,41.84521269408471,41.6,43.4,45.2,43.3,44.0
8047.09,41.080257703336216,41.3,39.0,37.9,37.3,37.8
8047.1,41.88852530563203,42.0,41.2,41.6,38.8,38.7
8047.11,30.90412186290927,30.5,29.9,31.4,31.2,30.2
8047.12,36.553188680812966,36.5,34.8,34.3,34.7,34.2
8047.13,32.4407633531326,32.3,30.3,31.4,29.9,29.8
8047.14,38.57403834911689,38.4,38.5,37.3,37.7,38.3
8047.15,31.000152923866292,30.7,29.7,30.6,29.0,31.9
8047.16,37.98976578432826,38.1,35.3,35.8,36.0,37.4
8048.03,40.659563774576796,40.8,38.9,40.9,38.8,38.0
8048.04,37.77444969903544,37.7,37.3,35.6,34.0,32.2
8048.05,38.477183520379754,38.3,38.3,37.5,38.0,38.8
8048.06,37.66509118598909,37.7,35.8,34.5,34.6,31.4
8048.07,40.13153102574823,40.1,39.7,37.8,37.7,39.3
8048.08,43.867342186096636,43.8,44.5,45.7,44.9,44.5
8048.09,44.0471665098255,44.1,43.8,43.3,43.7,43.6
8048.1,39.927483333950484,39.6,41.2,42.3,42.1,41.4
8049.01,43.5010552211665,43.6,43.3,42.1,40.8,40.3
8049.02,43.664015850749344,43.7,43.9,43.1,41.9,43.3
8050.01,46.84096354076561,47.0,47.0,46.7,45.6,45.9
8050.02,36.44716828793095,36.2,36.4,34.8,35.0,34.2
8051.05,31.741043752312006,31.3,31.6,31.3,31.1,31.2
8051.06,43.91381995883163,43.9,43.9,44.0,44.9,44.6
8051.07,31.531329217549924,31.1,31.1,31.5,31.4,32.0
8051.08,32.47817311842272,32.1,32.1,31.7,31.5,32.4
8051.09,46.75820497475096,46.9,47.2,46.5,45.0,46.2
8051.1,48.31127805484594,48.5,48.2,47.9,48.7,48.0
8051.11,34.46802944153307,34.1,34.6,34.8,34.3,34.4
8051.12,49.87115697079235,50.6,45.7,45.1,47.6,47.8
8052.01,50.66744987658181,50.8,52.1,52.3,51.3,51.2
8052.02,40.35794667847706,40.3,40.0,40.4,39.5,39.5
8053.01,50.76601438694686,51.2,51.6,48.2,43.2,43.6
8053.02,48.058456220745995,47.9,50.8,50.2,50.2,48.3
8054.01,46.73320510909679,47.0,45.5,42.0,45.1,46.4
8054.02,48.318947024094534,49.0,44.9,46.5,44.2,44.8
8055.01,45.059559228502984,45.1,45.4,43.6,44.2,45.3
8055.02,43.45016773769098,43.3,43.9,45.3,47.0,46.8
8056.0,41.07381373712583,41.0,41.1,39.8,39.9,40.4
8057.01,44.95354301568277,45.0,45.5,44.6,43.5,43.4
8057.02,43.513661180328214,43.4,44.0,45.2,45.9,45.3
8058.01,51.08517703900024,51.5,50.7,52.3,49.5,49.6
8058.02,41.16915431064868,40.9,42.7,41.4,41.6,39.2
8059.01,43.12504867748354,43.0,43.5,44.7,45.7,46.4
8059.02,47.0130213860566,46.9,48.8,48.9,49.5,49.2
8060.01,40.794744838454456,40.9,40.0,37.3,35.9,35.7
8060.02,37.871246874780354,37.8,37.0,35.5,35.3,36.6
8060.03,42.169643826226086,42.3,41.3,39.3,38.6,38.0
8060.04,43.271096361507475,42.9,45.4,46.3,48.2,46.6
8061.02,44.87332171861359,45.0,44.6,42.2,42.8,43.3
8061.03,46.34074868816702,46.7,44.4,45.5,45.0,44.6
8061.04,37.72366246810518,37.6,37.3,37.5,35.8,33.0
8062.01,34.58868115083235,34.1,34.3,36.4,39.9,38.9
8062.02,51.27553788086569,51.6,51.5,51.7,50.4,45.5
8063.0,41.584570186537896,41.4,43.3,42.3,39.6,40.0
8064.0,39.959782251735746,40.0,37.9,39.4,40.9,43.1
8065.01,38.38439900017905,38.3,38.7,36.7,33.3,32.2
8065.02,40.1474126449631,40.0,40.9,41.5,38.6,38.5
8066.0,40.02600245995079,39.9,39.7,41.4,41.1,39.8
8067.0,43.64996879192903,43.7,43.7,41.4,41.5,41.7
8068.01,51.440010968432645,51.7,51.5,52.9,53.5,50.6
8068.02,48.83429521900444,49.3,46.9,48.0,47.3,44.1
8069.0,50.50333910778019,51.1,47.7,47.4,49.1,48.0
8070.0,39.304027555849,38.9,41.2,41.9,41.1,40.9
8071.0,45.368482478084445,45.8,43.0,41.1,41.0,39.0
8072.0,43.26167223626993,43.6,40.5,42.2,41.4,40.9
8073.0,42.791636037232,42.7,42.6,42.9,45.3,40.6
8074.0,38.47933069900243,38.4,37.9,34.4,35.4,37.9
8075.0,43.81748881377688,43.7,44.7,42.6,44.5,45.5
8076.0,46.158178365359376,46.6,43.3,44.2,44.7,44.1
8077.0,42.0504241414681,41.9,41.8,45.3,46.6,46.6
8078.0,43.26527714117337,43.2,44.2,43.3,42.0,42.3
8079.0,47.61429681366275,47.8,47.3,47.5,48.0,50.0
8080.01,45.2041676576092,45.0,46.8,49.5,49.6,51.6
8080.02,46.33989166853899,46.7,45.0,47.1,43.6,44.3
8081.0,61.970112934253024,62.7,62.2,62.0,61.7,62.1
8082.0,44.72375091226481,44.7,45.0,43.1,45.5,44.4
8083.01,40.883891290870245,40.8,40.2,40.2,42.2,41.1
8083.02,45.06733572921385,45.0,46.2,45.5,45.5,45.9
8084.0,41.726951942253024,42.0,38.8,40.4,40.4,40.3
8085.0,44.38862566946302,44.3,45.2,43.1,45.1,44.3
8086.0,48.58772933906558,48.9,49.9,49.4,41.6,43.1
8087.02,20.61537656354078,19.8,19.8,19.8,19.8,19.8
8088.0,38.52842694371505,38.4,38.4,38.4,36.8,37.9
8089.0,45.197187602611805,45.3,45.3,44.0,43.5,42.3
8090.0,46.24225958007864,46.4,45.8,47.6,46.7,47.4
8091.0,42.669741037519344,42.6,43.4,43.1,41.6,41.5
8092.0,31.13432234402518,30.7,30.4,31.5,31.7,33.4
8093.0,24.071624213321552,23.4,23.0,24.1,24.2,25.6
8094.0,36.11806748870629,35.9,35.4,35.3,35.8,36.5
8095.0,33.704756320795696,33.4,32.5,36.3,35.7,35.9
8096.0,36.13776296663862,36.1,33.8,37.7,36.4,34.8
8097.0,39.376414562737935,39.4,37.7,36.6,38.2,37.4
8098.0,40.33359573579627,40.2,40.3,39.6,40.4,40.4
8099.0,38.03900460958123,37.8,38.1,38.9,38.7,39.4
8100.0,39.42615541388497,39.4,38.6,37.9,37.5,38.2
8101.0,34.85715902371096,34.6,34.8,34.6,32.3,33.8
8102.0,36.7884023637673,36.6,36.5,34.9,34.7,34.6
8103.01,44.339790551266184,44.5,43.4,43.4,43.3,43.2
8103.02,41.17582664210694,41.1,40.8,40.7,41.7,40.3
8104.0,46.521180233931304,46.7,46.4,47.0,45.4,44.9
8105.01,47.00152849436182,47.0,48.1,49.0,48.4,49.6
8105.02,47.743796117614075,48.0,47.9,44.4,43.7,43.6
8106.0,45.50912273739609,45.6,45.7,45.7,44.7,41.6
8107.01,36.44383637050219,36.1,37.4,38.6,35.9,33.6
8107.02,40.91293288385476,40.7,42.5,41.1,39.2,37.3
8108.0,37.93225697052683,37.8,37.2,35.6,36.8,37.9
8109.0,40.74061634239032,40.6,41.1,42.0,40.9,42.2
8110.0,43.96878314356401,43.7,46.1,45.4,46.2,46.0
8111.0,40.94185162037989,40.7,43.1,39.2,37.7,36.8
8112.0,37.47653070654446,37.3,37.6,35.4,34.5,33.9
8113.01,35.80735227828331,35.5,35.7,34.6,35.7,34.3
8113.02,30.412908555515468,29.9,30.4,28.7,29.5,28.3
8114.01,39.89951521773877,40.0,38.3,37.3,36.9,34.8
8114.02,38.97617835965059,39.1,36.9,36.7,35.8,35.5
8115.0,40.10282987006004,40.0,39.5,41.3,41.4,39.9
8116.0,40.45124261373267,40.3,41.1,36.5,38.0,34.6
8117.01,28.99423833950415,28.5,28.4,28.9,28.2,28.1
8117.02,38.00140633524029,38.0,36.4,34.3,35.4,34.2
8118.0,36.436329037362064,36.1,36.5,38.7,38.5,39.1
8119.0,39.65059163181371,39.6,39.6,37.9,36.2,39.8
8120.0,43.42142101401669,43.2,45.4,43.0,43.5,42.4
8121.0,41.336974729607924,41.2,42.6,39.3,38.2,36.7
8122.0,42.70927452641365,42.7,42.7,42.1,41.9,41.4
8123.01,42.32990366455839,42.0,44.7,44.8,44.0,44.1
8123.02,40.29080020358219,39.9,42.2,42.5,42.7,42.9
8124.0,43.225880976209666,43.3,42.5,41.9,42.6,41.4
8125.0,36.84949586138965,36.8,35.3,34.6,34.6,35.5
8126.0,36.46937528592505,36.3,35.6,35.3,35.5,36.3
8127.0,39.751701996324904,40.0,35.8,37.7,39.8,39.8
8128.01,37.60735558012276,37.0,40.5,37.6,39.4,42.3
8128.02,36.689102655141355,36.4,36.6,38.5,38.0,38.0
8129.0,39.65151281981666,39.8,37.5,34.3,35.8,36.2
8130.0,39.68270972750026,39.5,40.2,39.6,38.9,39.5
8131.0,37.31351997444436,37.1,37.2,37.5,36.7,35.8
8132.0,37.15047922443234,36.9,36.9,38.4,38.2,37.6
8133.01,26.8698282591569,26.2,27.4,29.0,25.9,26.0
8133.02,27.908602894538348,27.3,27.7,28.2,28.1,27.2
8134.0,29.042384678530553,28.6,27.9,28.0,28.2,27.7
8135.0,30.456009339470626,30.1,29.3,28.5,28.5,27.5
8136.0,27.8694377906678,27.6,25.0,25.0,25.4,25.4
8137.01,28.240301986113828,27.4,30.3,27.9,28.3,28.5
8137.02,30.522788866047577,30.0,30.4,29.2,30.5,30.4
8138.01,29.37850237906088,29.1,27.8,26.8,25.0,25.6
8138.02,29.750493571354337,29.3,28.7,28.1,29.5,30.0
8139.0,27.031729743327517,26.4,27.0,24.8,25.5,25.7
8140.0,31.87868380944686,31.6,30.9,30.3,28.9,29.2
8141.0,28.764540871863833,28.3,28.9,27.0,24.0,26.3
8142.0,27.92147406525621,27.5,26.0,26.3,27.4,27.8
8143.0,27.624525063056794,27.1,27.2,26.7,25.3,24.8
8144.0,27.1285270555496,26.1,29.8,30.6,30.7,30.7
8145.0,31.64983927639421,31.2,31.9,36.1,31.5,31.6
8146.0,31.370414077338694,31.0,30.8,30.1,29.3,29.4
8147.0,31.963180815861868,31.6,31.0,29.4,31.2,29.9
8148.0,36.93751792383686,37.0,35.4,35.1,31.6,31.4
8149.0,31.38450517241787,31.1,29.8,29.2,29.7,30.1
8150.0,30.225798972558866,30.0,28.6,27.8,25.5,26.4
8151.0,31.90771650385053,31.6,30.3,28.8,31.3,28.5
8152.0,38.5565050617907,38.5,37.8,36.8,36.2,34.0
8153.0,38.57380908525392,38.4,38.7,37.1,37.0,37.1
8154.0,41.16312798087494,41.0,41.4,41.9,42.7,41.5
8155.0,36.84433778514568,36.8,35.8,33.5,32.5,31.3
8156.0,40.93248730691898,40.7,41.8,44.0,43.0,41.8
8157.01,43.448192482952706,43.5,43.1,43.2,42.9,42.4
8157.02,40.35022603352824,40.2,40.5,40.4,40.6,37.4
8158.0,50.32119217502046,50.8,50.3,51.5,44.8,51.1
8159.0,41.1472824458304,41.1,41.1,38.9,39.2,39.8
8160.0,38.796564066283715,38.8,37.3,37.7,37.5,37.5
8161.0,39.91694681581389,39.8,39.7,40.5,40.0,39.9
8162.0,44.89863937013923,45.0,46.3,42.1,38.3,38.4
8163.0,34.48700944528547,34.3,33.2,33.0,32.9,33.2
8164.01,29.261992874714267,28.8,28.9,25.4,25.9,26.6
8164.02,30.724478450245574,30.3,30.0,30.2,30.2,28.6
8165.0,29.396217163053663,28.9,28.0,28.2,31.3,29.5
8166.0,30.94022911161082,30.7,28.7,29.1,29.6,28.7
8167.0,29.21738947711514,28.9,27.3,29.9,27.9,28.7
8168.0,38.35031432392136,38.1,38.4,40.0,40.0,39.7
8169.0,35.56222098225385,35.4,34.6,34.7,33.7,32.2
8170.0,36.95028893097589,36.6,37.6,35.5,37.0,33.6
8171.01,38.38775163532532,38.3,37.5,38.0,37.6,37.1
8171.02,34.466926259861985,34.1,34.8,32.2,32.8,33.3
8172.0,37.29030694949909,37.0,36.0,40.6,43.6,34.7
8173.0,29.353973848217343,28.6,31.1,27.2,28.6,31.4
8174.0,30.181087860905976,29.6,30.2,31.6,31.9,31.0
8175.0,34.05207774981115,33.4,36.6,38.3,35.4,33.7
8176.0,35.37937228064749,34.9,36.8,36.3,35.7,37.7
8177.0,40.56623791037571,40.4,41.2,44.6,41.3,40.7
8179.0,46.18914686028435,46.4,46.0,43.4,42.9,39.1
8180.0,43.179854180725656,43.3,42.0,41.0,42.3,41.8
8181.0,41.071380540263064,41.0,40.8,41.8,41.4,40.8
8182.0,41.35304287665556,41.3,41.6,38.5,38.7,39.2
8183.0,40.65891912063165,40.8,38.7,38.7,38.7,40.2
8184.01,39.43244857590856,39.2,40.3,41.8,39.5,41.0
8184.02,41.318825955144156,41.2,41.8,43.7,41.5,41.8
8185.0,54.82441529064576,55.2,55.8,55.6,54.4,56.4
8186.0,42.603195983537894,42.5,41.4,37.4,46.7,43.0
8187.0,39.49302261136605,39.3,40.1,39.7,38.6,41.8
8188.0,39.553489789929166,39.4,39.2,39.8,40.6,40.3
8189.0,41.6007442028984,41.8,40.1,39.3,37.5,36.7
8190.0,42.005198060725796,41.9,42.4,42.3,42.2,41.1
8191.0,37.34391041414147,37.1,37.3,39.9,38.2,35.9
8192.0,35.19260263798567,34.9,34.7,34.5,35.3,34.9
8193.0,34.80744212421744,34.6,32.8,35.0,37.0,38.5
8194.0,38.672039857693235,38.8,37.0,37.5,34.1,34.5
8195.0,43.76477544304408,44.2,40.8,39.3,39.2,39.3
8196.0,38.999536933569296,38.7,39.8,39.7,40.2,39.0
8197.0,39.05572085231163,38.9,39.0,40.1,38.9,38.8
8198.01,40.7858925256499,40.7,40.3,41.9,42.0,41.0
8198.02,48.885902037653025,49.1,48.8,46.2,48.4,42.4
8199.0,42.464947764663314,42.5,41.9,41.2,41.6,41.4
8200.0,39.44088464752658,39.3,39.8,41.1,38.2,39.3
8201.01,52.67374138402417,53.0,53.6,52.8,51.1,51.9
8201.03,38.62321197090271,38.2,40.1,37.5,40.3,40.3
8201.04,43.2497617081385,43.3,43.2,43.7,41.8,41.9
8202.01,47.29365972113642,47.6,46.4,46.0,45.2,44.4
8202.02,40.45203304069845,40.5,39.2,38.3,38.7,35.7
8203.0,31.549484554907124,31.3,29.7,30.1,30.1,30.4
8204.0,32.170177034136174,32.0,30.1,29.1,29.3,27.3
8205.01,37.773593128531694,37.9,34.9,35.8,35.7,37.1
8205.02,47.15817529171429,47.4,47.0,45.9,44.5,41.9
8206.03,34.74710252026624,34.4,34.2,37.8,37.3,35.4
8206.04,30.94553911610028,30.5,30.4,30.3,30.7,37.1
8206.05,30.122364201420122,29.7,29.5,29.9,28.6,27.2
8206.06,39.70544652294588,39.5,41.2,42.9,37.6,37.5
8207.0,40.91723470260864,41.2,39.1,36.9,34.0,34.2
8208.0,33.061480771596685,32.7,32.5,32.1,32.8,34.4
8209.01,34.80212232289856,34.5,34.2,34.2,35.1,35.6
8209.02,35.84177132557891,35.5,37.1,36.2,33.0,31.3
8210.01,36.81282736061886,36.8,34.9,34.3,34.5,34.5
8210.02,39.05136969317842,38.8,39.1,40.5,41.5,42.7
8211.01,39.69114813443918,39.6,39.2,36.5,38.4,36.1
8211.02,38.22196263988003,37.9,39.2,38.6,38.5,36.0
8212.0,36.40449785853071,36.2,36.2,37.1,34.9,34.2
8213.0,34.90985576782162,34.8,34.1,32.3,29.7,31.6
8214.01,34.033614955814116,32.5,44.5,36.5,35.8,38.8
8214.02,40.764701800560665,41.1,37.0,36.0,38.0,36.9
8215.0,29.531794294546096,29.4,26.1,24.0,25.9,26.5
8216.0,36.543974811381,36.4,36.0,35.7,34.0,34.5
8217.0,43.261933404241425,43.4,42.7,42.6,40.5,41.2
8218.0,36.36749085417093,36.2,36.0,36.3,34.0,33.5
8219.0,42.37477703937691,42.3,42.5,40.3,42.2,42.0
8220.0,41.08886547479143,41.0,41.1,38.5,40.0,39.3
8221.01,39.60762583646826,39.6,38.8,38.1,37.3,36.1
8221.02,46.03306872899893,46.1,46.3,46.2,46.3,46.0
8222.0,36.47817569898218,36.2,36.3,35.8,36.7,41.0
8223.01,36.01322343305103,35.6,35.9,38.0,40.3,38.0
8223.02,40.07137799714052,40.1,38.7,41.0,39.8,42.0
8224.0,32.73429465319574,32.4,32.2,32.7,31.5,33.3
8225.0,39.42587281356875,39.2,39.9,44.2,41.3,42.7
8226.01,41.16349748995736,40.7,44.0,43.6,43.9,45.3
8226.02,43.80728338523148,43.6,45.4,44.2,45.4,44.4
8227.01,38.00403725377825,37.0,43.6,45.1,45.7,44.6
8227.02,46.16245039164491,46.3,46.4,45.7,44.4,43.5
8228.01,42.91911506260467,43.3,40.7,40.3,37.2,37.3
8228.02,45.07514719003637,45.6,41.9,42.2,40.6,42.0
8229.0,36.641258149932156,36.5,35.9,34.7,34.4,34.1
8230.01,33.32986976194245,32.8,33.5,35.7,37.1,36.6
8230.02,36.873972533941455,36.6,36.5,35.4,37.8,33.7
8231.01,36.19384433897051,35.7,37.6,37.9,38.2,38.2
8231.02,36.02705704358548,35.9,34.4,33.7,35.3,37.2
8232.0,39.39765642543667,38.8,43.5,44.3,40.8,40.3
8233.02,32.788150434739514,32.4,32.6,34.9,32.8,37.0
8233.03,35.10243047599345,34.8,35.4,35.0,33.1,36.4
8233.04,34.5235518556609,34.3,32.8,33.9,35.7,37.2
8234.0,33.310533729363826,33.2,30.9,32.4,31.8,30.7
8235.0,36.92222240695983,37.0,34.3,34.7,34.4,34.4
8236.02,48.59974874639865,48.9,47.9,48.8,48.1,47.5
8236.03,31.181475776198763,30.5,32.8,33.2,32.2,32.3
8236.04,47.54642502630282,47.5,49.3,49.7,48.9,47.6
8236.05,46.695642067821815,47.1,44.9,44.0,43.4,43.2
8237.02,37.63777356593373,37.4,37.9,37.7,36.9,38.4
8237.03,33.32893908975721,32.9,32.6,32.4,35.9,36.7
8237.04,44.25633812740422,44.4,43.2,43.1,43.9,43.2
8237.05,36.93423058075767,36.8,35.5,35.9,37.3,33.1
8238.01,52.561620607197646,52.7,55.2,55.2,51.8,51.3
8238.03,43.8311064641681,43.6,45.6,46.1,46.2,46.7
8238.05,45.305113465089576,45.1,47.6,48.5,47.3,45.4
8238.06,41.07468765493394,41.0,41.1,42.2,40.7,42.4
8239.01,52.99172014837585,53.4,53.1,51.7,51.5,51.2
8239.03,50.30914522120702,50.7,49.4,52.6,50.5,49.2
8239.04,51.9420785798345,52.2,52.5,52.8,52.9,55.7
8240.03,42.908418392576145,42.9,43.1,43.3,42.0,41.3
8240.04,45.71524413924719,45.9,45.2,44.0,44.0,45.9
8240.05,41.776345840721035,42.0,39.6,39.2,39.2,39.6
8240.06,41.62946099762721,41.5,42.0,41.4,42.0,40.7
8241.05,45.749251077907346,46.0,45.1,45.1,42.9,42.4
8241.06,41.64991692606912,41.5,42.1,40.5,42.1,42.0
8241.07,48.64670616655718,48.8,49.5,48.1,47.4,49.2
8241.08,35.80760077564726,35.5,35.6,36.4,36.6,36.3
8241.13,43.96956781728502,44.2,42.7,42.2,41.2,38.6
8241.14,44.563751390799645,44.7,44.0,43.9,43.4,43.5
8241.15,47.62562047731841,47.7,48.0,49.6,49.8,48.0
8241.16,38.43397767676039,38.3,37.9,37.9,37.9,37.4
8241.17,40.787324277603375,40.8,39.9,39.5,39.6,39.4
8241.19,46.93764487243538,47.3,45.4,47.2,45.3,44.6
8241.2,47.92717843620938,48.3,46.7,46.7,45.7,45.9
8241.21,40.627301253609,41.0,37.0,37.2,36.6,36.4
8241.22,44.45802016112728,44.8,42.1,41.1,41.9,40.5
8241.23,37.87732897134971,37.9,36.3,35.9,34.9,34.5
8243.0,41.1315870893119,40.8,43.6,42.9,40.9,43.0
8244.0,42.97148237927354,42.9,44.1,40.1,40.0,40.9
8245.03,41.822738012736394,41.5,44.0,46.2,43.9,43.3
8245.05,35.862012008504784,35.6,36.3,31.3,31.7,32.2
8245.06,42.387733545678,42.5,41.7,41.9,39.8,40.8
8245.07,39.71119806801476,39.7,38.6,39.5,39.0,37.3
8246.01,38.07162482012827,37.6,40.1,39.8,39.7,40.0
8246.02,41.758691181518515,41.8,42.5,41.2,36.0,39.4
8247.01,34.68227424926334,34.3,35.2,32.6,33.2,32.8
8247.02,36.7932012662155,36.7,36.2,35.3,33.0,32.9
8248.0,27.36128075766523,26.3,30.4,28.6,30.3,29.5
8249.0,33.75959206739331,32.9,37.3,40.7,38.6,39.9
8250.0,40.49125993011229,40.4,41.1,37.0,36.6,35.9
8252.0,33.74017159784653,33.4,33.4,32.9,33.0,32.9
8253.02,36.16972872641109,35.6,38.7,36.8,36.5,37.2
8253.03,36.15089112526617,35.9,35.8,35.7,35.8,32.9
8253.04,39.12543582708899,38.3,44.9,43.9,41.6,43.1
8254.0,37.50903889255379,37.2,37.5,38.0,39.7,42.9
8255.01,38.63345348361843,38.3,40.3,36.6,36.8,36.9
8255.03,39.44315423311784,39.4,38.5,40.4,39.2,40.2
8255.04,36.424805181629544,36.1,36.5,33.7,36.5,35.9
8255.05,41.00078859167445,40.7,42.4,41.0,42.5,41.1
8256.0,37.518459020321025,37.4,36.6,39.0,37.3,37.2
8257.0,34.46237823760936,34.0,34.3,36.1,38.4,36.6
8258.01,35.74637220044877,35.5,35.4,35.7,34.9,33.9
8258.02,36.32146464428836,36.0,35.6,39.9,40.7,32.2
8258.03,43.81381075331777,44.1,41.9,41.9,41.2,40.9
8259.0,33.041033741369105,32.9,29.7,33.6,35.5,37.0
8260.0,30.0334400479938,29.7,28.5,28.7,28.3,26.9
8261.0,31.627449297150456,31.6,27.9,29.4,29.4,31.9
8262.01,53.88087320032338,54.7,50.6,49.4,51.0,54.7
8262.02,37.501011559158066,37.3,37.3,36.7,36.7,34.4
8263.01,33.16549930975236,32.9,32.2,35.7,32.6,31.9
8263.03,38.49293001450776,38.4,38.3,35.3,34.9,40.1
8263.04,34.51752080773463,34.4,32.7,34.3,33.0,32.3
8264.01,39.446117090954964,39.7,37.5,35.3,32.0,29.0
8264.02,38.08769620111189,37.8,38.2,35.6,39.0,37.2
8265.0,33.6640403809055,33.3,33.5,30.7,32.3,31.0
8266.0,34.64444914140178,34.5,32.8,35.2,34.4,32.4
8267.0,36.32196190451917,36.3,35.1,33.1,31.3,30.7
8268.0,31.497349913970073,31.0,31.8,29.1,30.2,28.9
8269.01,40.44193811101851,40.8,38.8,38.6,30.9,30.8
8269.02,46.86602901150051,47.0,47.1,47.8,46.5,32.1
8270.0,35.20871293546206,35.0,35.6,33.9,29.9,33.3
8271.0,37.598747583223954,38.1,32.0,30.1,31.1,31.5
8272.0,36.31851454462883,36.6,32.0,31.2,31.5,31.0
8273.0,37.80500914132809,38.5,31.0,28.9,29.2,29.7
8274.0,43.248927066981004,43.8,39.7,42.5,37.7,37.9
8275.0,36.60103349903581,36.7,35.0,32.6,29.3,27.5
8276.0,39.421717842987086,39.7,37.2,35.6,32.2,33.2
8277.0,32.5457908391618,32.3,31.6,33.5,30.1,35.9
8278.01,37.504064199173015,36.9,40.0,36.8,40.1,40.5
8278.02,39.38857650952217,39.2,40.1,40.8,38.3,41.0
8278.04,47.25025135011929,47.5,47.2,45.9,44.1,45.3
8278.05,47.11512699310802,47.3,47.2,45.5,45.2,43.5
8279.01,49.1931943782964,49.3,50.2,48.1,49.3,49.2
8279.02,40.82342411230714,40.7,41.1,40.1,40.2,37.1
8280.0,40.86049946510363,41.1,38.3,39.4,38.3,39.2
8281.0,43.26721478606907,43.5,40.9,45.1,44.2,44.3
8282.01,40.12780470145775,40.2,39.8,34.3,33.2,33.3
8282.02,42.793535664616556,42.9,41.7,41.9,42.0,41.6
8283.0,46.25964605929194,46.4,45.9,43.6,45.7,46.2
8284.01,36.04211633172604,35.8,35.1,35.4,37.1,38.2
8284.02,41.588920896180305,41.6,40.6,41.5,42.1,43.8
8285.03,32.51312847855253,32.2,33.3,34.2,26.8,29.5
8285.04,32.310267724404596,32.1,30.6,29.7,29.8,30.5
8285.05,41.849776218900814,41.7,42.5,41.0,42.0,41.2
8285.06,33.57630708005439,33.3,32.7,33.2,32.6,32.4
8286.01,43.0513857539941,43.2,41.9,41.2,41.2,41.1
8286.02,41.744549486920555,41.7,41.3,39.9,41.8,42.6
8287.01,40.73595431474843,40.5,42.0,40.6,40.4,39.0
8287.02,39.93842845383223,40.0,38.9,36.2,36.0,39.1
8288.01,38.8042295300384,38.5,38.9,41.3,42.7,42.0
8288.02,39.714650955706276,39.9,36.8,39.5,38.9,39.0
8289.0,30.902168176992866,30.7,28.7,28.5,28.1,28.4
8290.0,29.44994662912499,29.4,26.8,25.9,21.5,23.3
8291.0,29.761480528651187,29.4,28.8,27.7,26.5,27.8
8292.0,35.596501221035815,35.6,33.1,33.4,33.3,31.1
8293.01,44.04759214622789,44.3,43.7,45.3,38.8,38.9
8293.02,31.023730828341385,30.4,32.4,28.3,29.4,28.8
8294.01,39.33990360558385,40.8,27.7,22.1,22.6,21.1
8294.02,35.98511709429362,35.7,35.8,36.4,36.2,36.4
8295.0,36.29239339391629,36.4,32.7,37.2,36.2,36.6
8296.0,42.018863341836216,42.3,40.5,39.2,35.9,34.4
8297.0,36.88452680136249,36.5,38.4,35.3,35.1,33.8
8298.0,47.13317825838253,47.4,47.2,44.3,42.5,42.3
8299.01,47.245673173477584,47.8,43.7,42.7,45.1,43.0
8299.02,43.81232651601539,43.9,43.2,44.9,43.9,42.3
8300.01,61.72183535001249,62.6,60.3,62.4,62.2,62.6
8300.03,37.99445126698864,38.0,36.5,35.4,35.2,36.5
8300.04,41.59815835710792,41.1,44.6,44.2,45.4,44.5
8300.05,53.29091815492617,53.6,53.9,51.4,53.3,50.6
8300.06,39.15390664236628,39.1,39.1,39.2,35.8,37.2
8300.07,40.84711728131095,40.8,41.3,41.5,37.9,36.9
8300.08,38.100298251769736,38.1,36.4,36.6,36.6,36.1
8301.0,35.608973988818,35.4,34.9,34.5,34.3,32.5
8302.01,37.759505403865674,37.5,38.1,39.2,38.0,39.3
8302.02,38.824237177074586,38.7,38.9,40.0,37.1,37.7
8303.0,39.098396898479486,39.0,37.6,36.9,40.8,42.2
8304.0,33.79472267394343,33.3,34.1,33.8,35.9,37.4
8305.0,31.147087059828717,30.8,30.8,27.3,26.6,25.1
8306.0,33.557154430338976,33.4,32.1,29.8,29.8,29.0
8307.0,36.61141301025001,36.4,36.2,34.8,35.4,35.4
8308.0,33.439691833880886,33.1,32.9,31.8,32.7,30.9
8309.0,33.75134184904017,33.6,32.2,31.4,30.8,32.9
8310.0,34.838912645036494,34.7,33.6,32.4,31.8,31.7
8311.0,31.88508009742732,31.4,31.8,30.1,32.1,32.6
8312.0,30.858678786931467,30.4,30.2,31.3,31.6,31.1
8313.0,37.001375121945216,37.4,31.0,29.9,34.2,32.5
8314.0,42.31850922817868,42.1,44.2,45.6,42.5,38.1
8315.0,34.65515578619259,34.4,33.9,33.8,33.8,34.3
8316.0,36.113388119815035,36.0,35.0,40.1,35.5,34.4
8317.0,33.93221507186104,33.6,33.0,34.2,35.4,33.4
8318.0,31.416713274329442,31.0,30.3,29.6,32.3,31.7
8319.0,30.247801645925037,29.8,29.8,29.8,29.0,28.4
8320.0,28.823764760013567,28.3,28.5,28.9,27.9,28.5
8321.0,30.867480098603682,30.4,30.5,30.8,30.8,30.6
8322.0,32.791162183465175,32.4,32.3,33.2,33.3,32.7
8323.0,31.894120020667625,31.5,31.8,30.8,29.7,29.2
8324.0,33.4760260111245,33.3,32.0,32.1,31.0,29.9
8325.0,28.714707318646493,28.0,29.3,30.0,30.8,32.5
8326.0,30.199676875720517,29.7,29.9,29.9,30.0,31.1
8329.0,26.358272981199743,25.6,26.6,27.6,28.0,28.2
8330.0,33.3812673598777,33.1,32.0,33.3,34.0,34.1
8331.0,34.20321673342892,33.9,33.8,33.6,33.2,32.7
8333.0,24.0996381630223,23.3,23.9,24.5,25.4,28.1
8339.0,28.419944411196006,27.9,27.3,29.1,29.6,28.3
8340.0,35.13846838867676,34.9,34.3,34.2,34.6,37.9
8342.0,39.409119659377396,39.3,38.0,40.6,42.6,41.6
8343.0,45.94156448163052,46.6,41.1,41.5,43.3,41.5
8344.0,35.21095398735793,35.0,34.1,35.5,35.2,33.6
8345.0,23.49127582352435,22.7,23.2,22.6,23.7,26.1
8346.0,27.87412003939219,27.4,27.1,28.0,25.8,30.6
8347.0,30.94178102417841,30.4,31.2,32.5,31.7,29.4
8348.0,40.67814141901244,41.4,33.1,33.3,37.6,39.8
8349.0,40.52060654939428,41.0,37.8,33.7,29.3,23.8
8350.0,28.240291112736458,27.8,27.2,27.3,26.1,27.4
8351.0,29.840702716131982,29.5,28.5,27.3,27.1,23.7
8352.0,35.69060187455843,35.1,37.4,39.3,39.6,40.7
8355.0,46.65877131121119,47.7,41.7,41.6,33.8,39.1
8356.0,38.49409318449195,38.4,38.1,35.4,35.6,42.8
8357.0,33.49437228181987,33.1,33.3,33.6,33.9,34.2
8358.0,31.069692467868965,30.5,31.5,31.2,31.8,35.2
8359.0,32.66990900537524,32.4,31.4,32.7,31.8,30.2
8360.0,34.17681459564246,34.1,32.1,33.1,31.6,33.5
8361.0,28.848195462599183,28.2,28.6,28.4,31.2,31.1
8362.0,20.6284704827389,19.8,19.9,20.0,20.0,20.1
8363.0,32.80808231897468,32.2,32.4,36.2,40.4,39.4
8364.0,36.62867299745438,36.2,38.3,37.7,36.2,35.0
8365.0,29.7678959611662,29.6,26.5,28.1,28.2,28.2
8366.0,29.27116037256648,28.8,29.4,29.0,25.8,25.7
8367.0,28.378192786967094,28.1,25.7,25.3,26.1,25.4
8368.0,28.9906756739959,28.5,29.9,29.0,23.4,25.5
8369.0,25.942859440631423,25.1,25.5,24.3,30.8,31.3
8370.0,28.541379535443344,27.7,30.3,30.9,30.8,32.0
8371.0,34.147785360618364,33.4,38.2,38.1,33.6,34.5
8373.0,28.72487612493084,28.3,27.4,28.1,27.7,28.2
8374.0,34.48063000797437,34.5,33.1,32.3,26.9,27.7
8378.0,29.380059009780997,28.8,29.1,30.3,30.9,30.3
8380.0,31.131976770555816,30.7,30.7,29.7,30.1,29.3
8381.0,43.71551752076728,44.1,41.0,40.5,40.2,36.8
8382.0,23.578792489664337,22.9,23.0,22.4,21.4,21.3
8383.0,32.85642354632397,32.6,32.3,33.6,29.8,29.9
8386.0,24.509487986583153,24.1,22.2,19.4,19.7,24.6
8387.0,28.426343395021735,28.0,27.0,25.9,26.8,31.7
8388.0,28.214151668593736,27.3,30.9,26.8,28.1,27.6
8390.0,32.18072950432703,31.7,32.8,31.0,30.6,33.0
8391.0,30.281799236880055,29.8,29.8,29.9,30.2,31.7
8392.0,39.107720144114616,38.7,39.5,41.7,45.5,41.5
8395.0,51.786597600800775,52.1,52.4,48.1,49.3,52.7
8396.0,46.817774869453906,46.8,47.5,47.0,49.2,49.5
8397.0,33.9551861623358,33.9,32.1,32.3,29.6,31.3
8398.0,38.78265896094659,39.1,35.8,34.5,31.9,34.2
8399.0,38.51353782973944,38.6,37.1,38.4,34.5,35.3
8400.0,37.38727380277394,37.0,38.3,38.7,39.1,38.7
8401.0,39.27830269074341,39.4,38.8,32.0,29.9,33.1
8402.0,38.40007337347712,38.4,36.7,38.0,37.6,39.3
8403.0,32.46412192705131,31.9,33.2,34.4,34.3,34.0
8404.0,36.65906667108749,36.3,37.5,36.7,36.5,40.1
8407.0,27.520774255766035,26.9,27.5,26.5,26.6,25.6
8408.0,27.67909950520575,27.2,26.7,24.8,25.2,23.7
8410.0,39.91479060249972,39.9,39.7,37.1,35.9,31.1
8411.0,41.911170699236,42.0,40.3,41.9,42.5,43.0
8412.0,28.493934468262054,27.9,28.8,29.0,27.4,27.3
8413.0,32.318337657353354,32.2,29.7,29.8,30.0,27.7
8414.0,32.31588275519154,32.6,26.7,26.7,26.6,29.9
8415.0,26.44483740633261,25.9,25.9,24.9,23.5,23.9
8416.0,30.72127158811994,30.5,29.1,28.5,26.5,26.2
8417.0,42.79358415389151,42.4,45.2,51.6,48.8,46.8
8418.0,33.120243885666014,32.3,36.3,37.0,36.2,35.1
8419.0,24.130535435732423,23.2,24.2,26.2,29.0,28.7
8420.0,23.889706047423267,23.2,23.0,23.1,23.5,23.3
8421.0,32.28756288057823,31.9,31.8,31.5,31.7,30.5
8422.0,35.59586928520894,35.4,35.0,34.7,33.6,33.4
8423.0,32.28859434339944,31.8,32.4,33.1,33.3,35.8
8424.0,45.99233531138223,46.6,42.9,40.9,39.2,39.4
8425.0,21.630772492887456,21.2,17.5,15.4,19.4,17.6
8426.0,37.03907373779785,37.0,35.4,34.2,34.8,33.8
8428.0,32.04229322552591,31.9,30.4,29.1,26.9,25.9
8429.0,32.15401380218661,31.6,33.1,31.7,31.9,34.5
8430.0,25.530168355523482,24.7,26.4,27.3,26.5,25.6
8431.0,29.650686444113926,29.4,28.5,27.9,23.7,25.9
8432.0,29.433513869080322,28.8,30.6,27.1,27.0,27.6
8433.0,32.9671023248768,32.6,31.6,33.6,35.8,38.5
8434.0,42.724146516765586,43.3,37.0,31.2,39.2,32.8
8435.0,31.612261672260065,31.3,30.2,31.7,31.2,31.7
8436.0,34.64648708029845,34.6,32.4,31.8,31.7,31.3
8437.0,34.66527120851295,34.5,33.3,33.5,33.0,33.1
8438.0,35.08341371350283,35.2,32.5,30.6,28.4,28.0
8439.0,40.29592997017799,40.5,37.7,39.4,38.4,41.1
9800.0,1.497065324279312,0.0,0.0,0.0,0.0,0.0
9801.0,1.497065324279312,0.0,0.0,0.0,0.0,0.0
9900.0,1.497065324279312,0.0,0.0,0.0,0.0,0.0
