tract,median_income_2016,median_income_2015,median_income_2014,median_income_2013,median_income_2012,median_income_2011
101.0,32226.512405785634,32188,30798,32191,31063,31919
102.01,39744.12657738755,39122,40532,39908,38766,41528
102.02,27007.088657720724,27318,25250,36315,36369,44107
103.0,38421.80904217977,37111,42606,43483,41315,45964
104.0,38578.765028351554,38384,38531,41765,43125,48138
105.01,25368.17749699194,25309,26157,33090,34481,35411
105.02,35803.700665383454,35822,33340,30057,28607,31379
105.03,20127.498467515496,19813,21530,21230,20524,18952
106.0,37880.24576303168,37338,42246,43109,50236,45474
107.01,58408.97009154401,58319,54765,55220,54690,59625
107.02,36502.41529751081,35950,36967,42188,39805,45861
201.0,50782.816131811545,50456,51069,45865,50080,54444
202.0,70504.71823509979,63906,88476,88704,62415,85154
203.01,49391.21711041103,49109,49332,52171,55000,51912
203.02,60741.713538311174,60224,57765,59890,56181,55000
204.0,58026.868426053275,56419,62847,50987,52545,44519
205.0,38077.29874288426,37612,38173,37684,36455,35068
206.01,42918.66461393629,40819,50000,46591,43047,43599
206.02,44255.261894003976,43580,44702,42733,41386,46220
207.01,70000.04999976575,68750,72368,79167,80329,75466
207.02,53890.972431873815,54364,47571,41454,41250,38529
208.01,47049.38573296267,45263,56027,46611,52500,53328
208.02,44787.740329999004,42346,53356,42479,39406,48682
209.01,38949.242711228835,38799,37409,39658,38426,42652
209.02,34195.74979521191,33114,38320,39464,38854,39575
301.01,41270.445169014936,41188,39443,37979,37821,36667
301.02,43616.8633001806,43632,40849,33537,33583,32353
301.03,37572.085549610536,37383,34444,31029,26096,22941
301.04,37281.74593398786,36529,38246,35130,32537,33185
302.0,67216.54931692753,67700,58625,71071,67115,62788
303.0,36378.0745179863,36020,36520,32589,32684,33293
304.0,41969.94752478766,41250,41736,40871,36857,41667
305.0,63358.56376700419,62453,63906,62083,62623,62045
306.01,38877.97969013715,38822,36413,34384,32636,31510
306.03,28803.217337212038,28631,29017,25992,26596,25953
306.04,32876.457951499404,32069,38300,37424,42810,43344
307.01,33873.323104445364,33504,34375,34719,34464,30772
307.02,48210.45421484222,48870,48578,53199,67566,59479
307.03,45940.173599936476,46174,41373,41959,40313,36506
307.06,37247.46041179981,36362,37857,44970,38977,42041
308.0,69845.5184931719,70361,64736,66414,72243,70652
309.0,81268.82064435034,80657,76759,72647,69792,70469
310.0,67167.89479444247,66875,63333,64868,63433,57206
311.0,60768.37760145179,57994,65204,63329,49955,58972
312.0,19594.40004827881,20887,14643,12485,16650,17861
313.0,35528.58914214242,35349,34453,33984,32930,34286
314.0,74647.06216396457,74737,67100,67022,63750,65804
315.01,25150.724235533467,24643,26862,26134,25040,24167
315.02,21292.112894044574,21265,23598,24118,28964,25246
317.0,40536.9006563956,40129,41537,39475,41645,41150
318.0,56065.45215871676,57560,48672,54125,62841,52188
319.0,66957.02677672473,65027,69333,74612,67273,62564
321.0,49951.03776665858,49063,48625,52592,45525,47175
401.0,65781.94393230719,65599,61806,55243,55300,67414
402.01,59471.55247968235,59243,57568,58750,60612,57043
402.02,34359.92875845083,33750,37178,41897,43604,50156
403.0,81568.07469662894,79306,84750,72417,68125,57829
404.01,71563.15284885655,71510,66215,68140,67139,66845
404.02,70608.95024795229,70935,64153,60373,61738,60100
406.0,73385.44117839418,72931,69479,68021,66266,65962
407.0,74524.07988084151,73091,73556,75430,68611,62049
408.0,72922.526463465,71935,72625,77794,76979,67212
409.0,75178.52593271266,74297,68472,66964,54423,53125
501.0,78043.5680058815,77241,74875,76172,72750,73056
502.0,68933.62342386904,67275,71514,66214,64051,64746
503.0,80821.05310938846,80046,86023,81920,98523,76974
505.0,96799.42271755585,95447,95741,93088,92589,91458
506.0,95440.94692446844,95694,84063,88100,82616,90972
507.0,118526.34754964766,113676,127222,101923,89268,84906
508.0,112001.74069888832,109231,116750,120313,118864,115658
509.0,78532.05088197552,76429,83500,90956,89750,103611
510.0,103122.35093538584,101579,94479,105045,85625,94268
511.0,92859.25098801409,94375,77316,76689,76694,77083
512.0,102337.66230167974,102292,96484,85313,91685,82500
513.0,134509.3980812634,135350,132500,123026,155500,135234
514.0,77037.20656091315,75500,78790,75580,74655,72586
601.0,106578.21752151208,104500,105952,101750,96094,92579
602.0,64271.73233991247,63566,62857,54722,54125,51614
603.0,103939.42700482416,102074,105563,103603,104583,110247
604.0,120541.96506852683,118837,115163,115000,106000,102794
605.0,36136.983116325784,35781,37500,39931,42042,53000
608.0,76559.84560916449,76121,72258,69394,67820,64718
609.0,57650.99277384617,56515,60176,52162,53699,52511
610.0,100840.77654079835,101750,89766,85057,90078,77083
611.0,91243.22328805404,91893,79559,88289,85337,81667
612.0,101502.60571222505,100139,99211,99219,96667,95238
615.0,100677.66001838265,99464,96364,100921,95000,92702
618.0,46379.07951588534,44833,49448,57563,51250,48558
619.01,50140.35945831565,49756,49796,52664,53833,47451
619.02,57281.87676239436,57623,50732,52654,50346,54528
620.0,80709.50679887495,80131,80745,70851,78904,76229
621.0,95379.94982803774,91250,101275,96571,78750,78785
622.0,109884.21764106651,107073,112564,116938,109871,99541
623.0,132076.81921531272,133542,112768,104583,105438,103750
624.0,123394.35215216276,120833,117368,130833,109609,120278
625.0,106988.37411511772,106771,102250,102444,109167,109750
626.0,108939.57284564745,110938,95491,88482,103125,97500
627.0,106471.83550198338,105813,100625,103412,102120,101863
628.0,125682.2377004208,125156,116310,103708,102162,99732
629.0,125584.05288250021,125000,115526,114076,109167,106002
630.0,85846.68587547822,84412,85426,69830,68594,73578
631.0,91471.04328138744,90429,84896,70900,61786,57895
632.0,57410.51438666928,57350,54187,53750,54358,56419
633.01,41462.106014018216,40789,43958,41884,44464,44487
633.02,66015.28971545918,64991,67800,65233,67802,67234
633.03,70124.53263059969,67857,76500,74006,73077,77453
634.0,85336.29007567618,83333,83458,78542,66198,71250
701.01,73362.12174901308,72985,68180,70379,66329,63014
701.02,62442.82958882017,61506,64507,59971,63567,62736
701.03,53542.08423058131,53008,51768,53750,50872,54423
702.0,87955.58344215246,86909,86168,84919,84223,81132
703.0,98738.55028455838,96833,99821,93324,91910,98400
704.0,89631.45004773654,88897,84038,87333,81800,93347
705.0,121656.01922306542,123313,104306,104803,108958,101406
706.0,151288.51228493336,147596,150987,147738,134018,131735
707.0,127530.28159241131,125781,120875,116364,106071,108068
710.0,101770.27828746491,100507,99306,95250,93972,104485
711.0,104325.92959690363,101250,108659,110813,103250,100341
712.0,98334.81200445339,98125,89583,83750,80321,83555
713.0,102432.03672669981,103710,90367,83194,90969,89485
714.0,69321.5081932543,69415,65846,68651,72907,71208
715.0,90468.62699818064,90160,86267,82021,85528,79406
716.0,126478.94669182629,128295,117833,103167,131100,119286
717.0,128411.00887906927,128750,120938,113875,126736,116875
718.0,134903.39387252164,131979,134271,125100,116510,104453
801.0,89415.25668385664,87099,90597,90109,81341,81458
802.01,74891.1077007774,73946,74195,75029,74727,76765
802.02,83757.46227138124,83942,77172,85997,87136,84688
803.0,104300.79931087446,102240,104598,96250,92744,91104
804.0,22980.438466349704,22995,25208,16411,22917,13185
810.0,40520.01652014426,40041,45593,38582,49429,50851
811.0,57502.134408765654,57332,56607,49716,54871,58426
812.01,76599.74819924963,76103,73263,69845,69792,70521
812.02,99899.0002993639,101317,81154,88922,81452,88077
813.0,92764.07221574512,88750,102096,96796,87396,93584
814.01,76722.62300025352,75375,81818,66875,76699,88464
814.02,107317.20557935357,106026,105625,100117,101640,106818
814.03,85840.13717204778,87321,76327,77374,88523,70539
815.0,92075.10865758122,89718,94327,100938,93938,89350
816.0,92227.99535823808,92298,85395,84608,86786,88319
817.0,92647.85296571795,91348,92011,90116,90136,80134
818.0,96830.97503982144,93934,100650,101176,93024,103609
819.0,134220.07818087196,134167,120938,99250,97500,84196
901.0,75840.40520233026,76389,70221,72500,78903,87083
902.0,86597.97191552058,86125,83561,82010,85000,80908
903.0,87307.07640957454,85114,90938,85278,83419,87431
1001.0,64552.30504379433,62976,66941,67589,64352,65046
1002.0,73734.74363868599,71923,78084,76176,76881,74710
1003.0,63033.2992827116,62885,59063,57869,57163,64960
1004.0,92632.47352559003,92589,85761,81464,82679,78681
1005.0,95889.07216930139,97232,82478,73426,77679,80497
1006.0,63934.52751389725,63988,58750,59606,58578,57962
1007.0,73829.70382989077,72652,73125,69237,66429,69375
1101.0,59533.867349689186,55809,74306,63558,62520,63981
1102.0,68953.41276304143,70417,56327,57461,57641,55164
1103.0,73160.93499174253,70701,77986,73026,67361,70545
1104.0,68322.39325829843,68405,64289,47474,52155,51053
1105.01,65975.25507516222,64485,67670,65721,62552,55268
1105.02,45975.83959617993,46156,46065,45440,53594,51827
1201.0,113225.91249662434,113889,107839,84459,103929,104493
1202.0,105566.7144329118,105233,95417,96833,89773,88063
1203.0,106907.86611044928,105606,104397,102254,101402,101306
1204.0,80825.06004714787,79966,77583,68782,66210,67147
1301.0,30004.939838608585,30000,30231,43454,44654,35294
1302.0,76194.05947254178,75553,75030,68523,71806,64199
1303.0,57875.21329792657,56724,57270,60000,53384,52975
1401.0,37399.6149977685,36770,36862,36786,32031,32697
1402.0,42809.90332015615,42074,44104,44286,43549,47614
1403.01,46711.54517612292,43286,59500,55217,49699,45281
1403.02,53369.87566227825,51795,56554,54839,51056,58724
1404.0,70279.30424983909,70179,62847,48404,43628,45582
1405.0,54598.15573826201,54107,53226,51515,50651,49552
1406.01,43403.59788227643,42083,48947,43452,45972,40793
1406.02,46555.788188407256,46053,45983,38868,38346,35343
1407.01,53424.0883351513,52375,55735,53393,53924,45272
1407.02,48722.998547203926,47898,49375,46607,45064,39890
1408.0,69001.37792346715,67236,71189,72865,67880,60728
1502.0,62046.68852460129,62308,56711,49760,51205,53677
1503.0,70351.75215073407,70020,65859,57110,55551,53093
1504.01,58975.04581153672,59107,53333,49775,47972,52604
1504.02,57689.04057217094,57339,56273,56969,58125,53837
1505.01,63297.683387515666,61579,67989,73728,73102,68083
1505.02,49974.94696746679,50118,46615,48146,48933,49132
1506.0,55433.48939682384,54691,56361,59659,60609,61545
1507.0,62519.21977241356,62056,60172,59250,58293,54712
1508.0,61879.02812764034,60746,62357,60579,57953,56489
1510.01,42034.44490638056,42375,40526,32316,38694,39733
1510.02,42632.66713043841,42339,45276,47201,54416,50742
1511.0,49669.43547688345,49750,45052,41181,38939,38036
1512.0,55693.594026989136,55313,54808,54063,55724,55833
1601.0,53316.22500034269,53056,53333,54188,58547,55827
1602.0,58442.81057057813,58750,54360,57935,60781,62331
1603.0,45087.91642061869,45769,40367,34786,38485,38664
1604.0,42199.75815440016,43091,37716,39548,44813,46250
1605.01,47925.74262508466,47545,44531,42833,37260,38158
1605.02,54590.79939266896,52941,56750,51750,45439,46763
1606.01,56884.86843233526,57228,52479,48412,51393,51304
1606.02,51598.104600461906,53480,43380,41152,52353,63267
1607.0,61090.528836341764,62535,52154,59297,64992,63387
1608.0,57005.282872496195,56337,55256,51833,48785,47349
1609.0,62782.11970781186,61375,66786,64286,66523,63636
1610.0,52749.70312332897,52109,52778,54091,53835,55898
1611.0,85575.21747098226,84509,84542,100250,98704,102892
1612.0,54979.05216676012,56901,47266,45847,59327,62865
1613.0,39623.36971861735,38995,40463,37391,36514,44877
1701.0,37808.66736293707,38359,38824,33514,46667,45443
1702.0,71112.62980974802,69911,70813,65523,62851,67119
1703.0,54694.86492064845,53125,57688,62459,57950,59539
1704.0,52649.34964565214,52401,54038,57727,64815,69598
1705.0,74512.10960877784,73500,74402,77961,77802,75011
1706.0,59582.269079557474,59712,53512,55417,52219,60500
1707.0,56482.04832754012,57232,51585,49299,55691,68387
1708.0,60556.867452492006,60239,59315,56636,59559,58323
1709.0,55165.01438188315,51648,69231,61227,59782,58278
1710.0,60313.999716539525,59759,60154,55410,58100,57389
1711.0,64555.323041210955,63470,64911,64038,62222,54080
1801.0,52290.51615629736,53233,43797,45426,44760,51962
1901.0,32100.312686786427,31985,29286,34432,28924,35957
1902.0,51736.124561764744,51921,46846,44091,42829,43028
1903.0,45782.21216679408,45234,46413,41530,42730,48618
1904.01,51360.90557573824,50350,52539,53484,51147,50000
1904.02,41532.6206731231,42138,36098,37684,37365,41651
1906.01,45708.9166128971,44495,48696,58145,55257,53914
1906.02,48707.247052265855,48361,48373,43987,46042,41119
1907.01,40410.36900176072,39958,40750,39221,39325,43125
1907.02,41365.364597477186,41000,41563,42776,43524,39358
1908.0,40766.15953206866,40612,39789,38348,39111,39883
1909.0,37271.13637700466,38571,33967,42019,52917,40197
1910.0,44432.896935435296,42935,47457,43480,38429,38965
1911.0,45726.77907802919,45200,45198,43308,41875,37152
1912.0,36201.02326321888,36250,35739,34583,37792,35513
1913.01,38749.68922776559,37760,40719,40305,37214,36319
1913.02,41003.08557848773,40943,38966,37720,37277,39401
2001.0,47760.243635257175,47883,44306,46591,46346,48445
2002.0,36126.15995542412,36416,36436,37357,44868,44074
2003.0,40992.2052710981,40603,40163,42875,40833,35833
2004.01,36218.68089096687,36190,35489,37605,38979,39883
2004.02,46688.84124883842,48039,39526,34648,41091,40496
2101.0,44824.82236247638,42428,56250,60298,62545,63581
2104.0,38533.31579476004,38665,37348,34271,37583,39674
2105.01,41991.21826595251,41829,39487,39725,37125,36132
2105.02,31185.552778259822,31000,32500,38313,40833,39141
2106.01,52808.34480592312,53250,47280,48778,48926,46867
2106.02,42278.43806760778,43778,36604,37583,47457,50827
2107.0,45298.30983193541,44679,47232,43480,46500,43469
2108.0,52361.32967265068,53173,43750,41895,39808,46607
2109.0,50441.674466401426,50031,50976,51026,54188,54190
2203.0,81429.579284947,80764,82500,75500,84688,75313
2204.0,78617.002317893,77639,71648,71214,57639,50083
2205.0,65375.26127052057,65688,61394,53468,59375,65375
2206.01,52235.75258441531,52625,45417,36716,34312,53650
2206.02,41069.616881041315,40268,43233,41773,41957,38516
2207.01,52335.5842011198,52500,47318,45221,43507,40650
2207.02,44920.63725967507,45472,40000,43318,44101,40469
2209.01,34607.22398261536,34167,38619,38289,45202,40571
2209.02,47717.35120406615,47627,47793,40481,46518,34258
2210.0,35073.463702223155,33090,42818,42637,39792,42250
2211.0,41478.553599089675,40254,43750,46964,42039,41619
2212.0,57554.06027010902,59522,44821,50721,53478,56094
2213.0,50720.010545250916,50375,48095,43644,41116,39191
2214.0,63054.337166909754,63261,55982,48472,45724,38556
2215.0,38228.83211792749,38784,35787,36755,41771,34836
2216.0,80735.5666409663,80398,73611,70500,64855,65625
2222.0,132531.35062033427,131471,123500,120513,114038,106759
2225.0,44967.89457734258,45817,40469,43966,49167,54643
2226.0,51250.30578096553,51544,45750,37065,36228,35833
2227.0,52507.02478309554,53611,44701,39063,42608,43013
2228.0,26445.75978596029,26701,23523,17917,16324,17917
2229.0,44061.5198599778,45000,40208,31389,40123,34612
2301.0,40661.06356374606,38792,43500,49250,37571,38669
2302.0,40067.08926862038,38750,44280,55000,52188,58214
2303.0,41353.96847273317,41146,40573,42105,42500,38333
2304.0,50433.809396752506,48636,56875,46477,47500,35139
2305.0,27674.312782782647,27235,29324,25813,26250,24805
2306.0,31761.47109570935,31334,33551,31320,33011,36047
2307.0,33456.558245873726,33060,34145,39044,38319,32357
2308.0,61568.37952596115,59712,63179,61339,52667,46042
2309.0,36026.246508515236,35656,35935,35517,34512,35174
2311.0,33929.89172328057,32143,43029,26750,30598,28194
2312.0,24869.170445501306,24950,23750,23097,22576,23247
2315.0,25737.73816892599,25553,24205,23836,19455,18401
2402.0,107098.52256771806,107750,96667,96250,100664,83185
2403.0,108141.84297805133,105536,111000,105875,102188,116500
2405.0,117656.16709631159,117266,108987,108917,107394,109482
2406.0,96866.37978790517,92857,107928,108156,103009,104050
2407.0,47089.51070380959,49643,32197,55132,55833,59408
2408.0,37922.19652566056,37260,39500,31964,32391,48421
2409.0,40975.97520637273,40972,38750,36339,36250,32000
2410.0,44785.28160613775,45357,39600,35963,37083,34303
2411.0,62157.22699246746,61951,55824,54943,48099,49047
2412.0,73666.48473913319,73750,74432,74375,89183,78229
2413.0,104425.69728040101,106726,88409,86667,97596,90893
2414.0,98695.90600613532,97353,94816,90500,84479,76875
2415.0,84330.62097265666,82050,88333,90449,86903,92852
2416.0,74238.56738224167,75129,63690,65906,65058,66759
2420.0,61271.57605153306,61082,57857,52143,52242,47886
2421.0,104664.43939377561,105217,94507,86599,90670,84755
2422.0,78935.88893840105,77143,82012,80606,79858,73741
2423.0,73119.21159945117,73750,66563,67202,72042,64079
2424.0,70491.8229965082,70242,68348,61786,66190,66971
2425.0,54810.78580803431,55074,48615,44875,42451,41821
2426.0,51652.75464523195,50833,51171,49661,46215,44147
2427.0,25908.81842457902,26141,24073,23821,23688,22500
2428.0,63518.02568198247,62778,63869,59185,61563,61250
2429.0,62014.88084418232,62750,52361,50052,47022,40926
2430.0,67421.93842921621,66635,66063,68550,66755,74722
2431.0,86154.86427834333,86250,77569,70608,68446,66250
2432.0,98231.7602427891,97283,93527,92738,89048,88319
2433.0,71131.40382252773,70890,66574,67917,66417,59653
2434.0,77022.04940711864,77589,67480,65221,63902,63846
2435.0,91942.62136255202,91036,91434,91466,96023,96964
2502.0,38954.80609160324,38250,37321,40822,32750,43344
2503.0,32056.323922273765,31943,31420,31997,31788,34651
2504.0,33028.45791922732,33024,34888,36978,43633,49279
2505.0,64958.5182792184,64275,63264,69968,67646,66724
2506.0,47842.97508038233,46715,50274,48382,46927,41705
2507.0,28724.610755962352,28507,29567,27988,29283,30470
2508.0,36025.219408770805,36402,35617,32127,39500,37721
2510.0,27572.818151225903,26979,26779,30789,23214,25542
2511.0,24423.027098498325,23816,27708,25230,26464,27906
2512.0,44964.76347096197,45125,41277,41101,40391,41324
2513.0,30602.459265406025,30653,29368,29986,30039,32665
2514.0,28426.603511924714,28556,27559,27460,28824,32128
2515.0,25878.678009990563,25069,30014,31468,32135,32436
2516.0,33921.251391017235,33912,31411,31478,28826,28478
2517.0,26816.663927460755,26950,24931,23281,22230,27321
2518.0,22059.747545060734,21958,21946,20750,19722,28750
2519.0,22203.117165419986,22177,21913,23356,22587,21698
2520.0,23519.267717807918,23091,24805,23210,21822,22750
2521.01,31969.477754022377,31458,32664,32377,30509,30294
2521.02,31646.884591041,32080,28453,27665,28257,26539
2522.01,29563.6163357724,29402,28488,29964,27553,29016
2522.02,24589.277336575957,24705,26100,32844,37724,34632
2601.0,12637.893339439537,12033,15000,15515,11723,12356
2602.0,24323.269835361312,24830,23500,20769,25987,29000
2603.0,30126.20074829106,30375,28643,19931,22609,22500
2604.0,25658.487488103856,25313,25264,25938,22063,26103
2605.0,30730.22943773417,30699,28819,28750,26447,22350
2606.0,21971.78320165578,20820,27586,25994,25335,22986
2607.0,22885.409867906168,22679,23533,26495,25685,25224
2608.0,24081.440906612224,23125,28661,24688,24761,28563
2609.0,24752.255640892014,25469,22045,17697,21477,28750
2610.0,29652.333307180626,29423,34573,33110,43487,34648
2705.0,15929.346641860911,15754,17255,16738,16554,20795
2712.0,24841.972975908153,24519,25571,33063,31049,30183
2713.0,23638.424856916496,24779,16905,20035,18860,23438
2714.0,23026.707153015966,21742,28750,31215,29063,28155
2715.0,26130.68637184143,26912,22250,28636,29792,27477
2718.0,26204.4221353831,26023,27031,29926,30573,34357
2801.0,110102.22240672607,109286,104296,101194,99583,93598
2804.0,16366.77432677754,17292,15000,18021,24531,44554
2808.0,16894.29658957867,16648,18750,18750,19074,18542
2809.0,20748.497548226424,20301,20225,19896,13516,14063
2819.0,77712.28185201851,77069,79179,84069,92321,86199
2827.0,64939.63148665041,65898,56531,51287,54602,62572
2828.0,57893.336431716816,56188,64194,58194,61250,46801
2831.0,46898.80976538908,46333,45764,41944,39180,29923
2832.0,52185.75659194853,51875,50363,50050,49609,55096
2838.0,58996.808572677495,59571,52393,49596,50781,54875
2909.0,20517.877592872585,20982,18226,16622,17104,22833
2912.0,21654.84961748296,21488,21763,20792,19375,17926
2916.0,36535.745158640246,38182,33864,33500,50556,43611
2922.0,22081.990559499343,22316,21573,22148,24008,25331
2924.0,23210.28438069476,23241,24010,19571,22714,23179
2925.0,35189.78705461306,35568,29643,31875,27122,30714
3005.0,34524.11734094682,34129,34852,36377,35463,39375
3006.0,40884.55468265558,40909,38611,39142,38958,36138
3007.0,27882.074134241928,27688,29505,28500,31545,32917
3008.0,27541.62347628364,27083,29805,29167,30409,31644
3009.0,23207.305254703886,22656,25272,25494,24127,27681
3011.0,28397.538666602322,28398,28058,26572,27727,32361
3012.0,29477.703061927383,29375,31026,31781,35918,36938
3016.0,29540.908303697786,29741,28353,27549,29362,28664
3017.01,30106.251496716257,28964,35597,35215,36136,44830
3017.02,28793.00461506954,29599,25734,23351,28125,32833
3018.01,32946.90789120644,32716,33449,34068,35197,35245
3018.02,33512.451177116964,32702,37321,35952,37928,31250
3018.03,30869.86651368374,30568,32464,31858,34219,35938
3102.0,63963.047761115886,63750,55313,63015,50500,55089
3103.0,41436.79339475296,39331,50179,50324,49676,48462
3104.0,47142.03881544371,45795,49792,42989,39792,28636
3105.0,41121.70176230311,41486,35927,32316,30139,25455
3106.0,27127.789560782017,26698,28352,30920,29778,30619
3107.0,39890.084971954515,40434,33500,32500,29236,24079
3108.0,38144.52030759785,37813,38780,38062,39635,40871
3109.0,29704.367271921004,29183,33924,32692,38081,36086
3201.0,106472.19342482135,104611,103318,100073,91250,96896
3204.0,162899.2011898482,160455,145250,121875,89167,87250
3206.0,86355.54739925219,84934,84201,70577,65575,68644
3301.0,83056.26769063434,83391,74009,73286,71563,74607
3302.0,78996.63976177938,77061,80726,79973,74519,76467
3403.0,27610.964488603557,27197,26402,29318,23056,24861
3404.0,33057.21188745515,34048,26364,32568,31569,39688
3405.0,23286.31964119637,21477,27770,27917,17167,25515
3406.0,11588.838684686005,11797,11708,12287,12826,12333
3501.0,43994.96638879038,43255,45659,40742,41571,38459
3504.0,9343.95837224924,9775,9500,8798,11650,6696
3510.0,46180.01031667208,45529,45806,47545,44728,44588
3511.0,11355.138345095846,11518,11358,13658,13178,11925
3514.0,9662.988652285154,9845,9680,9954,9550,10670
3515.0,26854.580958160062,26250,29286,31167,30652,29609
3602.0,20731.556380038728,21635,16317,16083,16933,16338
3801.0,22829.937168475557,21429,31696,22083,26713,19936
3802.0,19575.134094278248,19844,18897,17661,19167,18176
3805.0,20946.354815930852,19375,27102,32188,26883,24728
3807.0,26207.10048115863,27037,26100,26250,36979,29052
3812.0,41224.75851695647,40652,41119,36295,34527,35750
3814.0,32327.633537000205,31875,38462,44844,55093,52823
3815.0,34792.09277194979,34608,28942,27723,15966,27214
3817.0,-347.4540347066213,0,0,0,0,0
3818.0,29191.73778787233,28359,30757,27800,23726,22778
3819.0,38955.61191329131,38438,38125,36860,33250,36020
3901.0,61888.761575649296,61563,54886,48958,39688,37222
3902.0,38787.58626094561,39179,44491,38143,60130,66277
3903.0,21075.042984694457,21490,20938,18158,23077,26263
3904.0,25817.786494845946,25880,23860,23885,21439,21654
3905.0,44356.21169806949,44038,44053,43947,44962,41500
3906.0,69437.23346475384,69250,64609,58895,57768,55650
3907.0,51982.39078601056,50991,52484,50932,47727,46979
4003.0,37081.83150893786,36250,39760,41964,41641,40938
4004.0,27803.748556338433,28885,23431,19559,24583,19904
4005.0,23314.89025894431,23387,25323,17524,24194,21319
4008.0,14629.611637813005,15425,11806,12703,14288,14433
4101.0,37027.63073965076,37332,34083,33050,33942,32372
4102.0,22338.457581599134,22656,22361,19453,23885,25930
4105.0,46582.4977723401,47056,43611,40417,45647,38266
4106.0,41329.62697709555,41121,41136,48582,49655,47311
4107.0,46888.90125331338,47135,43145,44034,44539,37382
4108.0,41034.17590015143,41288,38108,38318,39449,39901
4109.0,52318.115071651984,51552,54246,58056,60174,55109
4110.0,60707.90426992467,60388,56123,55303,50653,45407
4111.0,103253.8199786381,102039,100250,74375,75054,76875
4112.0,91429.80502491053,88125,94306,85000,69750,62303
4201.0,17380.644311076026,17481,16847,14330,13807,16725
4202.0,36823.73218432089,37583,31399,29931,30673,30259
4203.0,31105.440348753924,31083,33362,33359,40455,36325
4204.0,16700.322625117697,16150,18263,23869,19358,30144
4205.0,23900.144135495306,23750,24479,22708,23125,23325
4206.0,17161.93088682911,17095,18179,15658,16552,22250
4207.0,22516.068229431632,21868,26409,27500,28793,30069
4208.0,24597.58896722858,24545,23445,30284,27292,31786
4212.0,27152.613355569007,26635,27212,27955,23400,18049
4301.01,28985.703107174562,28638,29423,33197,31580,28221
4301.02,21097.752907115184,20105,26596,26812,27376,27198
4302.0,26184.09938133506,27440,20564,16449,20417,24085
4303.0,19354.332365173883,19429,23333,34773,42946,41225
4304.0,22681.35586197095,23448,22940,24688,34511,24005
4305.0,19627.857534656792,18772,24778,21500,22922,23573
4306.0,28567.906409942596,28664,29435,32128,36683,31086
4307.0,29224.11974749013,28750,30500,31189,30315,31250
4308.0,35184.00284002487,34948,34939,34771,34782,33060
4309.0,24253.882953706237,24375,25068,25250,29250,23813
4312.0,55170.18165364601,53875,54712,58083,49417,46414
4313.01,22632.412029388885,22760,22234,21673,22772,25815
4313.02,23714.92581386214,24352,20332,20747,21371,21348
4314.0,22284.475920989415,21360,27139,30914,30762,28605
4401.01,26488.89549321324,26018,28381,25169,25469,25307
4401.02,21276.53499698582,21618,22054,22422,28224,30319
4402.01,37176.799760331065,36394,35861,34821,26596,28056
4402.02,27701.900486745784,27563,27128,27329,25998,27515
4403.0,50212.098031864756,49207,53224,43188,45839,46371
4406.0,46393.169756610034,46250,44602,44663,44891,57188
4407.0,38480.46283899236,37361,44250,39306,43500,42286
4408.0,20555.674424822093,21108,20104,21623,26897,25577
4409.0,38860.92274899581,38550,38500,38293,38016,47315
4503.0,43876.567959055705,43594,40781,42049,37056,39803
4601.0,33087.274527575624,33060,32267,30285,31178,31267
4602.0,28083.256859279125,27754,28649,22557,22247,24894
4603.01,33916.50845564366,33250,34650,38646,35052,35821
4603.02,21231.52859470177,21322,20981,19625,20376,20945
4604.0,42069.7434633486,41734,42697,42772,45096,41736
4605.0,37536.81964017606,37063,41145,42365,48504,44496
4606.0,30451.715387539716,31442,25694,19659,23594,21033
4607.0,20736.180267031737,20442,20900,22593,19321,22753
4610.0,12732.871625944565,12818,13624,13416,14562,16792
4701.0,23095.012540262152,23274,25417,19083,27500,34948
4801.0,61389.83965839513,60313,61382,62813,59330,66712
4802.0,34605.80328110752,34271,35417,38919,39597,44643
4803.0,54057.44040738811,53352,54405,58750,58429,54744
4804.0,52258.171425249086,50774,55603,59938,56698,59473
4805.0,48291.42231625962,48375,46667,49046,52500,51953
4903.0,49114.748802978094,48063,49018,44118,38568,38654
4904.0,56509.16217617576,56447,53971,52303,54327,52500
4905.0,52452.160593603476,50846,55123,55038,49375,47426
4906.0,49822.53265961123,50917,41384,47983,48145,44167
4907.0,35626.20121150028,35504,37368,36597,42500,55275
4908.0,41119.58539571584,41848,37891,34659,41062,41554
4909.01,38137.05402951055,38188,33996,31013,26741,30991
4909.02,41704.05582263028,41119,41377,42630,39714,43200
4910.0,24117.925144954355,23934,24683,25688,25443,25855
4911.0,46354.3222337145,45190,49032,48110,46333,45734
4912.0,39883.78790579426,38683,44500,38576,39688,50156
4913.0,22797.219545182867,22054,27917,30208,33039,29211
4914.0,25795.21935916719,25904,27434,25313,31582,37799
5001.0,42271.98923257201,41425,45190,46020,47381,43923
5002.0,30646.192688324554,30341,29297,29215,24923,32543
5003.0,34114.01357235716,33836,34875,43141,43772,50200
5101.0,34399.76279164919,35262,30020,29213,32850,35227
5102.0,42199.62452672231,42253,41719,43553,47841,47500
5103.0,36442.51255291541,36192,35786,33013,32500,35546
5201.0,36629.88667897219,36164,34583,34737,28365,31875
5202.0,35679.33336059897,35667,34219,29894,30382,26759
5203.0,43196.210695826776,42527,44231,40768,40703,44474
5204.0,46999.49183201105,46778,45125,45799,45000,41098
5205.0,64970.933279472636,63727,67009,62447,62965,60229
5206.0,40355.562103303724,39537,39949,52120,44858,51509
5301.0,21902.5251938538,22577,21250,22289,28910,28673
5302.0,25259.55764198227,25590,23634,25434,26559,31806
5303.0,40395.0182764922,40625,38177,38472,40734,35819
5304.0,55222.892113997295,55781,51167,42863,49194,46028
5305.01,40657.4443049527,40446,39366,39074,38327,38413
5305.02,33728.17580537449,32250,41250,36987,39688,48190
5305.03,39351.24420484113,39489,42355,48219,60135,53407
5306.0,23199.118185700776,22344,26583,30302,27927,31905
5401.01,14614.885671706683,14943,14005,13805,14913,13595
5401.02,14803.977457104742,14850,14932,14536,14030,14438
5501.0,43518.28948400478,42447,44824,48166,43358,47215
5502.0,66623.36536408296,66583,61316,54571,53568,51544
5601.0,56555.673414799916,56000,51719,39063,31354,31023
5602.0,41639.600603748695,43207,36339,36481,47917,45658
5603.0,55318.300552039065,54120,57300,56914,55200,55441
5604.0,44610.143592475295,44400,50284,49250,64904,65724
5607.0,54915.987057358005,53600,54327,53068,44286,49982
5608.0,62504.98027250307,61714,61809,64228,62731,63875
5609.0,76581.47872148298,76154,73073,74188,74098,74451
5610.0,67493.42464785393,66386,67700,63934,62500,65786
5611.0,77352.78497153385,76774,75972,73875,77222,72262
5701.0,51414.34085917374,51719,47045,51650,52115,51000
5702.0,43597.634950038235,41607,45403,62344,46477,42554
5703.0,44263.715998909196,44029,42647,42917,41947,47661
5704.0,43398.79572201184,43143,43477,41250,43839,42350
5705.0,43601.67530812318,43393,41950,41250,40456,38723
5801.0,39645.04951591455,40205,34028,38785,36771,37088
5802.0,33619.84247163256,33589,32312,31567,31335,32294
5803.0,36778.57210916036,36618,34848,31284,29167,42645
5804.0,32602.516086022937,32500,32114,35591,35663,29353
5805.01,40954.9218069147,40683,40273,43696,43274,42669
5805.02,37252.984347294245,37423,37162,40481,45712,47692
5806.0,39825.159038810925,39814,38354,38581,39542,40085
5807.0,35594.436921946115,34714,39089,35375,36554,37964
5808.0,29974.561131406957,30547,26739,25900,27656,35491
5905.0,50258.75013505834,49758,50352,51667,52625,54133
5906.0,39472.91145814718,39383,39148,42180,44383,41864
5907.0,44844.22020374116,45017,41136,41644,40938,41463
6004.0,35311.7989817757,34975,35928,41477,41652,43153
6006.0,31890.436449258686,31952,31788,31394,34479,33398
6007.0,31172.784934587802,31023,30696,35833,34878,37939
6009.0,47279.81263688215,46389,47051,42639,38214,40833
6103.0,36337.06384360819,35304,38352,35979,32128,33930
6104.0,22104.869647885305,22140,22396,26276,27238,30071
6108.0,53323.59400487782,51719,61548,70938,76801,77656
6110.0,19970.591580020257,19909,19500,18906,17019,15893
6111.0,22599.452561993847,22620,23724,24658,27708,27161
6112.0,28259.461681927896,28276,27647,32171,32262,36726
6113.0,27416.273653333843,27143,28438,28889,29419,31384
6114.0,31493.05391830508,31250,30927,32169,30396,28101
6115.0,28334.054501814022,27994,29598,31623,31954,32205
6116.0,32404.018060529503,33485,30530,35278,45994,51336
6117.0,29744.25822444236,29375,28355,31125,25493,26813
6118.0,24747.026949046987,25109,22829,26348,26902,32945
6119.0,25597.28146023281,25806,25642,21875,25915,23824
6120.0,25772.40899265534,25848,27098,29531,34245,27188
6121.0,23775.84234577952,24141,22250,29107,30000,28555
6201.0,42963.019493015694,42321,45638,46250,49659,53782
6202.0,50090.15800125002,49848,46146,48986,43854,44732
6203.0,49162.42250639242,48340,48231,47560,42431,46964
6204.0,42125.777764973376,42661,41442,42765,52292,52333
6301.0,28947.782568812116,28621,30833,40600,41806,50884
6302.0,28042.84142507286,27468,31023,29009,30729,48958
6303.0,45640.37644513011,45531,43295,41314,40750,40088
6304.0,31011.27558994883,30902,31158,31535,32886,32554
6305.0,39579.25313936785,39561,38520,38039,39844,39097
6308.0,41701.212847624774,42008,37482,34975,34300,40136
6309.0,44925.72323282632,45441,40313,37272,38967,38750
6401.0,48725.838671757134,47500,49080,43281,36689,43958
6403.0,69676.53864818983,68483,67190,63900,55952,55385
6404.0,76368.61718113901,74583,76840,72781,66042,60833
6405.0,67934.07307281991,68460,59722,63125,61600,54505
6406.0,37513.35397413783,36274,42431,45536,45391,47364
6407.0,58210.89675068129,58200,54659,59006,59162,57716
6408.0,47952.74335118427,46724,52337,50663,52348,56400
6501.0,43679.50786508248,43125,43250,43567,41332,41480
6502.0,47934.46952013369,48298,46605,45505,53171,50192
6503.01,61297.15457873361,60885,58485,58056,56339,52596
6503.02,48144.54915303556,47042,50771,50530,49705,50909
6504.0,51070.93739037891,51039,47423,46030,44679,44883
6505.0,57629.03303654844,57625,52500,47321,44915,52222
6603.01,22171.09005166762,22083,23788,25385,28083,27364
6603.02,36046.66888199051,34810,40245,40619,38859,38478
6604.0,43123.328751901514,43609,37481,36849,35259,35617
6605.0,38104.237507966194,37418,39759,40214,39750,42500
6606.0,28775.525900526656,29071,27358,32109,33787,35982
6607.0,31190.877679524274,30800,31406,27012,25742,27070
6608.0,36291.051908015696,35730,35538,37143,32289,36316
6609.0,28700.354564939575,28634,28068,31888,31136,31685
6610.0,30012.24287692439,30218,29806,31313,35234,36964
6611.0,47378.72521058841,47588,43770,44574,45067,50441
6701.0,29795.36258533473,29353,29963,36442,33026,34063
6702.0,22601.689416678422,23438,19483,20972,24152,19402
6703.0,38580.312308646826,38510,31667,33625,21394,21008
6704.0,21686.522626981263,21471,25625,30345,36250,31824
6705.0,27348.415391371735,26875,28686,28514,27443,26686
6706.0,25854.856655732943,26250,25769,25383,31033,30685
6707.0,25678.32122432347,25905,22813,25987,23108,25417
6708.0,18684.532008173843,18882,20833,21757,28250,24792
6709.0,27661.61902827748,26103,37566,27986,34167,32361
6711.0,25454.28042685382,25625,24167,18880,19652,22578
6712.0,19992.254256562257,19837,20950,27869,27275,29200
6713.0,33238.030048347915,33158,31897,30130,29265,26472
6714.0,28435.16019615251,28922,26364,33816,35938,38170
6715.0,23603.298514312344,23656,23443,22957,23919,28092
6716.0,24492.512721449057,24914,21364,20833,19766,21250
6718.0,29086.32265209458,29353,25149,23409,19915,18209
6719.0,49027.71709298876,49167,45781,41607,42969,35500
6720.0,41298.88587791198,40646,41635,36978,35247,35308
6805.0,19402.7469326526,19321,20273,20764,21364,24318
6806.0,22379.93658644457,23029,18375,15227,14676,14085
6809.0,13795.832296129258,13733,15196,15900,16586,15042
6810.0,13787.343615005757,14474,13512,14297,20060,20573
6811.0,18861.248135540136,18774,20638,22267,24566,30409
6812.0,21008.478509157285,21103,19279,17600,15110,17884
6813.0,22741.74317987627,23425,19453,21434,22424,21250
6814.0,34829.25600696731,36117,25031,25040,21701,25313
6903.0,17543.28362273101,17391,18419,20469,19667,19125
6904.0,24378.423617204782,25000,22339,21239,24960,24853
6905.0,31265.32845609799,28500,39563,37976,26453,31406
6909.0,30191.133014621108,30886,25647,34096,33490,34267
6910.0,51156.00153486453,50536,50191,42118,40507,35469
6911.0,22418.70622635298,23056,19816,21250,23200,23350
6912.0,27020.1556884157,27258,27244,27148,31875,31680
6913.0,36045.16817509574,35000,38620,48125,44083,47578
6914.0,28236.023771578883,28605,28232,33298,38808,41346
6915.0,22758.438723444335,23438,21638,24957,30565,30139
7001.0,56573.07305913377,53882,63333,64681,56131,54353
7002.0,49819.05691483811,49020,51875,57083,58381,59474
7003.01,54916.18218287527,53254,61284,47292,51141,44972
7003.02,59472.63797144563,57413,64423,66860,62269,57554
7004.01,71216.87238231648,70455,70703,72656,73949,64753
7004.02,67429.00201204303,67212,68194,73276,82599,73250
7005.01,70705.61217809259,69938,72765,75087,81848,80000
7005.02,85667.45778823964,85833,78380,75366,76384,80096
7101.0,14234.864738527229,14913,11696,12969,13679,13917
7102.0,24598.018258200373,24688,23924,22644,23217,23430
7103.0,23815.274582662718,23676,23990,24403,23810,23418
7104.0,31681.733276612093,30425,37442,32663,33650,37500
7105.0,26620.573316519643,26217,28777,25307,27038,32956
7106.0,25885.015270753494,26250,22500,22692,20640,21841
7107.0,24403.39600865277,24127,26221,26053,27679,29891
7108.0,39343.75714897303,37883,42566,42967,37173,35761
7109.0,20365.288570212844,20698,20281,20558,24152,37679
7110.0,30095.746855836678,30286,29189,30688,32898,37222
7111.0,37039.642679373435,36451,36270,30733,26424,28750
7112.0,40597.77357083768,40231,41438,43405,45304,49536
7113.0,43422.094312546906,41518,47500,45551,37625,26316
7114.0,32226.689739200505,33125,28952,30078,35885,37476
7115.0,31458.749391461894,29500,38071,43945,37435,47958
7201.0,105250.8144232026,100357,122917,123462,124435,121659
7202.0,67019.26169948527,65758,68906,69813,69701,73507
7203.0,111320.14614360534,107837,115523,108029,97996,95933
7204.0,89603.5860675399,86906,96034,96087,94440,93933
7205.0,102296.17247420613,100938,99118,92596,89000,88885
7206.0,115769.60729416659,113920,113261,112321,106957,103250
7207.0,61026.15784502284,59038,64103,71833,63750,59091
7301.0,47700.25787719558,48226,41154,36597,34931,34815
7302.01,32482.482016455244,32623,31323,32238,33913,35620
7302.02,45345.25425533608,45862,42610,39338,45322,42775
7303.0,43577.87186166795,43516,41389,47647,46667,41510
7304.0,53847.878803874315,53427,51442,53142,50294,49879
7305.0,51821.39937721622,51250,48815,48047,41894,44798
7306.0,48296.468488034734,49732,43244,43565,55511,54265
7307.0,43560.57022002144,43309,42628,41739,42042,40558
7401.0,88098.36671434034,86746,87074,83472,81151,76875
7402.0,94794.05373916414,92764,97988,97557,97824,92586
7403.0,94364.31924140351,94583,86406,85313,87268,84375
7404.0,81635.78762186698,80765,82673,73984,80912,77813
7501.0,41684.855601648305,40000,47782,46192,44868,42925
7502.0,62178.24571650854,60403,65972,63523,60833,63750
7503.0,86786.32312089397,86176,82845,82287,81607,78944
7504.0,86169.23305714405,84400,84375,90125,79808,83324
7505.0,55456.22829391215,55128,52679,51250,49358,45787
7506.0,44749.39168804078,44383,44304,43113,43450,42063
7608.01,48141.86682170703,48617,43638,47950,49397,44944
7608.02,51358.12818493554,52344,46434,42159,50288,50605
7608.03,41785.49477108636,41481,41132,40897,40722,44629
7702.01,53038.675936714506,52455,56667,51549,60650,57078
7702.02,51487.05359557379,51213,51300,54000,57137,60781
7703.0,71590.72729611349,71742,64314,63734,61130,61677
7704.0,57729.5632492523,57123,55883,55293,52629,54414
7705.0,44435.59684116913,43634,44618,40719,37545,38271
7706.01,64781.67051729455,64309,65273,78000,82326,90481
7706.02,60251.34871092522,60132,57545,57935,59563,48468
7707.0,50042.80678192855,49604,47589,46048,42344,45183
7708.0,57210.15548844219,57528,49625,46875,42468,49609
7709.01,57057.354058800636,56719,55032,49350,49806,47489
7709.02,56630.16133983636,55879,54804,52147,47792,52417
8001.0,231195.6417866663,225391,250000,201000,227778,226375
8002.0,170654.58134393778,171214,159167,154976,170938,166875
8003.0,199840.1422524018,201146,157679,192578,152143,131339
8004.0,215973.6774674281,212344,218542,214028,222356,241513
8005.0,215114.69273748767,211286,211467,215726,206875,211750
8006.0,224806.6698382615,227708,192083,231875,236250,241250
8007.0,167142.647421438,166731,166875,172656,200208,219250
8008.0,79572.08283675546,78750,85375,100048,115213,93136
8009.0,105076.25945538949,102303,111094,91757,93850,96080
8010.0,108957.9130912935,108456,99919,108207,101702,104969
8011.0,149572.98337705474,148640,134934,150985,135556,133281
8012.0,165205.90980638907,160221,176406,174479,174088,171000
8013.0,143544.50612057053,144531,124792,108854,108750,106765
8014.0,103100.0564795427,100742,106438,113224,111125,120938
8015.0,108868.0879112718,107273,101639,88913,75724,74865
8016.01,106089.60401780202,105064,104911,96250,102067,117188
8016.03,46711.98497431005,45982,50938,50915,57647,59167
8016.05,110791.90478842158,107778,111392,108352,95278,97316
8016.06,116432.21355410361,115000,113929,104875,105405,102273
8016.07,80600.59377292877,78969,82324,89500,87153,79231
8016.08,110739.55253836163,112929,97083,99417,115294,113558
8017.01,147772.8379567191,145469,137333,150602,128250,126161
8017.02,119523.24439855336,115759,123875,125063,113051,108938
8018.0,122325.02109399684,121331,117969,113244,115724,112394
8019.01,77182.36715650035,77500,72338,70764,76875,69509
8019.02,142711.54243882425,141719,136932,139583,142850,140729
8020.02,94466.57058677137,93621,92229,99792,101047,105444
8020.03,91280.31513705927,89604,91944,87917,86302,106417
8020.04,45039.405600313345,44661,46849,46770,51905,54018
8021.0,133333.5524702783,131607,131250,132321,133162,128631
8022.0,99002.71601511122,97963,103500,103452,119145,123214
8023.0,90003.65216501518,89762,89896,82043,95653,94907
8024.02,56391.784591270356,56344,48510,49479,39557,43194
8024.03,61914.666423362025,60982,61719,59464,57756,53984
8024.04,45138.39213838166,44279,48217,44102,46838,49135
8025.03,73530.55890945332,72576,73302,70778,71432,69568
8025.04,75399.12621651925,74627,73125,72121,70664,63639
8025.05,50373.643246678745,49953,52016,52229,57692,63782
8025.06,51461.094242016035,50150,55603,55531,56354,53506
8026.05,80271.67289074755,80395,74883,74354,77583,76673
8026.07,80534.91609523066,80250,73750,65341,61563,59327
8026.08,59707.08576776688,58022,63736,65979,63818,62966
8026.09,52211.529861164105,51850,50760,50118,49942,48314
8026.1,85707.737514296,84375,86125,85833,86042,93750
8027.01,75289.83543169871,74656,74375,86417,88223,81367
8027.02,80197.5135474607,78992,80495,85167,84830,84709
8028.01,91526.60960630854,89643,91827,88922,84013,80417
8028.02,88320.59943721676,86505,85951,80040,69598,66857
8029.0,103665.42937823135,102725,100417,92292,93920,98973
8030.05,68405.54167348189,67976,63405,55625,51250,53819
8030.07,110848.70292006299,110248,104059,99182,98278,95104
8030.08,93716.76984496378,92350,93750,98795,99044,95735
8030.1,103932.19478371622,102759,102629,86923,90962,86440
8030.12,71499.16732886287,70302,69595,66736,60407,63370
8030.13,81133.08010307077,80785,76181,80712,79054,77244
8030.14,57515.51860838545,56473,57378,69783,64400,77500
8030.15,71558.24982083189,70833,71458,70370,73398,71792
8030.16,81752.32915000296,81484,76300,72200,71400,71976
8030.17,80762.6829809419,80136,78417,67426,69773,73070
8031.0,104530.09117366458,103167,102326,105000,103068,99631
8032.0,77242.0247144125,76696,77750,81705,88966,88530
8033.0,77086.70719299528,77120,67004,62552,54017,57059
8034.0,107300.48543424846,106518,98542,101900,92850,94643
8035.0,90532.37669275695,89338,89375,90353,89679,89975
8036.03,119464.84137183675,119107,112222,120759,122300,121515
8036.04,73334.25652181263,72500,72344,73878,73797,71085
8036.05,86590.68157050922,85179,91083,88162,96929,90136
8036.06,42896.476818573574,43592,37182,36134,36837,38980
8036.07,104587.67242459285,102388,104308,100077,93309,92841
8036.08,71370.14473604692,70170,74170,73374,77171,76934
8036.1,72766.72993756403,71491,74114,76446,76143,72643
8036.11,51223.78353815596,50156,55185,51651,55230,59716
8036.12,50381.827779868356,50141,49388,58106,58977,63173
8037.01,66876.51282721962,65714,68324,65954,66333,69093
8037.02,79764.37915559793,78661,81135,85096,88304,82027
8038.0,84803.46559707893,84474,79167,81563,79671,82727
8039.01,59499.58882086963,59130,58276,56290,58333,61414
8039.02,79602.89464698368,80000,70257,70764,68194,66361
8040.0,62363.83907388071,62108,61595,59696,64727,64036
8041.02,127517.51794816107,126014,123553,125764,123611,119087
8041.04,103019.61213415221,101480,99938,92763,87485,88942
8041.05,119325.513687161,116714,122228,128213,125981,123702
8041.06,96381.29121116709,97679,84136,93155,97712,98711
8041.08,70985.40537315416,69729,68413,66250,57559,57261
8041.09,83888.51312897963,82778,84420,83859,86538,91111
8042.01,154572.07387003966,153214,141688,151250,136528,146974
8042.02,117138.43123602906,114494,120625,115833,115112,113866
8043.05,72441.47204240291,71862,69375,70168,68356,68580
8043.06,66293.44418904772,65193,65833,64614,61250,60711
8043.08,70851.23671628693,70393,69698,73815,76950,77736
8043.09,66804.21898537313,68712,52045,55200,55174,54828
8043.1,95435.96127227863,93024,96194,98140,88443,91013
8043.11,98595.43826420578,97188,96310,100170,96055,101587
8044.03,68833.22608174972,66642,75324,69063,69375,69181
8044.04,76813.51467239758,76618,75457,63083,71912,73254
8044.05,45639.479150464016,44107,50236,45765,44113,42102
8044.06,55654.519115509385,55360,56471,68359,73487,72609
8045.05,74118.69750037782,74457,66139,66993,65461,62996
8045.06,88946.1537371848,87063,91972,92188,92399,107663
8045.07,101755.4180711098,100345,100413,100361,99423,96814
8045.08,58217.17577768059,58333,54375,54625,56048,54662
8045.09,70363.37159341491,68365,75200,77363,75765,68500
8045.1,54796.78514564176,54257,54551,57317,57959,51172
8045.11,49069.33510894603,48511,49381,47500,48321,51429
8046.03,57549.45254339734,57946,51731,49156,49639,46789
8046.06,97915.55397832955,96581,97083,96144,96434,100074
8046.07,99517.2313511552,98049,97444,88839,85972,88316
8046.08,74593.32046097044,74087,70350,77404,73698,79392
8046.09,96735.21485082211,95978,88750,90633,81318,80957
8046.1,67737.1895524464,66719,68158,61389,61840,57724
8046.11,78249.0128958482,77273,76167,71703,69288,65319
8047.01,59968.746136313515,58245,61108,57961,49570,56241
8047.05,66565.05355458889,67167,59833,60469,63079,66750
8047.06,105459.60139157173,104583,99688,96007,92759,85179
8047.09,54162.76965968657,54030,53045,63882,66396,61937
8047.1,75311.62949959462,73663,79091,83500,84571,79531
8047.11,70072.1898365309,70517,62756,63150,63454,61694
8047.12,94565.44112209434,91979,98368,100393,95174,96090
8047.13,78678.0582678576,78375,77551,64626,73185,60136
8047.14,88691.4670013052,86538,89469,96193,87534,79583
8047.15,51242.61842377509,49152,58542,48750,48359,45750
8047.16,87971.44905707559,87037,85880,86667,86409,85677
8048.03,83829.86835869057,84069,77688,80731,84102,79669
8048.04,70332.08896276986,69635,68036,67973,66089,59738
8048.05,80852.8279760125,79922,79053,77025,76111,79167
8048.06,58001.73538552148,56724,62500,73860,76188,71979
8048.07,66760.59765390745,66583,64408,66684,69710,77471
8048.08,84805.22150503748,84408,78934,76895,74145,73106
8048.09,100360.51978681446,99375,98333,91678,94568,90656
8048.1,71816.40029753117,71155,70574,66736,68329,66129
8049.01,77769.38804889012,76604,78245,80929,81104,81055
8049.02,81705.8342720561,79789,82452,83750,76753,93125
8050.01,95367.88505474452,95000,90150,89331,90667,90722
8050.02,52580.59101608129,52018,51998,51867,51286,49593
8051.05,51894.075445684684,50872,53577,51559,50634,49615
8051.06,71170.49249519191,70372,69417,67072,65625,65729
8051.07,47417.56706364475,47050,48229,49476,52940,52639
8051.08,53614.768081426206,53950,50260,47320,51667,62180
8051.09,72376.10875959437,71023,72399,70457,66667,71048
8051.1,63128.305705608334,61906,65035,65833,65341,66134
8051.11,56607.24623908054,55940,56273,56618,56233,54837
8051.12,49683.6896782029,49020,49321,51905,49681,49493
8052.01,86641.39456791157,86528,84821,68684,80091,76440
8052.02,83242.86428141093,82180,82132,79089,78802,70550
8053.01,63254.18626985158,63075,58889,66184,63421,63819
8053.02,75653.05492341261,75523,72188,68750,72500,74063
8054.01,75007.30200777421,73304,72892,65750,54261,65000
8054.02,58367.266990753524,58339,54676,53006,53304,55398
8055.01,85168.34813012308,84238,82690,74781,73966,93587
8055.02,105175.8731959527,104044,101389,102500,100089,97143
8056.0,119317.33241935965,119912,109511,106488,114688,111728
8057.01,88243.70587069164,87192,86740,87708,87418,87016
8057.02,118541.95306199731,121875,90132,88472,87339,86758
8058.01,81595.0364025037,80375,80000,86950,82344,99722
8058.02,85430.30892637926,83214,90350,84476,84786,91184
8059.01,74716.35740444918,73309,73713,73220,66912,71894
8059.02,89783.53485925762,89828,84352,80255,85012,85260
8060.01,47268.44426966593,46810,47804,45173,47325,47039
8060.02,53871.28239732976,53244,53429,49583,49231,45455
8060.03,51751.771574524166,51294,50722,51727,51080,54960
8060.04,44821.81783974881,44783,42258,43158,42455,41009
8061.02,77799.62049006579,77208,76146,73188,75972,70313
8061.03,79104.93786738634,78317,78321,73606,76490,76473
8061.04,37402.90233106441,36653,39667,38864,38969,45543
8062.01,53219.92231468208,50804,61205,54407,51862,52681
8062.02,64500.99835356111,62869,65578,59375,53276,54007
8063.0,76471.94077347258,75662,74018,76818,74375,77686
8064.0,67239.7398251352,67763,61458,72083,75000,76250
8065.01,49998.50935720366,49830,49358,46607,50198,46250
8065.02,60485.780940435216,60095,58344,60233,59825,59351
8066.0,67477.36635760123,67436,67096,64395,74054,65795
8067.0,97363.83212506806,97188,96667,106221,119200,114618
8068.01,60395.09845066589,60382,58958,61083,66619,64167
8068.02,79802.47153819326,78714,79438,76270,76557,76950
8069.0,60891.45900252058,59675,62558,62047,60714,60291
8070.0,50044.60875099759,53041,39475,47664,65313,62830
8071.0,107819.13720476083,102589,120991,120833,108583,110804
8072.0,83900.46763907693,82727,82138,82554,79324,79375
8073.0,57298.30741979876,56827,55096,52833,51042,54048
8074.0,53901.83753393018,53333,55385,54786,59051,60179
8075.0,94478.4983710231,94688,82545,82667,75625,72204
8076.0,64726.974741326296,64338,63881,61695,65565,64102
8077.0,52893.795440639165,52832,52527,53175,58938,53395
8078.0,81967.09156367571,81042,77108,76069,68611,74003
8079.0,107554.13260687579,105833,109074,103818,107429,112827
8080.01,100954.48432983053,99012,97238,101250,88219,67500
8080.02,79350.7429872393,78271,77197,79276,75066,73676
8081.0,45279.21607569084,43816,46488,48396,39327,41288
8082.0,65425.71439181271,63438,66524,64654,54196,57703
8083.01,71662.40375869423,70978,70887,68125,70335,70000
8083.02,68522.27514141527,67069,70609,66925,65819,63990
8084.0,78618.35514061742,76845,82240,80880,81490,78675
8085.0,82598.06828383997,81068,81981,81646,76544,75500
8086.0,106039.16635520791,104125,122813,118750,153359,152813
8087.02,65341.05587404626,66071,55865,55000,52917,51534
8088.0,112715.63861452139,109934,113421,116667,106346,99375
8089.0,111957.59883362494,110556,108365,107156,103804,107964
8090.0,127542.79022923061,123924,134375,121193,119688,121058
8091.0,101149.02844383432,101169,93393,102708,103266,108750
8092.0,50941.69038442217,50101,50930,50051,47171,49125
8093.0,20375.146568379645,20814,19206,17686,20313,23802
8094.0,46159.67394335624,46451,43485,42036,45509,45484
8095.0,57832.590306259386,57835,55268,58210,60763,58464
8096.0,69159.75410839691,68011,67443,66851,60735,58469
8097.0,81228.31211239666,80531,80536,79722,83958,73920
8098.0,69285.71679182473,69650,69519,67643,83750,70804
8099.0,106396.93467091145,103194,112892,112642,109092,110263
8100.0,64132.37716772074,61918,70606,62003,61168,60977
8101.0,67682.59491888822,66953,65323,63942,61064,61174
8102.0,56213.925188071604,56661,53355,55123,61991,61722
8103.01,62017.21836441766,61827,61078,59710,65000,69135
8103.02,71655.57731683874,70912,71149,61765,64554,70536
8104.0,85622.25149112858,85691,77436,77328,74914,75208
8105.01,69227.8689067862,69559,65986,55455,64364,55298
8105.02,46805.1765994063,45707,47955,52598,47750,53446
8106.0,48763.069620688126,48647,47664,43850,46868,55491
8107.01,45882.01474340015,46552,39635,45347,44563,43500
8107.02,49248.553848421885,48918,46621,48113,44801,45559
8108.0,68383.27898360147,67346,69792,72474,74063,73165
8109.0,48049.521632099204,47394,51696,46180,53375,53400
8110.0,82423.5853824302,81162,80236,83606,77760,77936
8111.0,40738.28192082536,40951,38036,40310,41174,40143
8112.0,58325.74847877629,58500,55529,55625,60086,54872
8113.01,60727.65919981601,60000,61466,61131,63424,61204
8113.02,38973.02751415341,37996,41250,40000,37875,34063
8114.01,57085.60784028064,57011,54456,52155,54028,52010
8114.02,54572.486082453106,54417,54063,51531,56591,58667
8115.0,67207.95342423217,65759,68600,65822,62836,62105
8116.0,41897.079324521685,41656,42152,37959,40969,46934
8117.01,50458.02036663985,50211,47917,45337,43892,46208
8117.02,49208.60723486665,47500,56250,55000,57176,55394
8118.0,74649.97666914294,73516,73864,63477,61858,62000
8119.0,112186.24986053846,108533,125083,136471,141927,152431
8120.0,98211.05324014665,96162,101818,97669,99792,94572
8121.0,95424.11213805222,97250,76064,73188,69210,77857
8122.0,208194.0539349235,205380,200341,168750,164598,170208
8123.01,68997.53044471615,67901,67905,65793,61789,59758
8123.02,115255.47722494857,116607,103250,94583,106447,89286
8124.0,182729.44728619576,180268,171000,178214,159800,165880
8125.0,51765.93883449678,50927,55069,56865,61250,64519
8126.0,56912.48606372543,56181,55595,56583,53274,53789
8127.0,67712.53729431913,66302,69219,71429,68750,62000
8128.01,44315.73937258506,43917,43189,44688,42763,45110
8128.02,59026.78919397161,55750,63611,71901,51518,54965
8129.0,83440.19534940706,83281,82302,97414,105848,94741
8130.0,87173.0604589261,86250,86196,82679,85278,94974
8131.0,84816.85956622196,83690,80304,77544,69315,65974
8132.0,94335.43585160845,92393,98205,92992,96167,93457
8133.01,33477.153599605095,33750,31519,37353,38537,38714
8133.02,41903.80885286462,41280,42232,38279,36938,37188
8134.0,41715.58773649895,42045,39903,45648,49716,49295
8135.0,52984.57336898411,52212,52463,52227,49421,57656
8136.0,45753.4271752846,45530,43494,43723,41810,41183
8137.01,39254.80744075756,38177,43457,45125,45840,45017
8137.02,35268.37960277687,35905,36885,37760,52037,58218
8138.01,45213.076192822075,44868,42951,39375,36296,52611
8138.02,41046.50193112785,40457,40292,42604,38431,37109
8139.0,39629.86863344875,39435,40957,40884,45864,45588
8140.0,53221.4436919721,52602,53333,52083,52632,48125
8141.0,35658.88030944646,35625,35938,35187,38897,31913
8142.0,36355.99552804763,36646,35554,38869,43730,43293
8143.0,39672.485547883756,40417,34494,44238,44853,44052
8144.0,44141.23442552082,42471,50104,54303,52822,47474
8145.0,60028.76648966463,59327,59375,55000,54773,45833
8146.0,52356.284595348014,51611,52482,55638,54091,51474
8147.0,59797.23670244189,60074,52763,51285,48077,47525
8148.0,68668.93416295214,68333,64282,57188,55258,64536
8149.0,49112.03055929167,50172,42004,40179,43581,40801
8150.0,46775.65251576165,46374,46580,43523,44655,46458
8151.0,51225.33456265416,51552,47188,43918,46141,44600
8152.0,55157.09959906089,54282,52128,53813,44560,50202
8153.0,64123.30696231333,63043,66058,65843,67411,70642
8154.0,69374.7083404178,68046,68049,60000,53453,51283
8155.0,65353.45278441196,65313,58609,61090,55669,52829
8156.0,59727.470943486274,60885,52568,47679,54861,53365
8157.01,105762.45362672041,105156,101071,94375,97064,88750
8157.02,77627.15816068038,76250,85759,70074,86550,85481
8158.0,80941.31117504768,80395,80625,81389,88000,85433
8159.0,44262.251735115045,43812,44578,44367,45191,47092
8160.0,58562.349275814115,58052,55734,55909,52315,50256
8161.0,56508.07496297445,56040,55160,56136,55758,55417
8162.0,48080.95147263179,48796,40735,46250,44089,42957
8163.0,58921.77575481273,58466,58324,51581,54353,57609
8164.01,45499.66746183492,45675,42983,38967,41541,40078
8164.02,42515.86106398207,41587,45000,51622,50524,48032
8165.0,40471.20460434875,39274,43884,41927,40147,38523
8166.0,35442.32785249602,35434,37056,38732,45394,45430
8167.0,51411.33319250188,50682,52204,51333,51645,47786
8168.0,59771.20494060932,58750,61841,60020,61747,58843
8169.0,54672.99796674601,53777,57674,52961,57344,56467
8170.0,54558.92703693584,53625,56159,53343,53962,57941
8171.01,37698.421768701985,38369,36796,37000,46731,51250
8171.02,53714.00303071505,53429,52384,53125,54318,56832
8172.0,36893.645173293626,36976,36111,35611,38594,40000
8173.0,30742.874660766756,29625,37328,31914,36204,43147
8174.0,53525.06435550646,53480,54665,55469,64889,64485
8175.0,26172.98852881213,24896,31319,33273,30709,35386
8176.0,47559.75785315928,48264,41011,41801,41642,42067
8177.0,53284.97242382209,52769,54119,53269,56603,53281
8179.0,53219.11130476721,52687,51327,50000,47150,50397
8180.0,58489.25447466496,57333,59180,56250,53163,48071
8181.0,67340.747572568,67273,65074,63092,68167,72230
8182.0,67418.60963224983,67474,65640,68456,75580,77593
8183.0,51377.58359423074,50432,52841,53125,52257,54923
8184.01,64302.47109001818,63198,63194,69861,63750,67625
8184.02,61532.38975263147,60972,60000,59688,59104,60208
8185.0,75440.71282573722,76068,68932,68679,74207,67717
8186.0,70032.5720440011,70438,63750,57930,60687,59977
8187.0,81574.19733409367,79412,84833,84046,79911,74737
8188.0,67141.50553751002,65545,70862,68083,68500,69877
8189.0,62319.009645397826,61860,58854,59875,56250,54250
8190.0,113932.8067986608,112264,111506,112500,108818,111930
8191.0,45357.934395861856,43840,52656,48713,53087,48815
8192.0,47442.41138366749,46406,51371,53548,55969,56600
8193.0,78777.0875168792,77800,78043,74896,75435,79875
8194.0,78164.75161129136,77061,77128,67063,66017,65071
8195.0,66656.79373668956,66339,62237,57632,55125,52206
8196.0,131028.5716966428,129875,124653,128750,125982,123304
8197.0,157646.9231503657,155000,150785,149509,134803,133971
8198.01,149470.61118637584,147438,147543,147321,148750,141585
8198.02,128012.04765972258,125795,129632,120972,124028,129063
8199.0,151046.32516470185,148594,148000,148018,142386,147188
8200.0,178272.11596732785,175833,178194,185568,192143,224750
8201.01,83992.01686420968,84271,76483,76298,77482,77857
8201.03,57940.78988032661,58073,56211,56813,63000,64846
8201.04,57379.26176572122,56507,59671,58050,61446,63333
8202.01,84584.24933426503,83934,83662,81624,86799,84486
8202.02,52098.789499006365,51131,52054,53678,49242,53148
8203.0,40509.890569897565,38438,50363,47868,50133,49032
8204.0,45408.50810604861,44773,46386,47917,48115,45075
8205.01,62248.457319178786,62024,57278,61923,57332,65988
8205.02,55207.3648936601,54851,53562,54458,54443,53526
8206.03,51876.83368455589,50368,56250,57171,56179,59688
8206.04,32190.074169376778,30540,37054,44375,37639,46250
8206.05,43003.2388980604,42202,44307,40948,39874,36723
8206.06,63759.200833649986,63101,62623,59219,59192,58766
8207.0,52148.427722610664,51491,50150,48611,43832,47677
8208.0,66453.20057741401,65188,69250,66667,68750,65074
8209.01,44697.03033296279,43815,46602,47995,47203,44833
8209.02,51262.01763088499,50527,52596,53313,54558,53378
8210.01,61911.43819731689,61033,61832,60000,59141,61944
8210.02,56176.141375713574,55379,57019,58623,59089,63990
8211.01,68547.70252593528,66078,74176,69583,64484,63464
8211.02,58193.26842896351,58542,51827,48398,47344,50195
8212.0,32578.92675723805,31753,36890,34583,37371,40051
8213.0,37019.955338095926,36434,38429,43648,43079,43401
8214.01,40530.011341329584,40165,39239,41509,38669,39306
8214.02,51075.950070667,50572,51548,51525,53608,54682
8215.0,39551.20675224259,40278,34511,31494,33490,32368
8216.0,65200.39555931538,63808,67784,64199,64134,61306
8217.0,78804.17464528923,80685,64943,69020,73321,71500
8218.0,67784.14241693406,63652,79539,77083,65635,63403
8219.0,55297.9810458798,54329,58611,61278,64880,65496
8220.0,46409.16348501032,45426,48750,49667,49094,47771
8221.01,62127.09242479183,60331,68715,62778,66369,67002
8221.02,41104.64980067859,41479,42417,61591,71577,64729
8222.0,72253.09678480706,71484,69323,68625,65000,62500
8223.01,60009.63938114203,58734,61693,62941,60568,63152
8223.02,65930.33201490484,64875,62500,59250,49973,52417
8224.0,38700.535096828105,37051,44602,52476,49477,51053
8225.0,66969.15395644358,65146,71280,70147,69002,68228
8226.01,67159.58192224799,66300,65045,66837,62530,68871
8226.02,59960.88415853381,59293,58763,50121,49511,48711
8227.01,43331.371289031806,43607,39609,46681,46129,53887
8227.02,41868.886024253945,41810,41462,43824,46828,48470
8228.01,51758.870643208094,51090,51750,63081,61156,55114
8228.02,60818.75287704822,59871,62721,56397,59318,62143
8229.0,57412.46020080229,56375,59286,53750,54693,54527
8230.01,39473.1548120514,38936,41250,47807,49049,47904
8230.02,58309.71322785698,58657,53093,54676,55659,51638
8231.01,52715.55171240832,53148,49444,52250,57125,52422
8231.02,60112.11597902362,61452,50255,57981,60129,56453
8232.0,64746.609978760316,65292,62382,62917,74115,69904
8233.02,55573.667421325605,54792,54078,53248,48836,48434
8233.03,49598.62435957367,49656,46477,53144,52839,53453
8233.04,42370.99386770927,42238,42069,40116,43041,43671
8234.0,48141.1432269015,47786,47763,47862,49125,53071
8235.0,48385.60475457503,46962,51660,50151,47178,45781
8236.02,56673.85930611577,55862,57256,55647,55808,52723
8236.03,36902.71904009714,36488,34537,32664,26458,23793
8236.04,84187.79867923411,83444,80938,76296,75403,81406
8236.05,66343.55101463228,65781,67263,72850,78160,79521
8237.02,51699.53033140453,51391,50055,50012,49852,54820
8237.03,51199.49526434689,50237,51580,51504,48039,47381
8237.04,80348.74371795687,79375,80030,73750,75929,76660
8237.05,47285.06833516479,47259,47972,46917,54318,58382
8238.01,72381.32833415373,73477,65917,70865,80750,86486
8238.03,58946.1369029529,58438,56710,60288,57768,59352
8238.05,54521.76791823039,54107,53750,52957,54205,49268
8238.06,54697.461576719325,54087,52643,54089,50015,49193
8239.01,77581.26848338287,76798,76458,77077,78368,79792
8239.03,110566.66501706239,108250,110357,97964,92188,90240
8239.04,72949.66290271621,72073,72377,71485,71991,71758
8240.03,86851.7689771432,85789,87074,84788,88200,84688
8240.04,68440.59167922456,69474,68178,68729,91146,72628
8240.05,92515.66289952678,91438,91060,91127,91711,91042
8240.06,102174.8936800324,100521,101875,102206,100774,102500
8241.05,90494.29472229438,90270,87782,86950,94395,93984
8241.06,86776.80144400068,85772,84643,79288,78468,84356
8241.07,81516.29980157885,80448,78411,75181,70043,68984
8241.08,75912.6562252458,75833,71286,69688,71331,73673
8241.13,97595.73114736297,96007,98025,98519,98397,98095
8241.14,99027.31509531064,97539,97625,94663,92352,93023
8241.15,72393.6091179661,71519,70167,71417,67942,71853
8241.16,54131.37260529345,54394,48732,51071,49621,51250
8241.17,100285.06858233003,98245,101875,103125,100814,105700
8241.19,91679.13267645144,90475,93906,96767,103532,102587
8241.2,74573.0956814448,74375,72051,71829,76288,80887
8241.21,76037.14159621936,73397,83000,84329,81291,88917
8241.22,87748.04134918186,86437,86652,84354,82145,80583
8241.23,73576.92821591141,72065,75700,80889,79423,78355
8243.0,23571.561865398635,23893,22874,22994,25851,22196
8244.0,36286.51874048999,37614,32212,35743,45500,44107
8245.03,63098.47453689885,62415,62738,66853,67321,66970
8245.05,82096.07220559641,80374,78750,69844,57220,61224
8245.06,74544.35709586098,72031,82284,78510,78859,75772
8245.07,64746.90735610498,65388,57051,67147,66696,63115
8246.01,70250.57557586084,69337,69638,68529,67917,73869
8246.02,60862.930967361615,60248,59400,66576,64583,70893
8247.01,63498.642699650816,64394,55526,57821,60256,58321
8247.02,57302.48135697664,55904,60114,57535,55988,55478
8248.0,40588.49030149531,40943,38248,39647,43030,50408
8249.0,31225.67113019656,31651,37692,42692,63864,63929
8250.0,58954.58996187378,58125,60139,62306,63726,54491
8252.0,76452.0242336678,77344,64167,62438,58681,62356
8253.02,62808.6016959767,60865,66477,72500,66832,73484
8253.03,64119.88267219139,64202,62546,61719,69227,57288
8253.04,76072.62313316266,74775,74762,76974,71307,72600
8254.0,63821.89385071919,62686,66133,63340,65284,63071
8255.01,43859.62703395894,43094,45153,50041,48711,49688
8255.03,57114.56064869292,56869,54521,56638,56138,60944
8255.04,54189.89922612966,53077,55785,55313,53496,47955
8255.05,56480.72817429229,56165,55858,54079,57369,60098
8256.0,37691.92291023179,37991,36607,44080,48301,47250
8257.0,45180.972775256596,45638,38750,43636,39871,41953
8258.01,30772.46936360749,30928,30199,31648,34348,40839
8258.02,41053.17243343865,40621,42113,43475,45259,43333
8258.03,35080.56405359534,35071,33750,39482,39119,41198
8259.0,39068.04271416519,38846,37975,43036,41689,48625
8260.0,38190.60594556808,38750,33553,36167,36199,35000
8261.0,52835.23417004649,52619,53115,44638,50943,43483
8262.01,31017.193499505935,31107,30662,28478,31319,39868
8262.02,46758.321891502084,46036,47651,48399,47781,45165
8263.01,64216.481173667664,63795,62609,60750,62404,54333
8263.03,49127.13561189955,48940,51025,56996,64886,57500
8263.04,33482.979896665434,33255,34890,45530,47788,48835
8264.01,50870.92569838662,50897,50133,47298,53165,48611
8264.02,51134.01304474192,50793,51301,54161,57198,54046
8265.0,41374.992838189566,41435,41995,38189,45379,46953
8266.0,40143.343471879794,39375,43488,43558,46375,48564
8267.0,31343.375362553845,31179,33450,34040,39133,38398
8268.0,36270.1413515896,36094,36032,36200,37143,36475
8269.01,19680.960648695054,20401,20072,22277,31111,41128
8269.02,16357.324837327506,14618,26685,30000,31080,31923
8270.0,21738.474536721853,21911,23844,17183,24768,25517
8271.0,26217.130047224244,26396,26598,22484,27095,28941
8272.0,34590.0744135089,34464,33214,33028,31693,32772
8273.0,19388.579793186545,19135,23125,27813,32301,30571
8274.0,18434.862939983654,17788,21107,29095,26058,28520
8275.0,23115.903763812505,23099,25718,26920,32889,41771
8276.0,29767.482371441198,29515,30224,31417,31404,33934
8277.0,38225.589860688255,38295,36818,37969,39554,45649
8278.01,60201.88184806971,60067,58322,53865,57625,53004
8278.02,67571.26962091403,66292,71000,72893,76005,65106
8278.04,69659.70392767002,69231,67443,70260,71250,63634
8278.05,75833.44364574843,75521,68924,65270,59327,58981
8279.01,79918.2365880837,77482,83922,73603,68500,81081
8279.02,50910.45211553185,50547,49317,51578,50469,50667
8280.0,42413.32485156731,41208,46583,48509,48354,50166
8281.0,49690.49456071327,49707,50379,48142,56719,62607
8282.01,57620.12206392143,56702,57071,47341,44805,40150
8282.02,49717.57000218015,49453,47833,51366,50369,48551
8283.0,45267.136464185685,44906,44333,45114,44348,51159
8284.01,63527.69376290769,62198,65625,62688,61833,64625
8284.02,44837.839907192836,44625,43878,42687,43708,43510
8285.03,49836.96913448794,49677,50694,49333,56156,52788
8285.04,35118.362268160316,35433,36250,37026,46429,53043
8285.05,55127.90681537498,54063,59736,64375,69474,71431
8285.06,44784.735404771265,45034,42254,41482,44395,43404
8286.01,80412.26192174749,78464,84074,85383,84167,81823
8286.02,81806.23820735668,81280,80893,81217,86987,92917
8287.01,59546.44132369999,60487,50895,56196,56445,57436
8287.02,51879.452339955664,51154,53750,56875,59313,57264
8288.01,80759.61661794447,80208,79286,74821,79306,87708
8288.02,66168.11503479513,65257,64978,62530,59871,66587
8289.0,33890.672301304425,34479,31484,33833,38179,39769
8290.0,17751.09643209952,16957,22035,24671,23864,20000
8291.0,24633.45885208177,24338,26352,32181,32801,31667
8292.0,47898.846369261744,47279,48272,46770,46698,44960
8293.01,58748.19848456639,56829,63991,64375,62123,61131
8293.02,30732.824624474142,30243,32264,25996,26563,28243
8294.01,25681.213389249322,25489,24764,24069,20982,21415
8294.02,41875.81011743788,41993,37986,42500,39648,40929
8295.0,31625.529425398945,32132,33833,36629,49653,38854
8296.0,49566.62614495012,49453,47105,47689,47455,48846
8297.0,30374.303896470083,30639,30813,27401,34028,34855
8298.0,100571.67160530022,98654,100549,95350,91637,92143
8299.01,61991.428278744694,61214,62863,65532,67517,70919
8299.02,73104.6988210653,72309,73690,74405,78292,81426
8300.01,37784.556230890754,37702,36118,36358,35580,35431
8300.03,83344.93445998369,83102,75602,76055,70385,67327
8300.04,92516.51661813528,95341,70096,81279,80137,79261
8300.05,95514.79027553507,94625,88672,85417,77321,81102
8300.06,51970.091038554085,51616,50243,52468,51420,50634
8300.07,45368.650612158446,44802,47083,48625,51250,49342
8300.08,74180.32858273479,74010,71896,70452,75798,75042
8301.0,61094.07355502076,60179,61993,73802,73088,70156
8302.01,50477.44861696884,49490,53178,50797,52241,58438
8302.02,90507.15612611921,90525,82656,66799,67267,67900
8303.0,20380.331507755676,19705,24467,29771,30250,35729
8304.0,53366.376676774446,52930,51364,50816,48799,48889
8305.0,45324.61782975834,46036,42337,41679,49115,50373
8306.0,40619.77554217456,39219,45229,43600,42078,45211
8307.0,36792.35112730311,36176,37833,39076,37692,42600
8308.0,61953.5950648069,61295,61563,56515,57887,52899
8309.0,93622.3067554677,93935,83879,82313,81302,63482
8310.0,139674.45694507723,137014,139464,119542,117180,113983
8311.0,49085.51992684817,48621,48586,49211,49085,49326
8312.0,35550.734460976775,35988,32131,35680,36271,35208
8313.0,34086.36959319177,33472,37524,34750,38482,41054
8314.0,34508.88706835285,35077,31742,24289,28750,22100
8315.0,58558.133244445075,58077,56141,57612,55136,69183
8316.0,39819.12451746675,39359,39844,42008,40810,39436
8317.0,51338.02804121145,50455,54250,65058,67037,63800
8318.0,67407.3412925063,65946,66397,65369,56791,56906
8319.0,100162.77902552135,100294,91944,100048,100786,102596
8320.0,98862.55061067977,98158,96953,104583,109219,97212
8321.0,54940.12206114329,52632,65156,61700,65404,66168
8322.0,102217.7113763534,105307,80757,82097,89420,87888
8323.0,103648.771285374,102361,99464,106250,100197,90938
8324.0,90947.16094263777,90156,86607,84207,81667,66087
8325.0,81170.23688132233,80795,72400,71319,61484,63426
8326.0,148281.1538842874,148750,134000,119167,123851,121541
8329.0,44874.790131926784,44750,42667,39828,39300,53185
8330.0,126597.930207263,128882,104063,110625,111181,112798
8331.0,118895.33295846211,119890,104292,102911,104930,108542
8333.0,50718.70053775111,50050,53690,50096,56058,50714
8339.0,23725.475839549956,23641,22262,27791,23672,27353
8340.0,34562.89919331843,33911,37250,34255,36019,35159
8342.0,24086.736395649987,24623,23973,34795,40482,40597
8343.0,39617.55937138198,37857,47737,47168,48849,47458
8344.0,35736.46391283441,35461,36250,31976,33750,50153
8345.0,26268.4443331188,26250,25938,23333,23913,20662
8346.0,21299.002695829702,21125,19568,25152,18829,22740
8347.0,23828.169517897855,23705,23472,24828,23156,20417
8348.0,22217.651364315323,22556,20429,15731,16558,15530
8349.0,19723.236379866838,20259,16705,14896,14451,14097
8350.0,26088.924014263866,26013,26992,26629,28991,29077
8351.0,38724.25142555732,38400,39608,35865,38516,39414
8352.0,43022.6262160406,41850,46838,46650,46452,50341
8355.0,14863.291642004044,15000,15111,12750,13788,11610
8356.0,21505.108785685647,21909,18485,20000,18071,16853
8357.0,4586.4515332545,5000,4145,5725,5725,5725
8358.0,54812.77028396582,54236,53977,54028,53214,51250
8359.0,19678.72690961898,20000,18841,25243,26250,25150
8360.0,53518.49258902372,53000,52092,59741,57227,57851
8361.0,22094.739978937596,20774,28056,31765,29375,37414
8362.0,68413.55428380471,64333,85500,90625,90938,81979
8363.0,59031.318517697335,57500,61250,60259,56076,55123
8364.0,33910.769819194684,33718,33705,21641,23176,21188
8365.0,26595.022672077834,26929,23750,24275,23182,19447
8366.0,39850.37044698616,39107,39201,30845,25921,27754
8367.0,26398.59741407937,26544,25542,23214,24554,16232
8368.0,11903.965776667092,11967,11209,18489,14909,19954
8369.0,36791.02427273479,35568,42870,45781,48250,53073
8370.0,24928.21969838733,23964,25379,26678,17182,16414
8371.0,22928.651443520226,23824,22045,20868,30032,23484
8373.0,24416.69195067344,23900,26756,25106,25222,25870
8374.0,29398.865236863097,29375,28250,26477,25816,25450
8378.0,56167.421113256845,55694,49079,55000,41279,36400
8380.0,20419.561694111762,20540,17422,28405,21979,24853
8381.0,19932.09722931958,19000,25789,26875,28587,32443
8382.0,41498.26599419095,42083,47969,47339,73325,71471
8383.0,38530.94187366186,39861,34865,34760,46339,48077
8386.0,11844.551529514472,11615,14146,13514,13927,48125
8387.0,17688.297425766108,17317,20057,21051,21123,25401
8388.0,19366.078600457917,18884,22022,26835,26235,27904
8390.0,83012.84399832714,82026,80091,76856,73423,66929
8391.0,80111.825276135,78858,78517,78000,73425,77589
8392.0,33043.33148728623,31364,41250,43651,44665,43244
8395.0,20066.24500428837,19884,20714,22326,21292,19667
8396.0,22722.696116114348,23116,22891,23295,28686,29024
8397.0,45217.77259947985,45670,38071,45675,40000,39800
8398.0,50952.1687793876,50659,49904,49643,50833,49157
8399.0,60348.03696414071,62240,51865,50921,63529,54267
8400.0,58406.185944737816,58824,54583,55924,60863,58500
8401.0,28753.42969814742,27833,33317,29583,31090,32055
8402.0,48005.711245442246,47865,47540,55688,58415,54808
8403.0,42955.55147709404,42029,44554,42204,40197,40644
8404.0,38407.71880922223,39438,31400,30078,30847,35517
8407.0,29316.45707779542,29070,29192,30526,29181,30450
8408.0,30187.196840758363,30039,30691,31711,33140,30446
8410.0,31027.247113724035,31481,28536,30170,32167,30078
8411.0,25427.02246525734,25098,25292,25069,22000,30435
8412.0,31607.649808759932,31678,31834,33750,37363,34141
8413.0,36742.422067076826,37123,32725,32775,32012,35325
8414.0,24412.891997295115,22460,28571,30588,17500,32721
8415.0,16551.596946036625,16737,16524,21908,22500,27572
8416.0,22124.867656357466,23125,17417,24291,25216,24271
8417.0,19461.383905877,19813,17474,16573,16094,22866
8418.0,32409.083341150326,31875,32903,29063,26952,28490
8419.0,109789.87723308789,108316,102699,100564,88226,91406
8420.0,69938.55866810823,67404,75804,63750,59500,52431
8421.0,28814.943428584964,29044,27486,25664,27443,25124
8422.0,87718.85509110165,86818,80461,75682,64907,57717
8423.0,119016.9416740413,117778,115060,106019,106193,90671
8424.0,36645.44588133882,36310,35349,32985,30065,31759
8425.0,9922.078284900093,10184,10810,12036,14457,16076
8426.0,60321.02479689366,60104,55455,62778,57788,63676
8428.0,31347.666838799403,30710,34263,35340,36620,38109
8429.0,20389.48232892859,20944,17336,15146,15035,12482
8430.0,18240.443639862475,17690,21076,16574,16268,18646
8431.0,30416.282114415793,29135,34509,32292,28750,31591
8432.0,38796.87793912414,38929,34877,38209,34881,44537
8433.0,36310.464696232375,35859,36083,32386,30529,33690
8434.0,26278.436051010813,25708,33095,36375,45682,28707
8435.0,26684.722728605415,27266,26042,32679,38750,26071
8436.0,30033.35561526449,30726,25745,21134,22373,22606
8437.0,83124.88267326783,83571,76488,74643,79688,76875
8438.0,37593.64306911055,38333,33229,32260,35238,41172
8439.0,26794.845931479824,26975,27303,24153,29094,31774
9800.0,-347.4540347066213,0,0,0,0,0
9801.0,-347.4540347066213,0,0,0,0,0
9900.0,-347.4540347066213,0,0,0,0,0
