tract,percent_disability_2016,percent_disability_2015,percent_disability_2014,percent_disability_2013,percent_disability_2012
101.0,11.01392283089423,11.0,10.6,10.9,11.2
102.01,14.565626181214775,14.8,11.0,8.9,9.3
102.02,13.58070312666028,13.8,15.1,16.2,17.1
103.0,11.261819931441678,11.2,10.5,7.9,9.0
104.0,9.285298851578524,9.1,8.1,7.3,7.5
105.01,14.003379796095565,14.2,13.2,11.7,12.0
105.02,6.350566625431694,5.9,6.7,5.3,5.7
105.03,19.227899888922323,19.9,17.1,16.9,17.5
106.0,8.080424315422656,7.8,7.1,6.6,7.3
107.01,7.226899464772623,6.9,6.6,7.2,4.4
107.02,7.266128464020254,6.9,6.3,5.1,4.1
201.0,11.925831552083205,12.0,10.7,11.4,13.3
202.0,10.760528036506008,10.7,14.0,13.5,8.9
203.01,17.881617074726194,18.4,18.1,16.4,18.8
203.02,10.315569039079913,10.2,8.1,6.5,7.2
204.0,12.889743179761814,13.0,10.2,8.9,7.8
205.0,11.394234625246701,11.4,11.3,11.1,10.9
206.01,11.209992245185408,11.2,8.3,7.9,8.1
206.02,7.966710854148131,7.7,5.9,6.3,6.0
207.01,10.967859228836481,10.9,10.4,8.6,6.1
207.02,11.893663950512943,11.9,12.4,10.5,9.0
208.01,13.982567596766131,14.2,11.1,10.4,11.5
208.02,8.609187792264517,8.4,9.0,9.7,9.7
209.01,7.302617637474774,7.0,6.0,7.3,7.8
209.02,18.355132556864298,18.9,18.1,15.8,14.2
301.01,18.61010308325882,19.2,17.2,15.8,13.8
301.02,12.338519749644949,12.4,12.4,11.2,8.3
301.03,16.444731213786977,16.9,17.5,18.3,14.1
301.04,11.944399564921673,12.0,8.4,8.1,6.9
302.0,9.950148132853235,9.8,8.5,6.8,8.8
303.0,6.960905983375759,6.6,7.5,7.7,9.4
304.0,13.255983753393439,13.4,11.8,10.7,9.7
305.0,6.654951445443004,6.3,5.3,6.7,6.3
306.01,11.952501459812693,12.0,12.3,11.9,10.6
306.03,4.16483619539123,3.6,5.2,6.8,5.2
306.04,19.053265518869914,19.6,20.1,15.5,12.3
307.01,12.243071875368349,12.3,8.7,7.4,10.4
307.02,9.350580927731173,9.3,9.7,14.4,10.6
307.03,13.674058027366183,13.9,14.5,15.5,18.2
307.06,19.527153043736995,20.2,20.7,19.7,21.8
308.0,6.4520534424265605,6.1,6.0,8.3,6.3
309.0,6.867638692786537,6.5,6.7,6.9,5.6
310.0,7.305514690273006,7.0,5.0,6.1,6.4
311.0,9.242050706287177,9.1,7.2,8.3,5.4
312.0,17.610283126493684,18.1,21.3,19.6,19.3
313.0,13.910176108309932,14.1,13.9,12.5,13.3
314.0,9.590950963670739,9.4,10.1,8.1,8.7
315.01,18.023327778607005,18.6,16.3,16.4,14.9
315.02,10.257947247227177,10.2,7.9,8.9,9.7
317.0,10.727053547364342,10.7,7.9,8.5,8.4
318.0,6.650995902202878,6.3,5.6,7.2,6.4
319.0,7.449557190761457,7.2,6.2,9.2,3.6
321.0,12.576546009833477,12.7,10.5,10.9,13.0
401.0,7.850768794560044,7.6,7.6,9.2,9.2
402.01,5.941595148073126,5.5,6.0,6.4,8.6
402.02,13.056802470580168,13.2,13.5,13.2,12.7
403.0,13.153166041514076,13.3,7.6,6.7,7.1
404.01,7.800075180692645,7.4,6.9,2.4,5.2
404.02,5.552616202639047,5.1,5.4,6.7,5.4
406.0,5.65509189318737,5.2,5.0,5.8,3.4
407.0,6.029784802176737,5.6,4.9,5.4,6.6
408.0,9.814754790218148,9.7,9.0,9.3,10.6
409.0,7.713379662563498,7.4,10.8,10.5,11.2
501.0,4.5936729990671115,4.0,3.0,1.7,3.6
502.0,8.811090907642656,8.6,9.1,9.0,9.2
503.0,9.10185814569393,9.0,8.9,12.3,10.5
505.0,5.293928956041356,4.8,5.3,5.8,5.1
506.0,4.979643274273184,4.4,8.9,7.2,8.4
507.0,3.4745206956643453,2.8,5.1,4.6,4.2
508.0,4.2872408150604535,3.7,3.4,3.5,3.6
509.0,2.9951715124392777,2.3,2.7,2.9,2.9
510.0,3.9328428638361173,3.3,3.8,3.3,4.6
511.0,5.506250174740758,5.0,5.0,4.2,2.9
512.0,4.149555271308216,3.6,5.3,7.6,8.6
513.0,2.6312867427283937,1.9,1.2,1.1,1.0
514.0,9.587926705265327,9.4,8.1,6.1,4.7
601.0,5.683600363273196,5.2,4.9,4.4,5.5
602.0,3.9821455400231387,3.4,7.6,9.3,8.8
603.0,7.034053536433311,6.7,5.2,6.1,5.5
604.0,2.534819973500398,1.8,1.2,1.3,1.4
605.0,17.840963556392538,18.4,16.0,16.0,15.9
608.0,4.094912128285543,3.5,3.8,4.3,4.8
609.0,7.640192514015448,7.3,8.7,7.4,8.3
610.0,2.5959256766042085,1.9,2.6,4.2,3.2
611.0,1.141723506730018,0.3,0.4,1.0,2.3
612.0,4.119313842210973,3.5,3.9,3.3,3.6
615.0,4.2987810116272,3.7,5.2,4.9,5.2
618.0,4.113090105166788,3.5,2.7,2.3,0.3
619.01,3.526227190398288,2.9,3.2,4.4,6.5
619.02,8.424404163325729,8.2,7.1,7.7,8.7
620.0,5.4572079238529465,5.0,6.1,7.6,4.7
621.0,7.8963091409685395,7.6,7.1,6.6,5.9
622.0,3.479471126542776,2.8,4.0,3.2,3.1
623.0,2.71809147323648,2.0,2.1,2.3,2.1
624.0,5.945184662669121,5.5,4.0,4.1,4.9
625.0,3.4930887085028117,2.8,2.8,1.3,2.9
626.0,4.3933696230083585,3.8,2.5,1.9,2.6
627.0,6.211846598550655,5.8,5.0,5.6,4.7
628.0,4.1068423608095115,3.5,4.4,4.4,4.7
629.0,5.808121963826207,5.3,4.5,2.5,2.2
630.0,2.0013208815039665,1.2,2.0,1.3,2.2
631.0,2.863821323160999,2.2,1.5,3.4,4.1
632.0,9.789597011691365,9.7,8.4,9.8,11.7
633.01,10.978434559162865,11.0,9.0,10.8,10.8
633.02,6.650082610596404,6.2,6.1,3.6,2.6
633.03,25.306804095294567,26.5,27.9,28.3,30.2
634.0,5.477439278814389,5.0,4.9,5.4,5.0
701.01,7.196942468287681,6.9,7.2,9.2,10.6
701.02,2.7431676557314333,2.1,3.0,6.3,7.9
701.03,1.7067553272176874,0.9,1.5,1.6,1.5
702.0,4.270057725817512,3.7,3.7,4.6,4.0
703.0,2.5459065313063327,1.8,2.7,2.4,1.8
704.0,10.781173434737765,10.7,8.7,6.9,7.7
705.0,6.901917261155737,6.5,7.5,6.2,6.2
706.0,2.249828847817348,1.5,1.2,1.7,2.7
707.0,5.036626633039189,4.5,3.2,2.7,4.7
710.0,6.68808391325363,6.3,6.8,6.8,5.7
711.0,5.4216500352331405,4.9,4.1,2.9,2.3
712.0,6.711275923816895,6.3,6.1,5.0,3.7
713.0,3.768871434226764,3.1,4.0,2.6,2.3
714.0,9.08687363336661,8.9,10.3,10.3,9.7
715.0,4.0975703580468235,3.5,4.1,4.5,4.9
716.0,6.643556447711678,6.2,4.7,2.4,1.9
717.0,4.424663528462645,3.8,5.7,3.9,3.6
718.0,4.540826417859444,4.0,4.5,5.7,5.7
801.0,7.714613373238754,7.4,8.7,8.2,7.9
802.01,6.88564144943442,6.5,8.4,7.9,8.9
802.02,3.6148704832627123,3.0,2.4,3.7,5.1
803.0,3.842989867609529,3.2,3.8,3.2,4.2
804.0,8.298219220649742,8.1,6.4,8.5,8.6
810.0,13.695435482886202,13.9,12.6,12.5,10.2
811.0,8.51211617135544,8.3,8.6,9.5,10.9
812.01,8.817338651999933,8.6,7.4,6.9,6.7
812.02,9.514029101691273,9.4,8.8,10.2,8.4
813.0,8.89007216178717,8.7,9.2,9.7,9.3
814.01,12.5454609060182,12.6,10.0,7.6,6.3
814.02,8.002716367443897,7.7,9.3,8.3,8.8
814.03,3.546824574003862,2.9,3.7,4.0,5.0
815.0,5.702080765994982,5.2,4.0,2.6,3.0
816.0,5.423162164435847,4.9,5.1,3.9,3.9
817.0,3.7592970056235346,3.1,3.5,2.5,2.3
818.0,3.033795660005826,2.3,2.0,0.4,1.0
819.0,12.72849358271733,12.8,12.2,10.0,8.2
901.0,8.326703683422476,8.1,9.2,10.2,8.9
902.0,7.232494342822635,6.9,10.3,10.9,11.2
903.0,9.170741715585963,9.0,7.8,8.0,8.1
1001.0,12.56223596607568,12.7,12.7,13.9,13.7
1002.0,10.226233284417725,10.1,9.9,8.3,8.9
1003.0,16.964543106934933,17.4,17.5,15.6,16.6
1004.0,8.63899357582919,8.4,8.3,7.6,9.2
1005.0,9.448490209273436,9.3,10.3,10.6,7.9
1006.0,13.380033721957396,13.6,12.9,14.6,16.1
1007.0,12.128554334866287,12.2,12.8,12.8,10.1
1101.0,9.449636309832009,9.3,9.6,9.8,9.2
1102.0,11.143219642092312,11.1,11.9,10.6,10.2
1103.0,13.06184051157528,13.2,11.0,10.3,11.4
1104.0,11.0084551584514,11.0,9.9,10.4,12.5
1105.01,7.70132222443235,7.4,7.2,7.2,5.0
1105.02,10.663782848750564,10.6,10.9,10.4,9.7
1201.0,8.413357201010292,8.2,10.0,11.3,12.9
1202.0,11.009752471930245,11.0,9.3,9.7,11.4
1203.0,8.895022592665601,8.7,8.1,8.3,7.8
1204.0,9.759180362360757,9.6,9.8,8.5,10.1
1301.0,20.694933554757256,21.4,21.6,17.8,17.7
1302.0,10.089869061457428,10.0,8.3,8.6,10.1
1303.0,11.680371851488326,11.7,10.6,9.9,6.8
1401.0,8.041736565052519,7.8,6.3,7.5,9.2
1402.0,8.520958542670407,8.3,5.7,6.0,6.4
1403.01,7.015113480865862,6.6,6.9,4.6,4.1
1403.02,7.179154527363656,6.9,7.1,9.9,10.3
1404.0,12.67473972398804,12.8,13.1,13.4,14.4
1405.0,9.614148988318856,9.5,8.3,9.3,9.8
1406.01,9.316680367149491,9.1,9.9,7.8,9.7
1406.02,11.992580147863212,12.1,10.0,11.8,10.8
1407.01,7.4184084841425895,7.1,4.2,4.3,3.3
1407.02,7.947991628389393,7.7,8.1,9.5,8.7
1408.0,10.327801697444423,10.2,8.9,6.8,6.6
1502.0,8.455610458663335,8.2,11.7,11.2,12.2
1503.0,10.085045836186175,10.0,12.4,13.2,13.6
1504.01,11.29124169313398,11.3,9.9,10.1,10.3
1504.02,8.313324924499392,8.1,9.1,10.7,10.3
1505.01,7.7769527870178194,7.5,8.0,8.8,8.5
1505.02,11.045909198146283,11.0,12.8,11.8,10.2
1506.0,9.676784813853612,9.5,8.9,7.1,7.2
1507.0,7.700088513757095,7.4,9.3,9.5,8.7
1508.0,9.876035713555321,9.8,7.6,9.2,8.5
1510.01,12.094729405257898,12.2,12.3,13.8,12.3
1510.02,8.545185036362476,8.3,8.6,8.0,7.3
1511.0,11.104619501838853,11.1,9.7,10.0,12.3
1512.0,7.814860465473514,7.5,11.2,10.5,10.5
1601.0,8.795595167835783,8.6,7.6,8.1,9.3
1602.0,10.609052095611206,10.5,10.8,8.6,7.7
1603.0,10.98130760464801,11.0,10.9,12.7,11.6
1604.0,12.184512784596047,12.2,11.9,9.3,9.4
1605.01,10.887650278101562,10.9,11.3,13.2,9.7
1605.02,7.396250956708127,7.1,8.5,9.9,9.2
1606.01,8.27806946172013,8.0,7.3,6.2,10.1
1606.02,7.799603548703592,7.5,8.4,8.2,9.4
1607.0,16.971465319861736,17.5,16.6,18.5,18.6
1608.0,6.981742190018286,6.6,6.7,5.9,6.2
1609.0,4.918398386418804,4.5,5.2,10.2,10.9
1610.0,9.838400439542225,9.7,8.6,7.8,7.4
1611.0,8.84894099737961,8.7,9.7,12.1,12.9
1612.0,7.191538398648438,6.9,8.0,10.3,11.1
1613.0,8.536977538126532,8.4,7.9,11.8,11.0
1701.0,22.095801923257326,23.1,19.5,23.0,22.3
1702.0,10.081567939019953,10.0,10.1,10.9,12.8
1703.0,9.711913071025696,9.6,7.7,8.4,8.6
1704.0,10.177127430726324,10.1,9.5,10.1,11.3
1705.0,6.954292210374352,6.6,7.5,8.0,8.9
1706.0,12.254739277542276,12.3,13.5,12.0,10.4
1707.0,7.054865735762746,6.7,7.3,7.4,6.5
1708.0,9.708864805307194,9.6,8.6,9.5,10.3
1709.0,13.62914052586701,13.8,13.6,12.4,10.2
1710.0,8.315680728420132,8.1,9.2,10.7,10.6
1711.0,8.70498610700784,8.5,7.1,7.5,6.7
1801.0,9.724145729390205,9.6,8.5,8.7,12.1
1901.0,13.15957457288418,13.2,14.4,9.5,12.9
1902.0,9.311125084589978,9.1,10.6,8.8,8.9
1903.0,12.879842318004952,13.0,12.4,11.7,10.1
1904.01,8.246600336032479,8.0,6.9,7.2,7.9
1904.02,7.21153093057293,6.9,8.1,9.5,11.3
1906.01,7.383477049466125,7.1,8.8,10.8,10.8
1906.02,7.156416155561204,6.9,8.1,12.0,12.9
1907.01,6.1390014713336445,5.7,7.5,7.4,11.5
1907.02,6.790868043727343,6.5,5.5,9.1,8.2
1908.0,10.856565174286287,10.8,10.8,9.9,9.5
1909.0,10.540646171793078,10.5,9.3,10.1,11.0
1910.0,10.568462180081141,10.5,10.2,9.8,8.9
1911.0,9.443627388511686,9.3,10.0,10.5,13.5
1912.0,7.8962275449367105,7.7,7.4,11.1,10.7
1913.01,10.382502429185836,10.2,13.0,8.7,9.7
1913.02,7.878672412964788,7.6,7.1,7.4,12.7
2001.0,11.54742192289066,11.6,9.8,10.9,9.7
2002.0,17.965246333908603,18.5,16.9,15.5,14.3
2003.0,6.833511337337607,6.5,6.0,7.7,9.8
2004.01,12.660057637501259,12.7,14.7,11.6,11.5
2004.02,9.047557024002298,8.9,12.0,13.9,18.1
2101.0,10.66538258806995,10.6,10.5,9.9,8.3
2104.0,9.731149538348834,9.6,7.3,7.1,5.8
2105.01,6.284818931374845,5.9,5.5,7.0,9.4
2105.02,6.406594692049894,6.0,6.2,6.4,6.5
2106.01,7.218301930579457,7.0,7.1,12.3,10.6
2106.02,9.744289474234968,9.6,8.7,8.0,5.2
2107.0,12.357000152366735,12.4,11.5,9.4,6.4
2108.0,6.212300237311466,5.8,5.3,5.9,5.2
2109.0,13.33502861034154,13.5,13.4,13.0,10.4
2203.0,4.773140168483337,4.2,4.3,3.3,4.1
2204.0,5.212504287859421,4.7,6.5,6.6,10.9
2205.0,6.0333503094596415,5.6,5.8,6.2,5.9
2206.01,11.404262692610743,11.4,12.1,11.5,11.4
2206.02,7.602650864203885,7.3,7.2,7.5,4.6
2207.01,11.094806250198673,11.1,10.5,11.3,11.1
2207.02,7.792774959978326,7.5,6.8,6.8,4.6
2209.01,11.80037265261063,11.8,14.5,12.8,6.2
2209.02,7.9277146638525995,7.6,6.0,4.0,4.5
2210.0,8.4685595861387,8.2,8.6,7.3,8.5
2211.0,8.659503349318085,8.4,10.2,8.7,8.7
2212.0,5.23660357594431,4.7,6.4,5.4,5.5
2213.0,6.326706160383757,5.9,5.5,5.1,8.8
2214.0,4.317929868833658,3.7,6.2,5.1,3.9
2215.0,10.907340384185513,10.9,11.2,12.2,10.4
2216.0,4.763088093806205,4.2,6.4,6.0,6.5
2222.0,2.8772000820840837,2.2,1.6,2.9,2.4
2225.0,11.673304439726108,11.7,10.3,9.9,9.2
2226.0,8.47357361982072,8.2,9.0,7.5,8.6
2227.0,6.37156005907934,6.0,4.9,6.6,4.6
2228.0,6.599981869266698,6.2,6.5,6.3,10.6
2229.0,7.362205197291027,7.0,7.5,6.2,3.9
2301.0,7.7986086610652885,7.5,9.2,9.1,9.3
2302.0,13.458467713139568,13.6,15.2,13.5,10.5
2303.0,11.179929645355543,11.3,12.1,17.5,17.7
2304.0,10.764595197175908,10.7,9.4,8.4,9.4
2305.0,18.206448065422812,18.8,17.1,17.3,13.9
2306.0,13.39338847356739,13.6,15.9,17.2,12.9
2307.0,13.485742472550138,13.6,17.2,14.4,19.4
2308.0,12.54057407794336,12.6,12.6,10.6,9.1
2309.0,16.89985390331998,17.4,17.0,18.0,14.9
2311.0,13.686662728459675,14.0,15.9,20.6,18.2
2312.0,14.197511058770331,14.6,14.7,21.2,19.9
2315.0,17.425209099884057,18.1,17.0,23.4,27.2
2402.0,9.500556718566658,9.3,11.2,9.2,8.8
2403.0,3.2014838098183547,2.5,2.8,2.0,1.7
2405.0,4.2681555606575845,3.7,3.9,4.9,3.9
2406.0,2.7706812381789563,2.1,3.7,5.8,6.1
2407.0,7.0064283365560165,6.7,8.8,11.2,11.3
2408.0,5.424157052074151,4.9,4.3,3.0,4.0
2409.0,13.114859907965476,13.3,15.8,17.2,17.3
2410.0,12.153264488717111,12.3,12.0,15.0,14.2
2411.0,8.485386220830065,8.1,15.0,9.2,9.6
2412.0,12.804753004296973,12.9,10.5,8.9,12.0
2413.0,3.413572219565656,2.8,2.7,4.8,5.1
2414.0,9.204270233438661,9.1,7.0,9.8,10.6
2415.0,2.0796972839673993,1.3,1.7,1.6,4.5
2416.0,3.8846442876663394,3.3,4.0,5.7,5.1
2420.0,12.421677376838302,12.6,12.7,16.1,15.7
2421.0,3.2705882095190986,2.6,2.2,2.4,2.6
2422.0,3.4870797871824872,2.8,3.2,2.0,2.3
2423.0,5.115910313024245,4.6,3.5,3.6,3.7
2424.0,8.34213582042576,8.1,9.2,9.5,9.8
2425.0,6.358610931603976,6.0,8.0,10.5,10.3
2426.0,10.010654998360813,10.0,8.4,12.3,9.9
2427.0,13.69541147557311,13.9,15.5,15.6,10.4
2428.0,8.442972176164195,8.2,4.8,4.4,4.0
2429.0,5.398004385909063,4.9,4.5,4.4,4.8
2430.0,6.369594291115823,6.0,3.6,5.3,7.2
2431.0,7.238766094493002,6.9,5.7,5.7,3.8
2432.0,2.348802633886354,1.6,1.4,1.6,1.0
2433.0,6.2440081860360666,5.8,4.4,3.5,4.9
2434.0,10.695950450320826,10.7,9.2,11.3,9.3
2435.0,4.581806369346732,4.0,3.9,3.2,3.5
2502.0,12.153194871828667,12.2,11.6,10.4,10.4
2503.0,14.97114136366938,15.3,15.6,16.3,13.0
2504.0,15.715594743997924,16.0,14.7,10.8,12.9
2505.0,8.728456536098557,8.5,9.5,9.0,10.7
2506.0,20.28306502460046,21.0,21.9,20.1,17.0
2507.0,17.43023511270946,17.9,16.7,14.5,13.9
2508.0,17.70785640078975,18.2,16.2,13.9,11.2
2510.0,14.106977579889369,14.3,15.0,13.1,12.5
2511.0,15.796913808834937,16.2,16.7,17.6,16.2
2512.0,18.95059661485999,19.6,25.1,25.5,21.4
2513.0,17.98240541583845,18.5,19.5,17.5,16.2
2514.0,18.783863757195263,19.4,19.1,18.3,19.3
2515.0,21.112729410202554,21.9,21.2,19.3,22.0
2516.0,14.484077916459679,14.9,17.2,23.4,18.7
2517.0,19.88879362695691,20.6,17.8,16.9,17.0
2518.0,14.035435780236057,14.3,15.8,17.2,19.9
2519.0,17.24833054334067,17.8,15.6,17.4,17.3
2520.0,14.695875879509828,15.0,16.2,16.9,17.6
2521.01,15.333235585650106,15.7,13.0,13.8,18.9
2521.02,17.90290692012953,18.4,17.6,14.9,16.7
2522.01,20.269199045510916,21.1,16.0,18.6,17.0
2522.02,18.01803532639753,18.6,12.8,12.9,14.4
2601.0,20.697854614868582,21.4,17.7,13.5,15.1
2602.0,11.4863618293622,11.6,11.7,15.7,11.1
2603.0,14.891053604456786,15.2,20.6,21.1,21.4
2604.0,14.906754585894966,15.3,15.3,18.9,14.6
2605.0,20.5548045969676,21.3,24.8,23.4,26.9
2606.0,18.154311939241147,18.7,15.8,14.1,11.4
2607.0,21.980761127106007,22.9,22.9,23.5,17.0
2608.0,19.422019123427397,20.1,20.8,20.4,20.3
2609.0,14.15561180159172,14.4,16.9,17.1,17.7
2610.0,12.523414996013509,12.6,10.0,8.6,8.8
2705.0,15.804610079591331,16.2,14.5,14.9,17.7
2712.0,19.882185868040352,20.7,16.7,20.2,17.6
2713.0,17.118532078755592,17.7,19.8,23.6,21.1
2714.0,17.72695724337003,18.2,23.0,20.3,16.5
2715.0,16.720235520983483,17.2,15.6,16.3,13.6
2718.0,14.666541727934208,14.9,15.4,13.2,11.7
2801.0,2.1604294903515706,1.4,1.5,1.9,2.4
2804.0,16.707216776619674,17.1,18.3,15.6,18.7
2808.0,15.150330114558155,15.5,13.8,14.6,20.1
2809.0,9.461112903595165,9.3,9.9,9.6,6.3
2819.0,3.835317604166227,3.2,3.1,2.8,2.0
2827.0,9.957133948583623,9.9,9.1,11.3,8.7
2828.0,6.008250119651598,5.5,7.8,5.3,4.1
2831.0,6.10351319960228,5.7,5.9,7.3,8.3
2832.0,7.604855455204354,7.3,7.2,7.4,13.7
2838.0,12.246676978141753,12.3,14.0,12.9,14.3
2909.0,19.257052806179736,19.9,21.8,20.6,16.2
2912.0,10.548230825119697,10.5,11.4,12.0,13.6
2916.0,13.600411225972469,13.7,13.2,9.1,3.6
2922.0,17.76766479041472,18.3,18.2,17.5,13.7
2924.0,17.338374347978025,17.9,20.1,22.3,20.6
2925.0,16.37718695791512,16.8,13.3,12.7,13.0
3005.0,9.515081578048317,9.3,10.6,7.9,5.9
3006.0,12.293753461066046,12.3,11.6,8.2,7.7
3007.0,9.531817042615296,9.4,8.9,9.5,8.3
3008.0,9.989144323148764,9.9,8.4,9.1,8.9
3009.0,13.758739762905629,13.9,15.1,12.3,9.1
3011.0,7.263772660099514,6.9,6.2,5.1,4.8
3012.0,8.852699718124118,8.6,6.0,3.8,3.9
3016.0,10.997792218008334,10.9,12.7,9.7,7.9
3017.01,13.028956440894161,13.1,16.6,13.6,12.2
3017.02,8.927398995874874,8.7,9.1,7.9,6.2
3018.01,12.5285802426158,12.6,10.5,8.9,6.5
3018.02,7.665897555504575,7.4,7.1,8.7,5.9
3018.03,12.572502856476671,12.7,12.2,12.9,12.6
3102.0,5.476507993979675,5.0,7.2,7.9,10.2
3103.0,10.900720597099257,10.8,12.3,9.5,12.5
3104.0,10.209503833935596,10.1,10.5,9.7,11.8
3105.0,8.298219220649742,8.1,6.4,8.5,6.6
3106.0,11.40821823585087,11.4,11.8,11.0,10.9
3107.0,8.457176616577076,8.3,5.8,9.0,6.7
3108.0,7.640192514015448,7.3,8.7,7.4,6.2
3109.0,7.235717828774499,6.9,6.6,6.8,4.1
3201.0,3.463975386735903,2.8,2.5,2.3,3.8
3204.0,5.847874218723091,5.4,4.9,5.3,6.5
3206.0,5.796324950994269,5.4,5.8,8.6,10.3
3301.0,6.4090140987742235,6.0,7.8,8.0,8.6
3302.0,11.002830259003446,10.9,10.2,6.8,7.4
3403.0,10.524666771827452,10.4,11.5,9.0,11.2
3404.0,5.110442640581413,4.6,2.8,3.1,4.9
3405.0,15.022067786488877,15.4,16.1,18.7,16.6
3406.0,22.695798759827106,23.6,21.5,18.8,17.7
3501.0,11.155213477419869,11.1,14.0,12.3,12.5
3504.0,18.253261717997063,18.8,18.9,17.1,12.3
3510.0,11.314043667740023,11.3,10.4,9.6,11.0
3511.0,13.992541635419139,14.1,18.8,14.0,13.5
3514.0,25.247228514621703,26.3,25.7,20.3,15.9
3515.0,11.091799985021503,11.0,6.7,3.2,3.4
3602.0,11.493057198395437,11.5,11.4,10.9,22.3
3801.0,21.025023416257696,21.9,18.6,20.5,20.0
3802.0,33.66962287176928,35.6,34.4,35.9,36.0
3805.0,26.196963318234538,27.4,29.3,27.0,14.1
3807.0,18.165921752696335,18.8,18.0,20.1,14.2
3812.0,19.01761405507488,19.8,19.1,24.4,19.4
3814.0,10.819111134591402,10.8,7.9,8.5,9.7
3815.0,10.095959578809582,9.9,7.6,3.4,2.8
3817.0,0.8781734393705758,0.0,0.0,0.0,0.0
3818.0,16.836816013658296,17.2,19.8,15.5,19.5
3819.0,15.285403038124459,15.7,14.9,18.0,20.9
3901.0,9.859735894520913,9.8,11.4,14.0,17.1
3902.0,10.501928400024998,10.4,12.5,11.1,17.4
3903.0,11.757816969117046,11.8,12.6,12.7,12.9
3904.0,17.410823425152962,17.9,19.9,18.8,17.9
3905.0,11.837729508096274,11.9,10.4,10.9,10.7
3906.0,7.788365777977388,7.5,6.8,7.0,6.7
3907.0,7.547082450431347,7.3,6.9,9.7,11.0
4003.0,12.168893448216012,12.4,15.4,22.1,29.1
4004.0,14.36551361356679,14.6,15.0,13.9,14.8
4005.0,14.364437129896658,14.7,16.1,19.3,21.3
4008.0,16.855157231629516,17.4,16.6,19.6,15.1
4101.0,8.774241719628856,8.6,6.6,8.0,8.2
4102.0,8.254511422512731,8.0,6.3,6.2,10.3
4105.0,11.954427632285713,12.0,9.2,8.5,10.8
4106.0,7.594890990643902,7.3,7.9,8.6,8.1
4107.0,11.986268800702344,12.1,10.2,12.3,10.3
4108.0,9.712064283945965,9.6,7.8,8.5,7.8
4109.0,11.960714972133488,12.0,11.9,11.1,11.3
4110.0,11.325263445237988,11.4,13.8,16.9,16.7
4111.0,5.458656450252063,5.0,5.6,7.0,5.6
4112.0,9.635590046642463,9.5,7.9,7.9,7.6
4201.0,25.81118385143923,27.0,27.9,26.3,24.6
4202.0,9.08711245640356,8.9,9.0,8.9,11.1
4203.0,4.725872877148275,4.2,2.2,3.2,4.4
4204.0,19.420461384649336,20.0,16.5,11.7,10.9
4205.0,22.446238317156677,23.4,20.5,20.7,18.6
4206.0,13.047297658865379,13.3,13.4,17.7,13.9
4207.0,16.83881180301976,17.3,17.1,16.7,18.9
4208.0,14.966079315361176,15.3,21.0,22.3,24.6
4212.0,11.972324785588675,12.1,14.1,17.1,17.7
4301.01,10.000899335439371,9.9,11.8,12.2,12.3
4301.02,15.536569234199122,16.0,14.4,18.6,19.3
4302.0,13.401689596004864,13.6,14.1,14.9,14.6
4303.0,14.540507998178489,14.8,14.8,14.1,15.5
4304.0,13.203932832277621,13.4,18.2,19.9,22.3
4305.0,13.100056629956367,13.3,13.3,15.2,15.0
4306.0,13.839111954730521,14.1,12.1,13.8,15.2
4307.0,18.331399297423545,18.9,19.9,18.8,15.4
4308.0,17.575632515395498,18.0,19.9,15.5,15.8
4309.0,20.792446835283755,21.7,23.0,27.4,20.3
4312.0,11.87150642307848,11.9,16.7,16.1,17.7
4313.01,21.258849296084293,22.1,19.4,19.1,19.2
4313.02,13.411176414491413,13.6,16.0,16.5,17.7
4314.0,21.107500560796673,21.9,19.2,17.4,15.8
4401.01,13.446776303652548,13.6,13.3,12.0,14.0
4401.02,21.958134372733326,22.9,19.6,21.0,16.9
4402.01,14.023674753860599,14.2,13.5,11.1,14.8
4402.02,18.0182657302988,18.6,21.7,22.4,22.2
4403.0,18.65517179767827,19.3,18.2,19.0,17.0
4406.0,17.81305392390294,18.3,17.6,14.8,15.5
4407.0,19.945816581213414,20.7,16.5,17.1,19.5
4408.0,20.085595098536352,20.8,18.9,17.5,14.2
4409.0,17.491416446786566,18.2,17.4,25.0,20.9
4503.0,16.044572086345433,16.4,17.9,16.0,15.2
4601.0,16.952467675575548,17.5,15.7,18.4,16.7
4602.0,12.633568964089983,12.8,9.2,11.1,10.3
4603.01,20.95424966034912,21.7,19.2,16.0,16.1
4603.02,13.501355843871632,13.7,13.3,13.7,15.2
4604.0,14.189052709327736,14.5,17.5,20.4,18.2
4605.0,15.557765455400927,15.9,16.4,15.6,16.0
4606.0,17.199481505914456,17.7,12.1,11.7,17.6
4607.0,9.699290376703964,9.6,8.1,9.4,7.7
4610.0,27.52340481342644,28.9,28.3,28.4,26.6
4701.0,22.49845603937017,23.4,21.5,19.4,15.2
4801.0,21.744685046703594,22.6,18.8,17.3,16.8
4802.0,18.99788189942329,19.5,25.4,19.5,23.9
4803.0,15.869426488813465,16.2,18.0,15.7,17.4
4804.0,22.685404663818936,23.6,19.0,16.6,16.8
4805.0,20.716637443430905,21.4,17.0,11.9,11.6
4903.0,18.438504999781514,19.1,20.0,22.4,21.4
4904.0,14.059011812671692,14.2,15.0,11.1,8.7
4905.0,13.650860002718067,13.8,16.3,14.3,15.0
4906.0,20.997380223152163,22.0,24.0,31.7,31.1
4907.0,18.64233428763267,19.3,17.0,18.3,20.8
4908.0,20.038733431335913,20.8,22.9,23.9,21.8
4909.01,14.643077312928343,15.0,11.9,14.7,14.6
4909.02,16.844430688382857,17.3,17.9,17.3,22.6
4910.0,15.501824998899407,15.8,15.5,13.0,17.9
4911.0,16.35762405743835,16.8,16.4,16.9,18.0
4912.0,12.844202833353316,13.0,10.7,11.5,15.2
4913.0,21.03573793133465,21.8,19.5,16.8,14.3
4914.0,21.173190666134786,22.0,17.8,17.1,13.2
5001.0,19.505515162917767,20.1,17.7,13.3,15.3
5002.0,12.186548169448008,12.3,13.6,15.2,17.6
5003.0,11.303498358811582,11.3,7.8,7.3,5.1
5101.0,10.179180808806523,10.1,9.4,9.9,9.3
5102.0,13.920751438636316,14.2,12.5,14.7,13.8
5103.0,17.770235410059314,18.3,19.9,19.2,18.9
5201.0,10.836276230606103,10.9,9.4,13.5,10.2
5202.0,11.745910743906169,11.8,9.1,9.5,6.9
5203.0,11.1793427869027,11.2,9.9,11.0,11.7
5204.0,8.190118630653467,7.9,7.1,5.8,9.5
5205.0,9.535987401579284,9.4,10.2,10.7,8.8
5206.0,13.46906103669419,13.6,12.0,9.6,8.8
5301.0,14.899832372968165,15.2,16.2,16.0,15.4
5302.0,14.223379292323118,14.5,12.5,13.5,15.6
5303.0,14.13175133654378,14.4,15.7,16.9,15.8
5304.0,14.644949456690329,14.9,15.7,14.5,13.6
5305.01,17.613663839450673,18.2,16.6,18.6,14.7
5305.02,15.782685361108971,16.1,18.6,16.1,15.4
5305.03,15.775076700469258,16.1,19.4,17.3,13.4
5306.0,12.210804684538015,12.4,12.5,17.1,15.6
5401.01,6.134057054540064,5.8,7.5,11.8,13.4
5401.02,12.829263930601345,13.0,15.4,17.2,18.3
5501.0,14.35129117992567,14.6,15.8,15.4,13.3
5502.0,11.458539806989286,11.5,11.9,13.0,11.4
5601.0,7.229324885581803,7.0,7.1,11.8,8.6
5602.0,17.589110912604966,18.2,16.4,19.5,16.4
5603.0,8.621508060745708,8.4,8.4,8.5,7.8
5604.0,8.810573666078255,8.6,7.3,7.1,5.2
5607.0,10.275321144880888,10.2,12.1,12.6,12.8
5608.0,10.84303520244293,10.8,10.6,10.3,10.6
5609.0,10.929927543067697,10.9,10.1,10.0,11.3
5610.0,12.523932237577911,12.6,11.8,10.5,11.2
5611.0,10.864476260766539,10.8,10.2,8.9,9.3
5701.0,8.15895193080636,7.9,6.9,7.0,6.6
5702.0,13.58072713397337,13.8,12.2,13.1,10.6
5703.0,7.9885179411158695,7.7,7.2,6.7,6.5
5704.0,2.985660686639638,2.3,3.7,4.4,6.5
5705.0,6.434347097534368,6.0,5.6,4.5,6.3
5801.0,5.123407356234185,4.6,7.0,7.0,5.1
5802.0,10.197655197443458,10.0,9.6,5.1,7.1
5803.0,8.270245985356556,8.0,6.5,5.7,5.8
5804.0,13.340217864256923,13.5,11.0,10.2,10.6
5805.01,8.325493980060312,8.1,8.4,9.4,7.4
5805.02,8.62401507758672,8.4,8.6,8.6,7.6
5806.0,7.631764185970793,7.3,7.5,6.5,5.8
5807.0,11.31793560817656,11.3,8.6,7.5,6.7
5808.0,5.861921432130848,5.4,6.9,6.8,7.0
5905.0,8.060670606535115,7.8,5.7,6.0,5.0
5906.0,11.720595738374262,11.7,9.5,6.9,7.4
5907.0,10.710387699685805,10.7,10.0,11.5,9.0
6004.0,9.463771133356447,9.3,10.2,9.8,11.9
6006.0,8.383091764599957,8.1,11.5,10.1,9.7
6007.0,9.068952472750556,8.8,8.3,4.8,4.9
6009.0,10.097907353544858,10.0,10.7,10.8,10.0
6103.0,8.510150403391922,8.3,7.3,8.2,8.7
6104.0,10.36080695964787,10.2,7.4,3.7,2.3
6108.0,15.992895613009432,16.4,15.8,16.1,11.7
6110.0,9.102281763056801,8.9,13.2,12.7,15.7
6111.0,8.983363459689484,8.8,7.1,7.4,7.4
6112.0,12.337373649086373,12.4,13.1,12.0,12.5
6113.0,5.286169082481374,4.8,6.0,6.9,8.5
6114.0,5.59199641480695,5.1,5.2,4.7,3.4
6115.0,8.151709298810779,7.9,9.4,10.0,10.4
6116.0,4.722888214233361,4.2,4.6,5.9,5.6
6117.0,8.596383863624574,8.3,13.3,10.7,10.3
6118.0,10.32908101769503,10.3,10.1,12.2,8.5
6119.0,12.805530671160586,13.0,17.2,20.2,18.2
6120.0,11.025248211737118,11.0,10.8,10.6,14.2
6121.0,20.479987687702227,21.1,27.1,20.9,23.3
6201.0,7.359395754609476,7.0,7.1,5.9,6.2
6202.0,10.208660159217564,10.1,11.4,10.7,12.2
6203.0,9.33791262383409,9.2,6.8,7.7,7.6
6204.0,6.694482870531176,6.3,5.2,4.8,4.6
6301.0,9.151958887023635,9.0,8.5,9.6,7.4
6302.0,10.101106832183632,10.0,9.9,9.8,8.1
6303.0,6.05479136778325,5.6,5.4,4.8,5.5
6304.0,6.972080151298376,6.6,7.6,7.3,7.8
6305.0,5.320081622206443,4.8,5.1,4.4,3.7
6308.0,7.717510426036987,7.4,7.7,7.0,7.0
6309.0,5.4888522697739575,5.0,3.7,3.6,4.8
6401.0,11.00131812980074,10.9,9.2,5.8,9.5
6403.0,10.783226812817963,10.7,8.6,6.7,7.7
6404.0,10.007298292716918,9.9,10.2,10.2,10.5
6405.0,10.833460773839702,10.8,10.1,10.2,9.8
6406.0,13.433182729005603,13.6,11.6,10.8,9.6
6407.0,7.144631121872654,6.8,8.7,9.0,10.4
6408.0,8.013978145483193,7.7,8.0,6.4,5.5
6501.0,8.581522996896725,8.4,8.2,10.1,7.9
6502.0,8.847876492852865,8.6,10.1,8.4,8.3
6503.01,7.193370946919924,6.8,7.4,5.4,5.5
6503.02,8.78487463867398,8.6,7.8,8.8,7.1
6504.0,8.999790484331072,8.8,6.3,5.8,6.8
6505.0,12.151292706668741,12.2,11.8,10.7,10.3
6603.01,10.384068587099575,10.3,7.1,6.5,6.3
6603.02,8.351105397347908,8.1,9.3,9.2,9.2
6604.0,6.212666265955597,5.8,7.0,7.7,7.3
6605.0,6.99533576466523,6.6,8.4,7.1,6.4
6606.0,9.954796137891122,9.8,7.2,5.2,7.0
6607.0,16.39201183818649,16.9,22.0,25.5,28.1
6608.0,6.9557407367734685,6.6,7.0,7.4,7.4
6609.0,10.22986239450422,10.1,12.3,10.7,10.2
6610.0,10.7702776853426,10.7,11.7,10.6,12.1
6611.0,8.128151259603381,7.9,8.4,10.0,8.2
6701.0,13.462813292336916,13.6,13.7,11.7,14.4
6702.0,6.773869748810321,6.4,11.4,12.0,19.9
6703.0,15.789002722354686,16.2,17.3,18.6,16.9
6704.0,15.230711880475601,15.6,19.2,20.9,17.8
6705.0,19.726642766475656,20.5,18.1,20.4,20.5
6706.0,17.674182684101638,18.2,15.8,15.0,16.0
6707.0,10.743154138852297,10.7,9.8,9.8,14.4
6708.0,11.86379456414468,11.9,11.6,11.0,12.5
6709.0,12.066214921087221,12.1,13.5,12.2,16.8
6711.0,11.029745003854737,11.0,9.4,8.9,10.5
6712.0,15.646838379713072,16.0,18.8,18.3,15.6
6713.0,12.219139388381139,12.3,16.2,16.5,17.0
6714.0,20.188588030649072,20.9,20.3,18.5,16.1
6715.0,21.370981011267673,22.1,19.2,13.8,15.4
6716.0,22.307040644201734,23.3,21.4,23.8,24.9
6718.0,10.64640053196117,10.6,16.9,17.6,14.4
6719.0,17.996570260760834,18.6,16.1,17.4,19.1
6720.0,13.254447616877641,13.4,13.7,12.8,14.1
6805.0,15.679664861675448,16.2,10.6,16.4,14.4
6806.0,13.218433684446191,13.4,20.5,21.7,25.8
6809.0,19.126180262975353,19.8,18.0,18.3,18.5
6810.0,21.100130723193914,21.9,18.7,17.2,15.4
6811.0,14.824504236223236,15.1,15.6,14.6,15.0
6812.0,15.093155947381378,15.4,15.0,14.3,13.4
6813.0,15.07169088174468,15.4,18.3,18.8,19.8
6814.0,18.839374582249064,19.5,16.8,17.5,19.4
6903.0,13.010935691018037,13.2,16.7,18.7,20.4
6904.0,20.10118446254475,20.9,17.9,19.9,20.6
6905.0,11.20417413227585,11.2,13.2,13.4,16.3
6909.0,14.06556799695436,14.3,12.4,12.2,12.3
6910.0,16.495914452871666,16.9,14.9,13.2,15.3
6911.0,15.853721947367584,16.3,13.8,16.1,16.0
6912.0,17.90991072908816,18.4,16.4,13.3,15.1
6913.0,14.850959328228864,15.1,15.6,13.4,11.1
6914.0,16.354122152959036,16.8,17.0,17.7,19.5
6915.0,15.420424338030564,15.7,13.8,10.7,11.7
7001.0,6.875008530389297,6.5,7.2,7.1,5.7
7002.0,8.59984617261339,8.3,8.3,5.2,4.7
7003.01,9.901105881965423,9.8,9.6,10.2,11.2
7003.02,9.354554464199538,9.2,7.6,7.8,10.2
7004.01,9.29137137570244,9.1,9.2,8.2,7.9
7004.02,8.829571310364443,8.6,8.2,7.2,7.7
7005.01,14.948188176143065,15.3,15.0,16.7,14.5
7005.02,5.421114800440498,5.0,4.1,7.1,9.6
7101.0,17.17142667458944,17.7,12.5,13.4,16.3
7102.0,14.249915980360576,14.4,12.2,7.8,10.4
7103.0,18.771845914554618,19.4,19.9,19.7,16.6
7104.0,17.42770408855536,17.9,19.4,17.5,15.3
7105.0,15.526535152750231,15.9,14.7,15.2,14.3
7106.0,15.006932061241285,15.3,17.4,16.6,14.9
7107.0,18.107776705194347,18.7,17.1,17.6,15.9
7108.0,14.19722061207318,14.4,13.8,11.9,16.1
7109.0,16.36507549107294,16.7,16.6,12.6,14.0
7110.0,16.27003925501582,16.7,17.9,18.3,21.0
7111.0,14.05883659243833,14.2,17.8,14.1,12.4
7112.0,15.726034449581448,16.1,20.5,20.7,18.7
7113.0,19.63823228256333,20.3,18.7,16.7,18.0
7114.0,15.542118502673784,15.9,14.8,14.6,20.9
7115.0,17.981736961353782,18.5,17.6,15.5,13.3
7201.0,8.07888817890686,7.8,9.0,8.7,8.9
7202.0,8.564206687961754,8.3,6.6,5.0,6.0
7203.0,5.4566030721718635,5.0,5.7,7.2,9.0
7204.0,9.454133101949628,9.3,8.2,8.1,9.3
7205.0,7.092733818727941,6.7,6.1,4.4,3.7
7206.0,5.672728621191122,5.2,5.0,5.0,5.1
7207.0,10.125357333188791,10.0,9.9,8.7,12.1
7301.0,14.410606335299327,14.7,13.1,14.0,12.0
7302.01,11.366331006841959,11.4,11.8,12.9,13.5
7302.02,14.248600673653492,14.5,14.6,14.6,12.1
7303.0,12.51161196909672,12.6,12.4,11.7,12.4
7304.0,18.634178364030618,19.2,20.0,17.7,20.4
7305.0,16.54729451445198,17.0,15.7,15.9,18.1
7306.0,20.83275231820153,21.6,21.6,19.9,20.6
7307.0,20.7985853672621,21.6,16.5,16.0,14.6
7401.0,10.4215922436829,10.4,10.4,12.5,10.7
7402.0,9.562593706505181,9.4,10.3,9.6,9.9
7403.0,7.668404572345585,7.4,7.3,8.8,7.1
7404.0,6.982195828779097,6.6,7.0,6.2,7.7
7501.0,17.10997053101891,17.6,16.7,16.5,16.3
7502.0,10.112129787185978,10.0,9.9,9.3,10.6
7503.0,8.59513456477191,8.3,8.1,5.2,5.1
7504.0,8.195976339053521,7.9,6.6,5.0,8.4
7505.0,17.384298716258897,17.8,19.5,15.4,19.9
7506.0,16.68828273513708,17.1,18.9,17.1,13.3
7608.01,7.956419956434048,7.7,9.3,10.4,9.8
7608.02,13.875356291063238,14.1,14.2,14.4,16.4
7608.03,7.45039485139464,7.1,6.4,5.2,5.7
7702.01,10.745271119736087,10.7,11.2,11.2,10.5
7702.02,11.463157790629234,11.4,14.6,11.5,13.1
7703.0,7.604401816443541,7.3,6.9,7.1,6.8
7704.0,10.5044594241791,10.4,9.8,8.1,6.1
7705.0,4.435780107666523,3.9,3.2,4.9,5.5
7706.01,8.91721971559056,8.7,8.2,7.4,7.1
7706.02,5.0056747489159426,4.5,4.6,5.6,6.1
7707.0,9.371801156246068,9.2,8.8,8.3,8.8
7708.0,10.117533856825222,10.0,9.1,8.2,9.7
7709.01,14.955772829469685,15.3,17.1,18.6,18.8
7709.02,9.78875333697333,9.7,9.3,10.8,16.0
8001.0,6.409404134731445,6.0,6.6,6.7,5.6
8002.0,5.489305908534768,5.0,4.0,3.9,3.7
8003.0,4.469063788397419,3.9,4.8,5.1,5.9
8004.0,4.6626021785344935,4.1,5.2,5.1,4.5
8005.0,8.176437445889842,7.9,6.8,6.1,6.4
8006.0,5.5057089258632645,5.0,6.1,5.4,5.9
8007.0,6.311035200343522,5.9,6.8,7.2,6.8
8008.0,6.4160179077328525,6.0,6.6,6.4,8.5
8009.0,7.270840071861733,6.9,6.5,5.1,5.8
8010.0,9.857310473711733,9.7,10.9,9.4,9.0
8011.0,5.666417274030255,5.2,5.2,5.5,5.7
8012.0,10.277852169034988,10.2,9.4,9.6,8.1
8013.0,6.0303020437411385,5.6,6.7,7.3,7.0
8014.0,6.593519309185561,6.2,6.6,6.7,9.1
8015.0,9.626660065210816,9.5,12.2,12.9,11.7
8016.01,8.96754128672898,8.8,8.3,9.4,9.1
8016.03,10.036172791446877,9.9,11.8,10.6,9.8
8016.05,9.114713648967765,8.9,8.3,6.9,6.8
8016.06,11.370979011879847,11.4,10.5,11.3,9.5
8016.07,7.6355685162906495,7.3,7.1,5.9,5.9
8016.08,13.001315652839459,13.1,12.9,10.9,8.7
8017.01,7.440971635711682,7.1,6.0,5.2,3.8
8017.02,6.126856423085815,5.7,5.3,5.6,5.9
8018.0,7.44073281267473,7.1,7.3,6.6,8.6
8019.01,10.956062216004545,11.0,11.7,14.7,13.6
8019.02,9.354618067003129,9.2,9.1,9.4,7.8
8020.02,7.898060093208198,7.6,6.8,6.2,7.0
8020.03,7.906942060013663,7.6,8.3,7.4,8.0
8020.04,12.200334957556551,12.2,10.7,7.3,9.6
8021.0,9.478383602954787,9.3,8.2,7.0,4.0
8022.0,9.09417986816578,8.9,9.3,8.9,9.5
8023.0,11.837251862022372,11.9,13.0,13.7,11.7
8024.02,9.36283157932392,9.2,8.7,8.6,8.8
8024.03,11.659209211692168,11.7,14.1,14.6,16.1
8024.04,10.490539416378521,10.4,10.8,9.8,10.6
8025.03,12.573195318274434,12.7,11.2,11.8,10.4
8025.04,7.308690161598688,7.0,7.1,8.2,7.6
8025.05,6.624686009032669,6.2,6.8,5.5,6.5
8025.06,6.662560106082715,6.3,4.5,5.5,4.1
8026.05,10.72391767152916,10.7,10.2,11.1,12.4
8026.07,8.859289483812434,8.6,8.9,6.6,5.6
8026.08,10.038855028521247,9.9,9.2,7.7,9.0
8026.09,5.30944870316132,4.8,3.9,3.6,5.3
8026.1,7.513553932578649,7.2,7.7,7.9,5.0
8027.01,7.426231960506161,7.1,5.0,4.8,4.1
8027.02,9.88362036688194,9.8,9.7,11.1,11.8
8028.01,7.1016217996182585,6.8,6.5,8.6,8.2
8028.02,7.206365683970639,6.9,7.6,9.2,10.9
8029.0,5.233107685549847,4.8,5.9,9.2,7.5
8030.05,10.610506636095176,10.6,9.2,11.0,12.0
8030.07,11.411505324606322,11.4,9.6,8.5,9.1
8030.08,8.64871921735269,8.4,8.9,7.8,6.0
8030.1,7.859372342838059,7.6,6.0,7.1,8.5
8030.12,4.308984299224602,3.7,3.2,2.3,5.4
8030.13,9.198255298033486,9.0,8.5,7.5,6.7
8030.14,10.939048332910113,10.9,10.3,9.8,9.2
8030.15,10.678697744189446,10.6,9.1,7.8,5.1
8030.16,5.741355374817962,5.3,7.0,8.2,9.5
8030.17,8.606855995656868,8.4,6.0,6.6,8.4
8031.0,4.908969156650995,4.4,5.9,7.2,7.0
8032.0,16.660315513928744,17.1,17.9,17.3,17.6
8033.0,11.057322189105848,11.0,11.6,10.0,11.0
8034.0,6.403092787570579,6.0,6.8,7.2,5.7
8035.0,12.080827390685561,12.1,11.5,9.4,5.6
8036.03,6.962895758652369,6.6,5.9,5.9,6.9
8036.04,7.810777716626209,7.5,8.5,7.8,7.7
8036.05,5.962192531678699,5.5,6.5,6.0,6.2
8036.06,5.762581617417711,5.3,5.0,5.1,4.5
8036.07,6.497896214675599,6.1,5.7,5.9,6.3
8036.08,9.08475665248282,8.9,8.9,8.9,8.4
8036.1,5.646727167946304,5.2,5.3,6.5,6.7
8036.11,4.9261522458939355,4.4,5.6,6.1,7.2
8036.12,4.485578423155687,3.9,2.6,2.0,3.4
8037.01,13.391377096028522,13.5,11.3,8.2,8.3
8037.02,9.931062878450366,9.8,9.0,8.2,7.2
8038.0,8.566021243005,8.3,7.8,6.2,7.1
8039.01,13.810295044719302,14.0,13.1,12.0,13.4
8039.02,8.600003399618512,8.4,7.3,8.3,8.2
8040.0,15.939462173348923,16.3,15.1,13.6,11.0
8041.02,6.953774968809951,6.6,5.7,6.1,5.5
8041.04,6.716743596259727,6.3,6.8,5.5,5.9
8041.05,5.7706439168182335,5.3,4.5,4.2,4.6
8041.06,8.518968767393797,8.3,7.3,7.8,7.8
8041.08,7.127018401181992,6.8,5.8,6.7,5.3
8041.09,12.250656528694972,12.3,10.8,9.3,7.9
8042.01,6.353376068113245,5.9,7.1,5.6,5.9
8042.02,6.718733371536335,6.3,5.2,3.7,4.4
8043.05,8.98191493329037,8.8,7.6,8.0,9.5
8043.06,10.460908853047211,10.4,8.7,8.9,7.8
8043.08,6.611458463029855,6.2,6.8,6.1,5.9
8043.09,10.20265123789724,10.1,11.8,11.4,8.8
8043.1,7.889544155046862,7.6,7.0,6.8,6.4
8043.11,7.53605348134415,7.2,8.0,7.2,6.1
8044.03,6.413964529652654,6.0,6.7,6.6,7.7
8044.04,7.781727997662889,7.5,9.7,10.4,8.0
8044.05,8.71229234180701,8.5,6.1,6.1,5.1
8044.06,8.00356004216193,7.7,8.4,7.3,7.2
8045.05,6.476606369272261,6.1,6.2,7.4,7.3
8045.06,8.435124692487534,8.2,6.9,7.0,8.3
8045.07,6.226888699596715,5.8,6.2,6.2,6.8
8045.08,10.778119154934412,10.6,10.7,5.0,4.2
8045.09,4.657349321815522,4.1,6.1,6.3,6.7
8045.1,6.9826494675399084,6.6,7.3,6.5,6.5
8045.11,7.172168711633267,6.8,6.5,5.4,6.7
8046.03,10.69030154355978,10.6,12.4,10.8,9.2
8046.06,9.010813439333416,8.8,6.3,5.3,4.7
8046.07,7.392924272462174,7.1,6.3,7.7,9.4
8046.08,8.901851181390867,8.7,9.7,9.7,7.5
8046.09,8.570430425005938,8.3,7.8,6.0,6.0
8046.1,10.893507986501618,10.9,10.8,12.4,10.4
8046.11,9.812398986297408,9.7,8.9,9.3,8.3
8047.01,9.370137814123092,9.2,7.7,7.2,8.2
8047.05,12.393338112900986,12.5,11.1,11.5,8.5
8047.06,10.53113534599344,10.5,10.3,11.6,6.2
8047.09,14.455844255867282,14.7,12.4,11.2,11.6
8047.1,8.7272228254233,8.5,11.6,11.3,9.8
8047.11,6.91477877851442,6.5,5.8,3.8,2.9
8047.12,9.190583034590185,9.0,7.8,7.1,6.3
8047.13,7.8646647950475295,7.6,9.5,10.6,9.3
8047.14,11.07413924970466,11.0,9.6,7.1,4.3
8047.15,8.780698265625142,8.5,7.6,4.6,4.5
8047.16,9.078166886794506,8.9,6.0,6.1,4.7
8048.03,10.828900378918494,10.8,10.0,10.3,8.1
8048.04,11.77106852243295,11.8,9.7,9.0,8.5
8048.05,9.842960834463433,9.7,8.7,7.7,8.7
8048.06,8.952795597438609,8.7,8.4,6.0,4.1
8048.07,12.254070823057603,12.3,11.6,10.0,8.3
8048.08,10.64783347018288,10.6,9.1,9.2,7.3
8048.09,7.454716423278897,7.1,7.8,6.5,6.7
8048.1,13.880306721941668,14.1,13.1,13.0,11.4
8049.01,10.00062091691192,9.9,8.7,8.9,7.8
8049.02,10.129376479232509,10.0,11.1,9.8,11.0
8050.01,7.7182028878347495,7.4,6.7,5.9,6.0
8050.02,10.703855522716228,10.6,9.7,7.3,7.1
8051.05,6.66612561336562,6.3,5.4,6.3,5.6
8051.06,9.907114803285749,9.8,9.2,9.5,9.1
8051.07,6.4913460444777815,6.1,7.2,7.8,7.2
8051.08,6.2325951950765,5.8,5.6,5.3,4.8
8051.09,9.972176049629683,9.9,10.3,11.9,9.9
8051.1,15.419190627355306,15.7,15.9,13.0,12.7
8051.11,7.077214071607977,6.7,7.5,6.6,5.8
8051.12,15.031445392596487,15.3,13.2,11.0,13.9
8052.01,7.770339014016413,7.5,8.0,9.1,7.9
8052.02,7.725421512517238,7.4,7.1,6.0,5.6
8053.01,12.320190559843432,12.4,13.4,13.1,9.1
8053.02,9.930243211045424,9.8,7.0,6.1,6.0
8054.01,15.929282893064611,16.3,14.2,13.1,12.2
8054.02,11.58396868506392,11.6,12.1,11.7,10.0
8055.01,8.902909671832763,8.7,10.4,10.4,10.5
8055.02,5.119085784349927,4.6,5.6,5.7,6.9
8056.0,6.4975061787183765,6.1,6.9,7.2,7.3
8057.01,6.972080151298376,6.6,7.6,7.3,8.0
8057.02,7.5317079021468025,7.2,9.5,9.0,10.1
8058.01,10.82845275424253,10.9,8.6,13.0,12.7
8058.02,8.80949116832327,8.6,9.5,9.5,7.7
8059.01,11.866818822550092,11.9,13.6,13.0,13.4
8059.02,9.134775797780696,9.0,8.8,10.7,10.5
8060.01,10.840679398522191,10.8,10.5,10.3,9.8
8060.02,8.406162583640894,8.2,6.7,8.1,9.2
8060.03,11.692150871092025,11.7,11.1,9.9,9.6
8060.04,10.61899856694342,10.6,11.9,13.5,15.0
8061.02,11.54983531553014,11.5,12.5,9.5,9.1
8061.03,8.981763720370099,8.8,7.5,7.9,6.3
8061.04,8.183417247535381,7.9,8.5,7.6,8.9
8062.01,8.23265632091881,8.0,10.8,12.0,16.3
8062.02,19.30891051383395,20.0,20.0,20.5,17.3
8063.0,9.753625079801246,9.6,10.5,9.5,8.7
8064.0,6.4179836756963695,6.0,7.9,7.7,7.0
8065.01,10.261663967430351,10.2,8.9,9.8,8.1
8065.02,8.807979039120564,8.6,8.5,8.5,6.5
8066.0,11.654824037004323,11.7,11.2,11.7,8.8
8067.0,9.17971129250811,9.0,7.9,7.7,6.8
8068.01,15.867164309094258,16.3,15.4,17.2,18.7
8068.02,9.31608152955326,9.2,8.4,10.4,8.4
8069.0,14.581016317676728,14.9,15.7,17.4,14.9
8070.0,10.247242306242782,10.2,15.4,17.4,13.4
8071.0,9.365728632122153,9.2,7.7,7.4,8.2
8072.0,8.316309587414306,8.1,6.7,8.0,7.7
8073.0,12.216115129975726,12.3,14.2,14.5,15.0
8074.0,13.9026550577869,14.1,13.3,12.2,12.2
8075.0,11.482487882153906,11.5,11.7,11.7,13.6
8076.0,12.703335804190548,12.8,11.6,10.5,10.1
8077.0,11.440897064900682,11.4,13.0,10.8,14.0
8078.0,10.279817936998505,10.2,10.7,10.9,11.4
8079.0,14.125225173659055,14.4,14.3,15.7,12.9
8080.01,11.311663856506193,11.3,13.2,12.7,14.4
8080.02,11.359112382159468,11.4,11.4,12.8,11.6
8081.0,23.791106186359343,24.8,25.5,23.5,23.4
8082.0,10.924435863311773,10.9,12.3,12.6,14.7
8083.01,12.672861566141204,12.8,10.4,10.6,11.5
8083.02,9.550424650944262,9.4,11.0,10.9,9.5
8084.0,10.793539312794307,10.8,11.4,13.4,11.5
8085.0,12.667306283581691,12.8,11.1,11.6,9.7
8086.0,10.487037511899208,10.4,11.4,10.6,7.4
8087.02,5.047259552084313,4.5,4.4,3.5,4.2
8088.0,7.524576887580994,7.2,7.7,7.4,6.6
8089.0,10.113578313585094,10.0,9.4,8.7,6.9
8090.0,9.839162518228429,9.8,8.0,11.3,11.8
8091.0,7.254261834299875,6.9,7.2,6.6,6.3
8092.0,9.964416176069701,9.9,11.0,13.0,9.1
8093.0,5.673397075675794,5.2,6.9,7.0,6.1
8094.0,13.504706535430678,13.7,12.6,12.8,10.2
8095.0,13.26172984436372,13.4,15.6,14.5,10.9
8096.0,9.104446758566771,8.9,8.8,7.9,8.3
8097.0,7.7213147563568425,7.4,7.3,6.4,7.6
8098.0,3.8329197997041566,3.3,7.7,12.0,13.5
8099.0,5.403257242628035,4.9,3.6,3.2,3.9
8100.0,4.165982295949805,3.6,4.5,6.0,6.6
8101.0,8.445303972771844,8.2,7.8,7.5,5.1
8102.0,11.667207908289102,11.7,12.1,12.1,9.9
8103.01,10.150345905567063,10.1,12.2,14.2,10.3
8103.02,10.50910742921699,10.4,8.5,6.5,5.3
8104.0,11.928187356003944,12.0,10.8,11.4,9.5
8105.01,11.553709262738435,11.6,12.5,13.5,12.1
8105.02,14.150255746578658,14.4,11.9,12.0,11.3
8106.0,12.434898908756265,12.5,13.8,12.5,11.9
8107.01,11.443038053097562,11.4,11.5,9.1,8.1
8107.02,16.5011372881927,16.8,18.0,12.1,10.9
8108.0,10.724522523210242,10.7,10.6,11.5,11.3
8109.0,13.32264473905676,13.5,12.5,12.6,12.4
8110.0,7.439196676158933,7.1,9.2,8.7,9.3
8111.0,9.325504745236218,9.2,8.8,10.4,10.0
8112.0,10.57051555816134,10.5,10.1,9.6,8.2
8113.01,6.874467281511804,6.5,8.3,8.3,9.0
8113.02,10.915100257745495,10.9,10.5,11.1,9.1
8114.01,9.806175249253224,9.7,7.7,8.3,7.3
8114.02,9.044771588633838,8.9,8.7,10.5,8.9
8115.0,8.893271640425944,8.7,8.4,8.7,10.1
8116.0,10.684014203712007,10.6,9.7,8.2,9.0
8117.01,8.25379495340188,8.0,10.2,10.4,6.7
8117.02,9.212000085600701,9.0,10.3,8.8,9.6
8118.0,14.952597358144002,15.3,15.0,16.5,15.0
8119.0,9.490011409638216,9.3,8.6,6.9,7.3
8120.0,7.1077819338588535,6.8,6.2,8.0,7.2
8121.0,7.010982717392374,6.6,10.0,8.1,8.7
8122.0,6.8078939059651615,6.4,6.2,4.9,3.8
8123.01,9.99346589503302,9.9,9.8,10.4,9.3
8123.02,7.788365777977388,7.5,6.8,7.0,7.7
8124.0,6.340236132227112,5.9,5.7,4.7,5.9
8125.0,10.705367651918934,10.6,10.7,8.3,6.9
8126.0,10.137741204473574,10.0,10.8,9.1,8.9
8127.0,10.910539862824287,10.9,10.4,11.2,14.3
8128.01,10.449251024965841,10.3,12.3,9.1,10.4
8128.02,8.080726741263199,7.8,7.3,6.8,3.1
8129.0,9.38427263764753,9.2,8.3,7.2,6.8
8130.0,8.575601685693082,8.4,7.2,9.3,10.2
8131.0,6.589500163141846,6.2,5.4,5.6,5.3
8132.0,6.602576496224389,6.2,5.3,4.9,3.3
8133.01,5.919159202111214,5.5,7.2,8.7,8.4
8133.02,5.6626129437104,5.2,5.6,6.1,7.3
8134.0,5.065268322817047,4.6,5.0,7.5,6.2
8135.0,8.09637369399034,7.8,8.9,7.8,7.4
8136.0,6.863834362466681,6.5,7.1,7.5,7.7
8137.01,5.9136219127799405,5.4,6.1,3.6,4.1
8137.02,6.224986534436788,5.8,6.4,6.5,9.7
8138.01,5.9059316561083985,5.5,7.2,9.3,7.5
8138.02,9.582138613753713,9.5,9.0,11.5,10.1
8139.0,7.575956949161305,7.3,8.5,10.1,10.3
8140.0,10.39026831683067,10.3,11.2,10.6,10.0
8141.0,5.783399830831996,5.4,6.0,9.4,8.7
8142.0,6.969270708616825,6.6,7.2,7.0,6.2
8143.0,6.248329757920323,5.8,5.8,4.8,5.3
8144.0,7.947084350867769,7.7,7.5,8.9,12.0
8145.0,9.419615710543477,9.3,8.7,10.2,6.5
8146.0,8.93857316379749,8.7,9.2,7.5,7.8
8147.0,9.746128036591307,9.6,7.0,6.1,7.0
8148.0,10.094644272102498,10.0,10.0,10.2,8.8
8149.0,7.941465465504666,7.7,6.7,8.3,9.5
8150.0,6.859727606306285,6.5,7.3,7.9,7.2
8151.0,5.911876974625134,5.5,5.3,7.0,9.6
8152.0,12.95493163171293,13.1,14.3,14.5,14.1
8153.0,8.344101588389279,8.1,10.5,10.8,10.6
8154.0,10.4727514754545,10.4,10.7,10.5,12.7
8155.0,7.10929406306156,6.8,7.2,9.0,10.3
8156.0,10.383566933712583,10.3,12.6,12.4,12.0
8157.01,8.191025908175092,7.9,7.7,6.4,8.4
8157.02,10.073744462656382,10.0,9.3,10.4,8.0
8158.0,16.02179411905248,16.4,14.5,13.4,12.7
8159.0,11.601913852993066,11.7,11.2,14.1,12.8
8160.0,6.4865072310291225,6.1,4.0,4.6,5.0
8161.0,7.934008017785226,7.7,7.6,9.6,9.5
8162.0,15.848980318128161,16.2,17.6,16.2,15.6
8163.0,9.793942590888713,9.7,6.9,8.0,7.6
8164.01,6.809947284045361,6.4,6.1,4.7,3.3
8164.02,5.519780146584113,5.0,5.2,3.8,4.1
8165.0,9.076177111517897,8.9,7.6,7.9,7.0
8166.0,6.304660250379066,5.9,5.5,6.1,7.1
8167.0,7.920472031857019,7.6,8.5,7.0,5.3
8168.0,10.665923836947442,10.6,9.4,8.7,9.6
8169.0,9.181891876195488,9.0,10.8,10.7,12.1
8170.0,10.466201305256682,10.4,12.2,12.4,12.9
8171.01,10.005937376434483,9.9,9.3,9.3,8.2
8171.02,10.441735988527663,10.4,10.6,11.8,11.5
8172.0,15.231062320942327,15.6,13.6,14.9,17.4
8173.0,11.196018208673797,11.1,16.2,12.8,12.3
8174.0,4.907457027448289,4.4,4.9,6.2,5.8
8175.0,17.062137983493265,17.6,18.6,20.7,19.5
8176.0,18.201736457581333,18.8,16.9,17.3,14.0
8177.0,15.511538661279516,16.0,16.8,22.3,18.6
8179.0,15.083040269900657,15.4,15.6,15.4,14.8
8180.0,10.26626395784206,10.2,13.4,14.4,15.3
8181.0,13.25399397811683,13.4,13.4,12.5,12.8
8182.0,13.759105791549759,13.9,16.8,14.1,13.9
8183.0,9.810106785180258,9.7,10.3,10.9,11.3
8184.01,9.492430816362544,9.3,10.2,8.5,10.1
8184.02,12.97205111815228,13.1,12.5,11.8,11.0
8185.0,11.395507931412457,11.4,13.6,13.5,14.2
8186.0,10.818179849756689,10.8,10.2,11.0,13.7
8187.0,8.433588555971735,8.2,8.8,9.1,10.4
8188.0,12.800564652104748,13.0,11.0,13.8,11.7
8189.0,11.978678133290872,12.0,9.2,7.4,6.9
8190.0,11.883938308989444,11.9,11.8,10.3,10.5
8191.0,11.109784748441145,11.1,10.2,10.3,11.6
8192.0,13.158824522367677,13.3,12.8,12.0,9.7
8193.0,7.811993434073224,7.6,8.2,11.6,12.2
8194.0,7.599236569841251,7.3,6.4,6.8,5.9
8195.0,11.997808997269091,12.1,12.0,13.7,12.1
8196.0,4.469756250195182,3.9,3.8,4.0,4.6
8197.0,5.655847957788723,5.2,5.5,6.3,6.6
8198.01,5.671128881871734,5.2,5.4,5.5,5.4
8198.02,10.666011447064124,10.6,8.0,7.2,6.8
8199.0,5.778530995985395,5.3,6.8,6.3,6.5
8200.0,7.128076891623887,6.8,6.5,7.4,7.9
8201.01,13.142572717959453,13.3,10.8,10.6,9.5
8201.03,10.706489745164419,10.6,12.9,10.6,9.7
8201.04,13.161029113368146,13.3,12.8,11.9,10.0
8202.01,8.721174308612479,8.5,7.6,7.3,7.5
8202.02,14.546906955456036,14.8,13.2,12.1,13.1
8203.0,7.782898105534555,7.5,6.1,6.5,5.5
8204.0,9.802044485779737,9.7,10.8,11.8,11.8
8205.01,8.631926164066972,8.4,8.0,7.6,7.1
8205.02,16.06024304638567,16.4,16.6,13.9,15.0
8206.03,14.281757148777208,14.5,13.2,11.6,11.4
8206.04,10.600711377683234,10.5,8.2,6.2,7.2
8206.05,8.944192049160593,8.7,10.0,8.1,6.4
8206.06,7.101010933852326,6.7,7.2,5.2,6.1
8207.0,11.009513648893293,11.0,10.6,11.1,12.3
8208.0,10.17341071052315,10.1,8.5,9.2,8.7
8209.01,10.65042809714057,10.6,7.9,7.8,6.8
8209.02,12.74081385119852,12.8,11.6,8.8,8.8
8210.01,16.67866871104335,17.1,14.0,12.3,9.0
8210.02,13.684016477841784,13.8,14.9,11.3,11.5
8211.01,12.60877120012248,12.7,11.4,10.4,10.5
8211.02,10.554176143636433,10.5,9.5,9.7,10.5
8212.0,13.674121630169774,13.9,16.0,17.1,14.1
8213.0,10.860369504606142,10.8,10.4,9.3,10.1
8214.01,14.826708827223705,15.1,15.6,14.5,11.6
8214.02,15.17808252004263,15.5,13.2,12.7,15.3
8215.0,9.546469107704135,9.4,11.3,11.4,10.4
8216.0,12.29717376951353,12.4,11.3,11.9,12.2
8217.0,14.602154950159793,14.9,15.1,15.8,15.3
8218.0,9.253200866896702,9.1,10.2,11.0,10.4
8219.0,10.39299014939554,10.3,13.0,12.4,14.1
8220.0,15.969872808594678,16.3,14.8,11.9,12.1
8221.01,14.355636759123021,14.6,14.3,13.6,12.3
8221.02,16.64391249660025,17.1,15.8,15.8,12.8
8222.0,10.754781945535726,10.7,10.2,9.7,9.4
8223.01,12.612487920325654,12.7,12.4,11.3,10.4
8223.02,12.427767894190456,12.5,12.0,10.9,10.9
8224.0,11.197281940746995,11.2,10.1,10.4,10.0
8225.0,10.251245864109091,10.2,9.3,10.7,10.4
8226.01,12.142323129746593,12.2,11.7,11.0,10.1
8226.02,13.056285229015767,13.2,11.7,11.3,10.3
8227.01,14.368864305125834,14.6,14.3,13.0,12.4
8227.02,13.2377817691991,13.4,15.8,15.8,14.3
8228.01,10.76321027358038,10.7,11.4,10.6,10.0
8228.02,12.529399910020741,12.6,12.5,11.0,11.4
8229.0,10.859613440004788,10.8,9.9,8.8,10.5
8230.01,9.963723714271937,9.9,12.0,14.1,15.5
8230.02,9.275939238699156,9.1,9.2,8.9,9.5
8231.01,11.697554940731267,11.7,10.3,8.8,10.5
8231.02,8.526314597683466,8.3,10.7,11.1,12.2
8232.0,11.280409546542405,11.3,14.4,15.4,12.7
8233.02,13.814011764922478,14.0,14.1,12.9,12.9
8233.03,9.45694254463118,9.3,8.6,8.4,7.8
8233.04,11.853527673743688,11.9,12.1,12.0,14.5
8234.0,14.536186426294233,14.8,13.4,12.8,11.0
8235.0,10.339650333936563,10.3,9.8,11.4,10.9
8236.02,13.855602582175699,14.1,12.8,13.8,11.7
8236.03,8.971258006932155,8.8,9.3,10.3,10.5
8236.04,9.601892322641254,9.5,10.4,12.1,10.9
8236.05,15.133960678635306,15.4,17.2,14.8,11.4
8237.02,11.938279026171575,12.0,13.1,13.4,8.7
8237.03,11.928943420605297,12.0,11.3,11.9,10.3
8237.04,9.089293040090938,8.9,11.9,11.9,11.7
8237.05,12.085974644059611,12.2,13.8,15.8,17.2
8238.01,13.45916017493733,13.6,14.2,12.4,10.7
8238.03,12.231786090015962,12.3,12.9,12.4,13.8
8238.05,10.188970053133612,10.1,11.5,11.7,11.4
8238.06,12.005632473632662,12.1,12.8,14.2,11.8
8239.01,13.99972667869598,14.2,13.7,12.4,10.9
8239.03,11.825711665455625,11.9,11.2,12.3,11.5
8239.04,14.821485991902673,15.2,12.5,15.6,13.8
8240.03,5.8673255017700905,5.4,6.1,5.7,6.3
8240.04,11.990974394458972,12.0,11.5,9.3,8.9
8240.05,10.260215441031237,10.2,9.4,10.4,10.5
8240.06,7.473650464761495,7.1,7.2,5.0,5.9
8241.05,7.889392942126592,7.6,6.9,6.7,5.6
8241.06,11.042128875139518,11.0,10.3,9.3,10.1
8241.07,13.349099831062388,13.5,12.5,11.4,11.8
8241.08,9.427224371183188,9.3,7.9,9.0,7.2
8241.13,12.143254414581307,12.2,9.4,8.5,8.2
8241.14,6.239033747844545,5.8,8.4,8.0,8.4
8241.15,13.185866472826149,13.4,15.0,17.3,15.4
8241.16,7.608572175407528,7.3,8.2,8.3,8.9
8241.17,6.601884034426626,6.2,6.3,6.0,5.7
8241.19,10.446622816602503,10.4,8.0,8.8,8.2
8241.2,9.065002943595282,8.9,7.5,8.3,7.9
8241.21,9.054950868918148,8.9,9.6,11.0,10.0
8241.22,7.703375602512549,7.4,7.1,7.0,8.7
8241.23,10.555234634078328,10.5,10.2,10.4,9.3
8243.0,23.6055664928192,24.6,23.1,21.0,18.4
8244.0,24.839442733312204,25.9,28.7,25.3,22.6
8245.03,11.08462696991436,11.1,9.6,10.8,8.9
8245.05,8.445996434569608,8.2,6.8,6.4,5.8
8245.06,9.35301832768374,9.2,9.5,9.9,10.5
8245.07,12.316473839640258,12.4,12.4,12.2,12.7
8246.01,11.698008579492079,11.7,10.6,9.1,10.1
8246.02,9.189110500877977,9.0,11.2,10.8,9.6
8247.01,11.532134984722799,11.5,11.0,8.7,9.4
8247.02,8.974306272650658,8.8,8.4,9.2,9.8
8248.0,7.9843235748387915,7.7,8.8,8.6,9.9
8249.0,11.134011242133212,11.1,13.1,12.3,13.0
8250.0,9.943749175575688,9.8,10.1,8.8,10.9
8252.0,10.482936769823661,10.5,10.5,14.0,13.1
8253.02,7.147679387591157,6.8,7.8,7.9,8.3
8253.03,12.109166654622877,12.2,13.1,14.0,13.4
8253.04,12.556762279547995,12.6,13.1,10.4,10.9
8254.0,10.527092192636632,10.5,12.0,13.6,15.3
8255.01,13.810748683480115,14.0,13.4,12.3,14.0
8255.03,11.373334815800586,11.4,10.6,11.3,10.9
8255.04,7.519626456702563,7.2,8.8,8.8,9.7
8255.05,10.886591787659668,10.9,10.6,12.5,13.5
8256.0,12.745053827050947,12.9,13.3,14.6,17.6
8257.0,13.217271995710208,13.4,13.9,14.7,12.9
8258.01,15.028699552718527,15.3,14.3,12.3,10.8
8258.02,9.054497230157338,8.9,9.3,10.7,9.1
8258.03,17.920637272334822,18.5,15.1,15.6,15.9
8259.0,11.445487481219836,11.5,9.1,10.6,11.8
8260.0,8.821962649724732,8.6,9.0,8.4,8.7
8261.0,9.452684575550512,9.3,8.7,8.7,7.9
8262.01,21.561389539654414,22.4,20.8,19.4,18.0
8262.02,12.301431738594198,12.4,11.2,11.6,11.7
8263.01,9.544654552660889,9.4,10.1,10.2,10.9
8263.03,15.050984285760167,15.3,13.0,9.9,8.5
8263.04,10.620087078783255,10.7,8.6,14.1,14.2
8264.01,13.102669250142297,13.2,10.3,7.7,8.0
8264.02,11.477927487232696,11.5,11.6,11.8,10.2
8265.0,14.680437728421694,14.9,17.3,14.6,14.0
8266.0,9.539942944819408,9.4,9.9,10.2,9.3
8267.0,11.368012342193175,11.3,11.1,7.9,8.3
8268.0,12.687664844150314,12.8,12.9,12.6,10.6
8269.01,12.298510678482874,12.4,15.1,15.9,12.9
8269.02,19.13501421515464,19.8,25.3,25.7,23.3
8270.0,9.614554612453485,9.5,14.4,15.8,12.0
8271.0,10.437565629563677,10.4,9.3,10.6,12.2
8272.0,16.726610470947936,17.2,16.9,17.4,15.2
8273.0,13.789029206629056,14.0,10.7,10.4,10.4
8274.0,14.64318051122243,15.0,17.8,21.0,22.3
8275.0,10.244870914144633,10.2,8.0,9.6,8.0
8276.0,14.91511931113603,15.3,15.0,18.2,16.7
8277.0,10.567083270570468,10.6,11.1,15.0,15.1
8278.01,9.96661475298532,9.8,12.1,9.9,8.8
8278.02,6.151258137011245,5.7,5.4,4.6,5.3
8278.04,16.50092848655369,16.9,15.3,13.4,11.3
8278.05,10.692297332921239,10.7,9.7,12.0,10.3
8279.01,10.518355424666588,10.4,11.7,9.5,11.4
8279.02,12.7158708883956,12.8,12.6,11.0,9.7
8280.0,12.27748366342958,12.4,11.4,12.9,14.1
8281.0,12.39726964882802,12.5,13.7,14.1,11.7
8282.01,9.765252886484674,9.6,10.9,9.4,10.1
8282.02,6.976035694538502,6.6,7.3,6.8,8.2
8283.0,16.747900316351274,17.2,16.4,15.9,14.9
8284.01,8.689100331243747,8.5,6.8,7.9,8.4
8284.02,11.209753422148456,11.2,9.6,9.3,9.8
8285.03,11.756909691595421,11.8,12.0,12.1,10.0
8285.04,14.562943944140404,14.8,13.6,11.8,13.3
8285.05,9.336288877201612,9.2,10.1,11.3,11.8
8285.06,9.07509461376291,8.9,9.8,10.3,10.9
8286.01,9.158875085865585,9.0,8.7,9.5,10.4
8286.02,9.732574057434858,9.6,9.7,9.6,7.7
8287.01,11.229029484962094,11.2,13.6,12.7,12.7
8287.02,11.965338969858287,12.0,13.5,12.6,11.3
8288.01,10.072208326140585,10.0,11.2,12.5,10.8
8288.02,10.4287472655618,10.4,9.3,11.0,10.4
8289.0,11.657355061158423,11.7,8.5,8.7,11.4
8290.0,11.995773612417132,12.0,10.3,7.8,6.0
8291.0,10.425332971199166,10.4,8.5,10.3,13.3
8292.0,9.407685478019507,9.3,8.1,10.1,10.5
8293.01,11.57711608902556,11.6,13.4,13.4,13.1
8293.02,12.773580290365016,12.8,11.4,7.1,8.1
8294.01,14.361709283246935,14.6,15.4,14.5,14.8
8294.02,9.262926508420202,9.1,10.8,11.2,10.9
8295.0,14.882800496645494,15.2,16.6,17.2,16.3
8296.0,11.020210170742006,11.0,13.3,13.5,15.2
8297.0,14.047175204349257,14.3,11.9,12.5,12.2
8298.0,10.253148029269019,10.2,9.1,10.4,9.5
8299.01,12.458870991233974,12.5,10.7,8.1,9.1
8299.02,6.404151278012473,6.0,7.5,7.9,11.1
8300.01,24.37561931129195,25.5,23.8,24.4,30.4
8300.03,7.64559658365469,7.3,7.9,6.3,7.0
8300.04,7.455082451923028,7.1,9.5,8.3,10.5
8300.05,15.275671382516109,15.6,15.4,14.8,18.5
8300.06,13.87085949894562,14.1,15.6,16.1,16.3
8300.07,10.542158300995784,10.5,10.3,11.1,11.0
8300.08,7.612981357408467,7.3,8.2,8.1,8.8
8301.0,7.507696224178595,7.2,8.2,8.7,8.8
8302.01,9.82000764693712,9.7,8.1,8.1,7.2
8302.02,18.55774016220991,19.3,15.0,20.0,16.8
8303.0,19.11523890400484,19.7,17.7,14.3,17.7
8304.0,11.752046870833672,11.8,11.7,12.0,16.9
8305.0,12.010513287622652,12.0,11.3,8.2,9.4
8306.0,10.661451052142915,10.6,7.9,7.3,6.0
8307.0,13.261148999995727,13.4,12.3,11.0,12.2
8308.0,5.8068246503473615,5.3,5.1,3.2,4.6
8309.0,4.886947253959396,4.4,3.0,5.1,4.4
8310.0,4.678814387452221,4.1,2.8,1.8,2.2
8311.0,6.333232323268483,5.9,6.9,6.3,6.7
8312.0,9.247279555693058,9.1,9.2,10.2,11.1
8313.0,16.0575212138208,16.4,14.8,12.1,10.6
8314.0,17.46810920975951,18.0,14.4,14.5,13.3
8315.0,9.243348019766023,9.1,6.6,7.6,9.4
8316.0,14.271553861179806,14.5,15.2,14.2,14.0
8317.0,6.701223849139763,6.3,8.2,7.7,9.7
8318.0,7.248730559053453,6.9,5.0,4.5,7.8
8319.0,4.055834341958183,3.5,4.2,6.5,6.8
8320.0,6.153462728011714,5.7,5.4,4.5,4.6
8321.0,7.805397654300058,7.5,6.4,5.8,6.6
8322.0,3.69475901492885,3.1,3.1,5.0,5.6
8323.0,4.409709037533265,3.8,3.1,1.8,0.7
8324.0,5.612291372571983,5.1,5.5,4.1,2.8
8325.0,4.999968253436158,4.5,5.2,6.5,7.0
8326.0,1.7103208345005918,0.9,2.4,2.4,2.9
8329.0,4.217531563678627,3.6,3.6,2.7,4.2
8330.0,6.465217385625785,6.1,4.5,6.1,9.0
8331.0,6.22072856535612,5.8,6.5,6.8,7.5
8333.0,5.08791908450282,4.6,5.4,6.9,8.6
8339.0,12.256402619665252,12.3,14.6,13.1,15.1
8340.0,15.808175586874235,16.2,15.4,15.7,18.1
8342.0,10.63132484950946,10.7,10.2,15.3,16.8
8343.0,16.599361023745203,17.0,16.6,14.5,14.2
8344.0,13.540282417278723,13.7,12.8,11.4,11.1
8345.0,11.363911600117628,11.4,10.2,11.3,14.7
8346.0,12.39446020614647,12.5,13.3,13.8,15.5
8347.0,22.70383705191454,23.6,23.9,21.0,20.4
8348.0,19.97836820465605,20.7,14.7,13.7,16.1
8349.0,15.848311863643488,16.2,15.7,14.2,13.7
8350.0,12.402522505546994,12.5,12.8,12.9,11.8
8351.0,7.072224045239048,6.7,4.2,3.3,2.7
8352.0,11.320884284634992,11.5,9.8,17.0,18.0
8355.0,29.621341639405372,31.2,28.6,29.6,23.8
8356.0,19.565363148033228,20.2,24.1,21.6,25.0
8357.0,22.587287735594536,23.6,34.3,37.4,37.4
8358.0,12.532448175739244,12.6,11.6,9.9,10.0
8359.0,22.659642033611064,23.6,18.0,16.7,13.8
8360.0,6.1061714293635605,5.7,6.2,7.5,11.4
8361.0,16.168878871174584,16.5,15.9,12.4,13.1
8362.0,2.25294071633944,1.5,1.8,2.2,2.6
8363.0,7.462243487886779,7.2,7.3,9.8,12.5
8364.0,17.362195217535465,17.9,16.9,17.8,14.8
8365.0,14.200768126127844,14.5,16.5,18.8,16.7
8366.0,11.353399872594835,11.3,13.1,10.7,8.4
8367.0,12.76054956685782,12.9,14.8,15.5,15.2
8368.0,18.82497091428973,19.4,21.5,19.0,14.0
8369.0,11.451321182306797,11.5,11.5,12.9,8.9
8370.0,13.662255000449393,13.9,16.9,18.6,13.5
8371.0,17.41758841107464,17.9,20.0,18.6,13.0
8373.0,12.495342171460253,12.7,12.2,16.4,14.1
8374.0,18.574258356975882,19.1,22.3,18.7,16.6
8378.0,7.51865557637735,7.2,6.7,6.6,9.9
8380.0,17.774732202176942,18.3,18.5,17.5,20.6
8381.0,25.16837090607666,26.4,19.1,21.0,18.7
8382.0,5.88435737809276,5.4,5.7,4.5,5.3
8383.0,15.591405590683397,16.0,11.3,12.8,7.0
8386.0,22.623425264599142,23.4,22.5,14.8,14.4
8387.0,17.725045504117546,18.3,14.8,15.8,18.4
8388.0,14.600095557994743,14.8,16.3,13.0,10.8
8390.0,4.208323163719528,3.6,4.8,4.4,4.5
8391.0,6.250080710159981,5.8,5.5,4.4,5.5
8392.0,15.905095994863043,16.3,15.7,15.8,16.8
8395.0,20.229870407976904,20.9,19.9,16.2,24.1
8396.0,25.421164408791505,26.5,24.8,19.8,25.8
8397.0,8.347173861420872,8.1,6.7,6.6,7.1
8398.0,11.941478504810348,12.0,12.3,12.4,7.7
8399.0,10.158042176323457,10.1,10.0,11.5,9.5
8400.0,7.905103497657326,7.6,10.0,9.3,11.0
8401.0,12.689718222230512,12.8,12.8,12.4,11.4
8402.0,10.922941727337308,10.8,9.5,5.5,4.6
8403.0,9.991110091112281,9.9,9.7,10.4,10.9
8404.0,13.524221421281267,13.7,15.3,14.8,11.1
8407.0,10.633063773579416,10.5,12.1,8.9,8.4
8408.0,11.616973947267365,11.6,10.6,8.6,7.8
8410.0,15.058823350301147,15.3,21.1,18.2,21.4
8411.0,10.266526788192103,10.2,9.2,9.9,11.0
8412.0,8.355665792269116,8.1,9.4,9.1,6.9
8413.0,7.258822229221083,6.9,7.3,6.5,7.6
8414.0,11.002056201173852,11.0,11.5,12.4,16.8
8415.0,17.22973250910426,17.7,21.9,20.8,18.1
8416.0,16.4464161091459,16.6,26.3,15.1,9.0
8417.0,20.84304081086477,21.7,27.3,29.7,28.5
8418.0,12.719354799646673,12.9,13.8,16.3,14.2
8419.0,5.551708925117424,5.1,4.8,6.1,7.9
8420.0,7.9134682228983895,7.6,9.7,8.6,5.2
8421.0,15.026715791526767,15.4,14.8,17.1,16.4
8422.0,12.685786686303477,12.8,10.2,9.8,8.4
8423.0,4.667401396492654,4.1,4.0,3.6,2.4
8424.0,18.92509080091731,19.5,21.0,18.1,15.4
8425.0,9.596488253002011,9.5,11.2,13.2,14.7
8426.0,13.940586743555686,14.1,13.6,10.8,11.9
8428.0,7.8133723435839,7.5,7.3,6.4,7.6
8429.0,22.424440804281495,23.3,27.6,25.1,23.5
8430.0,13.132194210128688,13.3,15.6,16.2,12.6
8431.0,9.656623075780608,9.6,10.5,13.9,14.2
8432.0,6.872716329272148,6.5,8.6,8.7,8.7
8433.0,15.379293173623005,15.7,14.3,13.1,14.0
8434.0,20.10078841250268,20.8,20.2,18.2,13.8
8435.0,12.404448678020012,12.5,9.7,9.5,8.0
8436.0,12.328921313728628,12.4,14.8,14.2,16.5
8437.0,8.16668779705325,7.9,9.1,9.0,7.7
8438.0,11.851713118700442,11.9,10.9,10.8,10.0
8439.0,16.60598081083146,17.1,15.5,17.2,14.0
9800.0,0.8781734393705758,0.0,0.0,0.0,0.0
9801.0,0.8781734393705758,0.0,0.0,0.0,0.0
9900.0,0.8781734393705758,0.0,0.0,0.0,0.0
