tract,percent_vacant_2016,percent_vacant_2015,percent_vacant_2014,percent_vacant_2013,percent_vacant_2012,percent_vacant_2011
101.0,15.143665454106793,15.9,17.9,15.9,17.7,17.5
102.01,12.318621489791274,12.9,16.3,13.8,15.4,13.8
102.02,16.4155005045174,16.7,13.5,13.1,12.1,10.6
103.0,15.566836170827509,16.1,17.3,17.4,16.8,16.6
104.0,14.774125465554851,15.0,15.7,17.1,14.3,15.8
105.01,10.388579286565848,10.7,12.7,12.9,12.9,11.0
105.02,18.968220562368742,19.3,19.9,15.5,13.8,15.6
105.03,13.00219605096098,13.7,18.8,13.8,16.3,17.5
106.0,5.170402447792131,5.7,4.1,3.6,9.4,13.6
107.01,8.670751213712954,8.9,7.8,5.3,7.8,6.7
107.02,13.600283290471747,14.2,18.3,18.6,18.3,18.1
201.0,13.620631812872027,13.5,12.3,11.1,8.1,12.5
202.0,6.112779241828499,6.0,10.0,8.4,7.4,3.8
203.01,10.842692724501589,11.5,10.2,12.2,15.0,16.3
203.02,6.945891350875207,7.4,8.6,12.1,13.8,13.4
204.0,6.582116633441765,6.6,9.3,8.7,8.5,7.7
205.0,15.419118921320713,15.7,14.7,12.7,12.0,11.9
206.01,11.128779720980118,11.7,15.3,18.3,18.1,19.8
206.02,12.05727614088255,12.3,9.9,8.4,9.4,5.2
207.01,18.211038437630272,17.9,13.6,10.9,6.0,3.5
207.02,13.820091680181104,13.8,9.8,8.3,7.1,7.3
208.01,12.800442023987813,12.8,14.2,12.8,10.2,9.3
208.02,14.717951251491156,14.9,15.4,17.0,13.9,12.9
209.01,20.92068167825714,21.2,18.5,16.5,13.7,8.0
209.02,9.22275221406092,10.0,11.9,12.4,16.3,16.9
301.01,11.19770726710398,11.6,11.6,7.4,10.2,10.7
301.02,18.934444316080494,18.8,17.0,6.7,4.9,2.4
301.03,11.290981773546967,10.8,4.9,2.2,0.0,0.0
301.04,8.103515900289132,8.5,5.7,8.2,10.8,8.9
302.0,11.83561625105081,11.7,12.0,7.4,6.0,5.7
303.0,7.886870819664585,8.1,9.8,11.3,11.4,12.2
304.0,8.453897075989293,8.2,8.6,8.1,5.8,5.3
305.0,10.728595847578092,11.1,10.7,11.3,12.3,9.1
306.01,12.815467424413962,13.1,17.9,21.2,17.5,15.1
306.03,16.350765586663663,17.2,17.2,13.3,16.7,12.4
306.04,12.000201087299637,12.4,10.4,12.9,13.3,11.9
307.01,3.9942472903607307,3.4,3.7,2.1,0.0,0.0
307.02,14.667701650999733,15.1,15.2,11.9,12.8,13.0
307.03,13.017108134358846,12.9,10.8,12.2,8.8,9.8
307.06,9.053526474250969,8.9,8.0,13.2,9.5,10.8
308.0,12.250670756356312,12.3,8.3,12.9,10.5,6.6
309.0,5.375513317295917,5.7,2.9,5.7,9.0,12.6
310.0,10.699820629198046,11.2,12.2,17.8,17.2,15.3
311.0,4.086177752552153,4.5,8.8,10.5,12.9,10.0
312.0,15.751732074246986,16.1,17.3,16.8,15.0,15.4
313.0,3.2503521315949264,3.4,4.0,5.1,7.6,9.3
314.0,9.847241533918304,9.5,8.4,5.9,3.6,3.1
315.01,13.566709495627014,14.3,16.9,18.8,19.4,18.9
315.02,10.059458882839065,9.7,7.7,8.0,4.7,2.7
317.0,10.684442149519883,10.5,11.9,10.5,7.6,7.5
318.0,4.976955878135035,4.8,5.8,5.2,5.0,3.4
319.0,4.951830510711464,4.6,2.7,3.6,2.6,3.3
321.0,10.9982661508338,11.1,8.3,6.9,7.5,7.1
401.0,10.440231588749027,10.9,15.8,13.5,14.5,12.8
402.01,7.946096304589938,8.2,9.0,11.0,11.5,11.9
402.02,5.932317055714961,6.3,11.5,12.5,13.6,11.8
403.0,7.515858187542725,7.9,10.9,14.0,14.4,14.0
404.01,8.357999245924074,8.7,14.3,10.3,11.9,11.2
404.02,3.6940728823187925,3.6,4.8,5.1,5.7,6.5
406.0,12.65521842723713,12.4,10.9,7.5,5.0,4.3
407.0,7.307472039630149,7.2,6.1,7.8,6.8,9.3
408.0,2.951350874752421,3.1,3.4,3.4,6.6,5.4
409.0,6.690521962882299,6.9,6.7,4.2,7.2,9.5
501.0,6.9207244983227465,6.9,10.6,7.0,7.2,9.8
502.0,7.968334190205901,8.2,9.0,9.1,10.2,12.2
503.0,3.1249437970898186,2.9,5.2,4.8,4.6,7.7
505.0,5.503648086811357,5.4,7.6,5.6,5.8,6.1
506.0,8.657444220642397,9.2,7.4,4.8,9.9,14.0
507.0,3.6714200194113764,3.0,2.6,3.1,0.0,0.0
508.0,9.207517709687496,9.8,8.9,8.9,12.7,12.7
509.0,11.453374238612636,11.7,5.5,9.5,10.0,8.2
510.0,5.004906782478617,5.4,10.4,10.5,12.7,15.1
511.0,15.585590650780059,16.3,7.6,4.5,10.2,7.5
512.0,9.004610668268903,8.8,8.6,6.9,5.4,5.8
513.0,4.555692464317872,4.6,4.7,9.9,9.5,8.8
514.0,40.79084804946019,43.1,37.8,32.1,36.8,31.0
601.0,11.521853943265098,11.9,14.8,11.3,12.4,8.7
602.0,10.184760973425604,10.2,9.7,10.3,9.0,11.0
603.0,7.103168603967856,6.9,6.3,7.3,5.8,10.4
604.0,5.868527489759991,5.8,4.9,6.9,6.7,6.6
605.0,10.080127297306719,10.2,9.4,14.0,12.0,9.8
608.0,11.434263256348608,11.9,11.6,10.0,12.2,9.8
609.0,10.710515219195127,10.7,12.9,14.6,11.4,11.8
610.0,7.551538326888716,7.7,6.5,6.7,8.1,6.9
611.0,8.560114957138408,9.3,8.8,18.5,19.6,17.6
612.0,3.7075951302804055,3.6,3.1,1.5,3.4,3.9
615.0,8.93111272367122,8.7,7.0,5.3,4.2,4.4
618.0,2.663979310063554,2.9,5.8,5.1,8.4,9.0
619.01,1.6095957246222292,1.2,2.2,2.0,1.6,1.3
619.02,15.811920628573045,15.9,14.3,14.8,11.7,6.6
620.0,5.869276115620668,5.7,6.7,5.4,5.1,5.0
621.0,13.84349475479923,14.4,16.1,15.8,16.2,14.6
622.0,13.703777610574432,14.1,10.3,10.1,11.4,9.4
623.0,6.315281903499696,6.4,5.3,3.8,6.0,2.4
624.0,8.891185475022306,8.5,9.5,5.7,3.3,1.9
625.0,12.139656194383582,12.9,10.2,14.0,16.7,13.2
626.0,4.861307018256787,4.7,4.0,3.9,4.3,2.7
627.0,10.867926338394781,11.1,8.5,10.4,10.6,11.4
628.0,4.595848821960946,4.9,5.0,10.4,11.8,12.0
629.0,2.125356080812475,2.4,3.5,5.3,8.8,8.7
630.0,10.67640977093794,10.5,9.0,7.7,5.9,2.7
631.0,3.065935199753719,2.8,2.2,2.8,3.0,4.7
632.0,5.840736204026723,5.9,5.6,8.4,8.6,9.5
633.01,4.022672396677604,3.7,3.8,6.0,4.4,10.0
633.02,7.21103431779867,8.0,9.2,9.8,15.0,14.5
633.03,17.073237863948393,18.0,17.5,15.8,18.7,17.7
634.0,7.481509002848063,7.3,4.5,4.0,3.9,5.3
701.01,11.372719436268538,11.9,11.3,11.4,13.5,15.0
701.02,7.684923820396041,7.9,11.7,12.3,12.1,13.0
701.03,10.282146184160176,10.4,9.2,10.2,9.7,14.7
702.0,7.7802808188543615,7.8,9.3,6.9,7.3,7.6
703.0,7.953486016235884,8.2,9.9,10.2,11.0,11.4
704.0,3.7775726186311918,3.8,2.9,7.6,8.0,7.3
705.0,3.3337225200459057,3.4,4.5,6.0,7.5,11.4
706.0,6.458550068551519,6.8,6.5,9.2,11.2,10.4
707.0,15.109404561587965,16.6,20.2,25.8,29.3,31.6
710.0,8.867596187051172,9.2,9.4,6.1,9.1,10.4
711.0,5.615713890708367,6.0,8.9,11.7,13.2,12.8
712.0,0.061864033153716746,0.0,0.0,0.0,3.2,7.8
713.0,8.146297345959763,8.0,4.4,2.0,2.9,2.4
714.0,9.061870446956036,9.0,12.6,11.4,9.3,10.5
715.0,11.76469969023465,12.3,13.3,14.8,15.6,15.3
716.0,16.667135171278673,16.3,12.7,9.0,4.6,7.7
717.0,6.215675351689228,5.9,5.6,4.4,3.3,2.6
718.0,6.573984090239728,5.9,6.5,6.2,1.6,8.4
801.0,7.802730002266225,8.0,12.0,12.2,11.9,17.1
802.01,7.389445378990676,8.1,10.0,10.3,14.7,11.3
802.02,12.355769779258745,12.8,14.0,13.7,14.2,15.8
803.0,8.55520337781278,8.7,9.4,8.3,9.0,7.9
804.0,1.9137470513314028,1.8,0.0,1.9,3.7,2.8
810.0,10.488068112758564,10.5,9.2,4.7,5.6,9.8
811.0,15.792708252478084,16.5,16.9,14.2,16.2,14.3
812.01,22.14061435055188,23.5,20.3,16.3,21.8,23.2
812.02,17.808148125427444,18.7,17.7,14.2,17.4,22.1
813.0,26.377027204906994,27.1,27.4,27.2,23.1,20.8
814.01,12.862275465386363,13.5,14.5,19.7,19.2,15.6
814.02,21.050497157376498,22.1,20.6,22.1,23.0,22.2
814.03,9.919106429781879,10.6,11.8,13.8,16.3,16.1
815.0,26.19670158030908,27.5,29.4,29.3,28.9,26.4
816.0,24.321388544968727,25.5,24.8,24.9,25.4,22.4
817.0,13.066196064191223,14.8,13.5,17.9,26.5,33.4
818.0,5.826879091498709,6.2,5.5,7.2,10.3,10.3
819.0,44.384200059640534,46.8,38.6,33.1,37.8,36.9
901.0,9.654939896857101,10.0,10.5,11.6,12.4,8.3
902.0,8.042103838485204,7.8,8.6,5.5,4.4,5.4
903.0,7.835152257700663,7.7,5.6,2.9,3.6,3.9
1001.0,13.63752568731185,13.6,9.3,7.0,6.2,7.7
1002.0,9.955492205651074,9.7,8.2,6.6,4.7,3.3
1003.0,11.18587596965115,11.6,9.2,8.4,10.8,9.4
1004.0,3.738534311101291,3.4,2.1,2.2,2.0,2.0
1005.0,11.452627487972197,10.9,15.5,16.4,8.3,7.9
1006.0,3.4471255872010955,3.4,4.0,5.5,6.3,5.8
1007.0,4.752163375505747,4.4,5.0,4.1,3.0,3.4
1101.0,6.449807858205488,6.9,6.6,9.3,12.1,12.4
1102.0,1.6775405540964923,1.5,1.5,6.3,5.9,7.2
1103.0,6.630744522448854,6.8,8.7,11.0,11.0,10.5
1104.0,8.16657555778782,7.8,10.1,8.4,5.2,6.4
1105.01,9.572963900098767,9.9,11.1,10.6,11.7,14.9
1105.02,10.343461873097533,10.2,7.9,9.8,7.4,6.4
1201.0,9.795143235151716,9.2,6.3,6.7,2.1,1.2
1202.0,5.134216739379043,5.1,6.4,7.9,7.7,7.3
1203.0,7.60973301643484,7.6,7.8,4.3,5.5,4.9
1204.0,5.9517716292455205,5.6,5.1,4.0,2.8,4.3
1301.0,2.1888144642984555,1.9,1.0,1.3,2.0,1.9
1302.0,1.8242760300118426,2.0,8.1,10.8,11.5,12.2
1303.0,10.608873074953792,10.6,9.1,7.7,7.2,10.0
1401.0,9.033613932932688,9.3,5.6,5.7,8.2,12.3
1402.0,14.229384459138547,14.0,14.8,10.8,7.1,6.6
1403.01,18.82622443823624,19.7,22.9,22.6,22.3,20.9
1403.02,6.020157770557189,5.9,3.8,2.1,3.4,6.6
1404.0,5.652935092460352,5.4,5.5,5.5,4.5,5.6
1405.0,9.35760978998773,8.9,8.7,6.2,3.0,5.1
1406.01,8.193646579554567,8.1,8.9,4.6,5.0,2.9
1406.02,11.414258287204053,12.1,10.2,10.6,14.2,13.0
1407.01,13.246408244430038,13.0,13.2,12.6,8.1,10.1
1407.02,8.716213766287028,9.0,7.5,8.5,10.1,6.9
1408.0,6.3790721711495735,6.3,5.0,4.1,4.9,4.1
1502.0,9.281174270246888,9.2,8.9,7.7,6.8,9.5
1503.0,4.4574276471630085,4.6,7.5,8.1,9.3,13.5
1504.01,5.136804405811469,5.4,7.0,6.2,9.0,9.6
1504.02,17.423079147882298,18.0,17.8,15.5,15.8,13.3
1505.01,8.679463059613774,9.1,8.0,10.4,12.3,14.4
1505.02,7.080086161122818,6.9,7.9,6.9,5.8,5.1
1506.0,10.570625154569996,10.9,13.1,11.5,12.2,9.8
1507.0,9.060761361688725,9.4,12.0,11.8,12.6,14.6
1508.0,5.290468978183386,5.1,4.7,5.0,4.7,4.9
1510.01,15.659990855405367,16.0,17.0,16.4,14.7,13.0
1510.02,11.756901522093889,11.8,8.9,9.3,8.4,8.7
1511.0,9.936695343200846,10.0,12.4,12.5,10.8,13.9
1512.0,8.717879491808437,8.7,6.5,6.4,6.5,6.1
1601.0,10.403050584483443,10.3,10.2,10.5,8.2,10.0
1602.0,6.079234140719969,6.1,2.9,2.7,4.8,4.3
1603.0,5.929150741430499,6.3,10.6,11.5,13.0,14.5
1604.0,9.086695675999724,9.2,9.1,5.8,7.2,8.3
1605.01,10.867198457286708,10.8,10.4,11.3,8.9,13.4
1605.02,8.566080784059345,8.3,8.2,5.1,3.9,9.4
1606.01,5.710637887328397,6.4,8.9,8.1,13.4,10.3
1606.02,6.961154918837696,7.3,6.0,6.5,9.5,8.4
1607.0,15.648327091911954,16.0,15.9,15.3,14.1,11.4
1608.0,7.936584808489602,8.4,6.7,6.9,10.6,12.2
1609.0,2.024418178541877,2.4,3.2,5.0,9.4,13.5
1610.0,13.889077940589463,14.3,11.3,10.9,12.0,17.1
1611.0,8.612044875801258,8.9,7.5,6.4,8.9,6.2
1612.0,12.962146175382207,13.9,16.3,19.6,21.5,19.5
1613.0,14.580154489773996,14.8,12.4,11.6,10.9,9.9
1701.0,12.61530988277895,12.4,11.6,9.8,6.7,6.3
1702.0,6.57227006942259,6.8,4.4,8.8,10.0,10.4
1703.0,9.947001277238765,9.8,6.7,4.1,4.0,1.5
1704.0,8.45513387641983,8.3,8.5,7.5,6.2,7.3
1705.0,4.612798490344586,4.4,5.0,5.3,4.8,2.2
1706.0,1.5878423066815661,1.2,1.9,1.9,1.7,1.0
1707.0,10.649171538216475,10.3,13.0,15.6,9.4,8.8
1708.0,5.891815937656337,5.7,5.3,4.6,4.4,5.1
1709.0,5.045852201614501,4.9,4.5,8.6,7.2,7.8
1710.0,3.727332472490756,3.8,5.0,5.8,7.4,8.7
1711.0,4.199236382296492,4.3,6.5,4.6,6.9,6.6
1801.0,12.041388861534188,11.6,11.1,11.8,6.2,4.6
1901.0,7.616815210705078,7.4,5.5,7.8,5.9,6.0
1902.0,11.729756372045445,11.6,9.0,9.0,6.9,5.6
1903.0,11.179535069093923,11.1,12.7,9.7,7.9,7.8
1904.01,11.282388631115348,11.2,9.1,6.6,5.9,2.2
1904.02,13.226264426224914,13.6,15.9,13.5,13.5,8.9
1906.01,11.862020273886666,12.0,10.0,8.7,8.8,5.5
1906.02,9.193191008286888,9.4,11.2,11.4,11.3,8.8
1907.01,6.942183440480983,6.9,5.1,6.6,6.6,5.6
1907.02,5.72635099342723,6.3,10.0,11.9,14.8,17.0
1908.0,5.824027959738465,5.8,7.0,7.2,7.3,8.5
1909.0,12.397306879002592,12.6,16.9,13.8,12.5,12.2
1910.0,6.3972061025789735,6.3,9.6,7.1,6.7,11.7
1911.0,14.221260094228494,14.6,14.7,15.4,14.5,10.4
1912.0,10.543299594310483,10.8,8.2,10.2,10.7,11.3
1913.01,9.402932192645094,9.4,7.2,5.8,6.2,5.7
1913.02,7.213788005144579,8.4,16.1,15.2,21.5,22.4
2001.0,1.4444992267941719,1.9,3.4,4.0,9.5,11.3
2002.0,11.310283992874503,11.4,13.1,12.4,10.8,10.2
2003.0,6.031258372999861,5.7,7.8,7.3,5.0,4.3
2004.01,5.75807727120068,5.9,11.5,10.5,10.7,14.4
2004.02,12.586633077827338,12.8,17.0,16.9,14.4,15.3
2101.0,13.744125953824083,14.2,14.0,10.8,12.4,12.2
2104.0,11.5468914948043,11.8,11.2,9.6,10.3,7.9
2105.01,8.017821395592513,7.9,5.6,4.4,4.6,5.3
2105.02,12.523685781556496,12.8,13.4,11.9,11.8,15.1
2106.01,14.77892506556035,15.4,10.2,6.4,10.8,7.7
2106.02,10.754734938888356,11.0,11.8,14.9,13.5,11.8
2107.0,9.582056019155536,9.1,8.6,9.1,4.5,6.7
2108.0,12.40868496621781,12.6,17.4,17.8,14.8,20.5
2109.0,8.835965437158766,8.9,9.8,10.9,9.9,13.0
2203.0,4.126919695544922,3.9,4.2,2.9,3.3,5.9
2204.0,7.052561154619446,7.0,6.8,4.8,5.5,5.5
2205.0,5.037124703570754,4.9,7.4,4.6,5.0,7.1
2206.01,10.31126828400029,10.7,9.7,7.0,9.9,7.4
2206.02,12.296736564933859,12.6,15.2,17.3,15.3,13.2
2207.01,8.106129043068321,8.1,5.6,5.5,6.1,7.0
2207.02,16.36871018988429,16.6,13.9,14.6,12.6,12.7
2209.01,15.479389544074726,16.2,14.5,13.6,15.9,16.8
2209.02,11.584493887501859,12.0,8.9,12.7,13.3,12.0
2210.0,14.248946232388109,15.1,16.1,15.1,18.0,18.1
2211.0,8.146323871803286,8.3,6.6,5.4,7.3,6.2
2212.0,5.799251870976029,6.6,10.1,12.0,16.6,13.6
2213.0,12.960325277850764,13.1,10.6,11.4,10.3,13.2
2214.0,2.853352944826046,3.3,5.5,3.1,8.8,8.3
2215.0,12.513292234986643,13.0,13.2,8.0,11.1,8.5
2216.0,10.610664071589204,10.6,7.2,7.5,7.0,9.6
2222.0,9.613857236561703,9.1,13.1,7.9,3.7,5.4
2225.0,7.889857488240841,9.1,11.6,12.6,19.9,17.3
2226.0,13.688002764099231,13.8,14.0,11.2,10.0,8.7
2227.0,7.936646383524342,8.5,8.2,9.9,13.2,19.1
2228.0,11.72171501978029,11.7,18.3,14.8,11.5,14.9
2229.0,26.308669519185806,26.3,22.0,14.9,10.0,17.5
2301.0,11.378625189145804,11.3,8.4,8.3,6.9,6.5
2302.0,16.266827552550858,17.4,13.9,21.1,23.4,25.1
2303.0,1.6504929581184993,2.4,2.0,2.0,10.5,11.5
2304.0,13.465857666886475,13.8,16.2,18.6,16.2,14.4
2305.0,6.617538600204534,6.6,7.7,9.6,8.7,12.6
2306.0,10.691015580971936,11.2,12.6,9.9,12.6,13.8
2307.0,18.97657798131324,19.5,22.2,23.0,19.8,19.2
2308.0,16.57324891028167,18.9,20.8,24.5,34.8,29.7
2309.0,9.871614806732369,10.1,12.3,14.4,13.2,14.1
2311.0,14.472965908868959,14.8,15.4,14.9,13.8,3.5
2312.0,26.588612760592362,27.8,30.0,30.2,28.7,26.2
2315.0,21.335391652455463,22.4,21.0,27.0,26.0,21.9
2402.0,3.7465912598238593,3.9,4.8,4.6,7.3,5.3
2403.0,6.058224902039705,6.4,5.8,4.6,8.5,8.6
2405.0,2.407535027795369,2.5,4.7,6.3,8.0,9.0
2406.0,4.807034792301037,6.2,11.0,13.0,21.9,23.0
2407.0,6.51979297691149,6.3,5.4,3.4,3.4,9.2
2408.0,8.838338826551581,8.8,13.7,15.2,11.8,14.0
2409.0,7.381099523386819,8.4,10.3,24.5,25.5,31.2
2410.0,20.405349663956322,20.9,20.9,14.3,14.2,16.6
2411.0,6.9026996975180985,7.0,10.4,12.9,11.6,13.1
2412.0,13.683595249632116,13.7,10.6,9.1,7.9,4.8
2413.0,6.5527366112190215,6.4,8.4,5.9,5.5,8.6
2414.0,1.1796855803331212,1.7,1.5,1.7,8.6,12.2
2415.0,1.3994011635259895,1.8,5.0,6.8,10.8,14.2
2416.0,9.841321438591613,9.9,8.6,9.9,9.1,8.9
2420.0,9.170147321527628,9.4,10.5,13.5,12.7,11.6
2421.0,6.289812541322235,5.9,7.8,9.8,6.0,6.3
2422.0,3.6651303333317653,4.0,5.8,4.7,8.8,10.8
2423.0,8.07468114743621,7.9,11.2,9.2,7.2,8.4
2424.0,8.732532904280607,9.0,9.0,9.3,10.5,12.5
2425.0,6.194574173529013,6.4,7.3,8.5,9.8,10.7
2426.0,10.859170431608723,11.2,14.1,15.4,14.6,20.0
2427.0,11.396781246666606,11.6,12.6,13.0,12.0,11.6
2428.0,9.801503485909077,10.1,9.2,11.3,11.8,10.8
2429.0,9.561191495485728,9.3,9.0,8.4,5.8,5.2
2430.0,4.741327207404988,5.0,11.2,6.6,9.4,12.0
2431.0,9.74284250973877,9.8,8.4,6.2,6.9,7.9
2432.0,10.352148565656286,11.2,12.9,17.9,20.0,24.1
2433.0,8.161880734344319,8.0,7.8,7.4,6.1,9.1
2434.0,7.463254153208617,7.4,7.4,6.0,6.1,8.7
2435.0,6.53255600146837,6.4,4.7,4.0,4.4,5.0
2502.0,13.502297590787627,14.1,15.9,17.4,17.5,14.2
2503.0,14.919442144978555,15.4,15.1,14.2,14.5,16.4
2504.0,12.122405984132701,12.6,8.9,11.5,13.0,15.1
2505.0,2.9514444469305676,2.6,2.9,3.0,2.5,4.1
2506.0,6.967366353040036,6.9,7.2,6.3,6.3,7.1
2507.0,11.247231715530432,11.4,10.9,14.4,12.4,11.7
2508.0,9.655635709176465,9.8,8.9,11.6,10.8,11.4
2510.0,11.161782936608686,12.1,10.3,21.1,22.4,18.3
2511.0,20.05552940976891,20.6,21.3,17.1,16.3,14.2
2512.0,16.226205516282185,16.9,15.2,18.2,18.2,22.9
2513.0,13.922277864581423,14.6,16.4,17.6,18.2,17.5
2514.0,10.22455943536353,10.8,14.7,18.6,18.4,18.0
2515.0,23.26635372239555,24.7,26.1,27.2,28.9,25.9
2516.0,17.17196672703065,18.5,14.8,18.2,23.1,23.6
2517.0,17.31391888397424,17.6,9.6,10.8,10.5,10.9
2518.0,18.22898644070056,19.3,21.4,24.9,25.2,28.5
2519.0,17.46708014393564,18.3,21.4,25.3,23.7,26.9
2520.0,11.960491049244673,12.3,13.2,13.0,13.0,15.6
2521.01,20.672833258626333,21.1,21.5,18.4,16.1,9.0
2521.02,14.44379853214642,14.4,18.5,18.0,12.9,16.2
2522.01,15.119195306866173,15.5,16.4,19.0,16.6,13.5
2522.02,15.985676017057333,17.4,16.3,21.3,25.8,30.1
2601.0,39.62880380334385,40.9,43.4,43.3,35.8,32.3
2602.0,26.87298035865018,29.0,29.2,35.3,38.7,36.9
2603.0,24.247295812029762,25.5,28.2,27.6,27.7,26.1
2604.0,26.66991194742962,26.9,27.6,27.4,19.4,29.5
2605.0,23.573610111359145,25.3,27.4,27.1,31.1,37.5
2606.0,36.485783239271484,37.2,31.5,26.8,21.7,15.6
2607.0,21.690625109995317,23.4,22.7,26.2,30.5,28.8
2608.0,24.10032188358418,25.3,30.9,34.0,31.2,30.5
2609.0,31.653331087730976,32.2,27.8,28.7,22.0,20.9
2610.0,27.713912213992295,29.1,28.1,27.1,28.0,24.9
2705.0,8.364094573993192,8.8,9.2,13.1,14.1,12.6
2712.0,20.403643299450344,21.6,29.1,26.3,27.0,33.2
2713.0,16.26734906313108,17.0,22.4,21.4,20.8,20.3
2714.0,26.350550103286203,27.9,31.2,26.2,29.0,34.3
2715.0,16.561987142548247,17.4,21.9,18.1,19.6,17.4
2718.0,19.025535263586846,20.3,27.6,36.9,34.0,57.7
2801.0,8.002518378686688,8.2,6.3,8.7,9.6,9.1
2804.0,3.601555856926227,3.5,3.4,2.9,4.3,3.4
2808.0,21.59541144520864,22.7,26.7,26.7,26.3,20.9
2809.0,17.686120455050514,18.8,23.8,25.1,25.8,26.6
2819.0,13.339553057955893,13.8,14.5,16.7,16.0,20.3
2827.0,15.793914331824212,15.7,18.4,13.2,9.5,9.3
2828.0,11.30537135083846,11.3,9.4,6.6,6.5,9.0
2831.0,10.111428513388129,11.1,15.0,13.2,18.4,17.8
2832.0,4.461129130456913,4.2,4.3,5.6,4.6,8.1
2838.0,5.9168609409954644,6.0,5.6,7.6,8.3,7.6
2909.0,30.01187078658939,31.5,32.3,28.7,29.6,27.5
2912.0,20.555492338680722,21.9,23.5,29.3,29.7,31.9
2916.0,17.257112664485348,18.1,22.9,24.7,23.5,16.3
2922.0,24.788529858504276,26.1,27.9,24.1,26.0,30.5
2924.0,27.203630104938043,28.4,27.8,23.4,24.4,26.0
2925.0,20.294459884751262,21.4,24.1,23.2,24.3,27.4
3005.0,10.77633001702384,12.2,21.8,25.0,28.9,27.0
3006.0,14.534173351336692,15.2,18.9,17.9,18.3,23.9
3007.0,12.803224643215655,13.7,16.4,20.6,21.8,22.1
3008.0,19.47318176418969,20.3,18.0,20.6,20.5,20.6
3009.0,21.87592842041284,22.9,23.3,27.5,26.0,29.3
3011.0,18.28248696164993,19.2,17.5,21.4,21.8,17.6
3012.0,22.427321076523974,22.9,25.9,28.2,22.2,19.9
3016.0,15.110012642881921,15.7,15.0,16.2,16.5,18.4
3017.01,20.25357429829581,21.2,24.4,24.9,24.1,22.5
3017.02,3.770178570041086,5.3,12.2,13.3,23.3,21.4
3018.01,10.27844507071913,10.5,12.5,9.5,10.2,12.2
3018.02,16.05067324820847,17.2,26.7,32.9,31.0,26.3
3018.03,8.842886656277035,8.8,12.0,13.0,10.4,16.4
3102.0,8.323714318459103,8.9,10.6,9.5,13.1,16.4
3103.0,11.674120655195546,12.0,14.0,15.6,14.5,15.0
3104.0,9.10100281501041,9.3,10.7,10.5,10.7,11.6
3105.0,15.955455026006609,16.7,17.7,21.8,21.0,17.9
3106.0,11.14076018004368,11.2,13.8,11.2,9.9,17.0
3107.0,15.220983632315738,15.8,16.7,19.3,18.3,20.4
3108.0,8.228941880650867,8.6,10.9,10.1,11.9,9.6
3109.0,12.865801023080284,12.8,12.0,11.6,8.9,10.3
3201.0,18.220624456662314,18.8,22.8,23.6,20.7,26.7
3204.0,35.84880816743997,37.9,42.5,44.6,43.0,36.8
3206.0,6.506518865139469,6.7,12.2,11.8,11.8,14.8
3301.0,14.210478704209299,14.7,15.6,16.1,15.8,14.5
3302.0,3.463204410657868,3.1,4.4,3.0,2.4,4.5
3403.0,11.161192403570107,10.9,8.9,8.4,5.6,7.7
3404.0,12.97134250217199,12.6,17.6,13.9,8.1,8.2
3405.0,7.112819760479784,6.8,6.4,7.2,4.9,4.1
3406.0,6.8997902081125515,7.2,5.4,5.0,8.3,15.0
3501.0,7.4650832510830565,7.6,6.1,8.4,9.0,9.6
3504.0,9.431157652111809,13.0,25.7,38.5,53.7,59.4
3510.0,9.083503397022168,9.5,11.1,11.7,13.1,15.4
3511.0,11.229887933101406,11.6,10.1,12.3,12.8,17.0
3514.0,7.790118868363192,7.7,6.0,6.5,6.1,7.7
3515.0,13.906058997646543,16.6,16.7,36.3,44.8,51.4
3602.0,10.36543902242879,10.4,7.2,7.2,7.2,9.8
3801.0,24.66368485155033,25.2,25.5,25.5,20.8,18.7
3802.0,10.204777589610977,11.0,11.2,11.4,15.7,12.5
3805.0,2.182615046989789,3.0,0.0,0.0,9.7,13.5
3807.0,18.318692280459892,18.8,12.9,18.4,16.5,17.6
3812.0,12.531450949905253,12.5,12.9,11.2,9.0,7.9
3814.0,26.14423597833452,27.3,25.7,29.4,27.7,29.8
3815.0,66.89917484035598,70.8,69.0,54.3,60.1,40.9
3817.0,0.4715118939142311,0.0,0.0,0.0,0.0,0.0
3818.0,23.628413335880595,24.3,25.8,25.2,21.8,22.1
3819.0,14.738230725005751,15.6,13.7,14.7,17.7,14.5
3901.0,10.704674463253271,11.5,18.7,20.5,21.3,18.8
3902.0,4.876892850690564,4.9,7.6,7.2,7.8,14.2
3903.0,15.596631217189868,16.5,16.4,18.9,20.5,17.7
3904.0,17.63569884920225,17.9,18.0,17.9,14.8,12.8
3905.0,18.092292123801805,18.9,17.0,10.5,14.5,18.5
3906.0,9.776873506709562,10.0,7.1,7.0,8.6,10.7
3907.0,11.81592376902186,12.3,10.4,11.6,13.2,12.4
4003.0,26.673037465066436,27.5,25.3,28.4,24.5,21.9
4004.0,22.87890320196275,24.3,25.3,24.8,27.4,32.0
4005.0,28.17860955140626,29.8,30.9,28.7,30.8,34.1
4008.0,14.338125047795485,15.2,19.8,15.6,18.5,29.0
4101.0,13.386860445406299,13.5,12.9,14.9,12.2,17.9
4102.0,17.366344454962814,18.4,21.6,25.7,25.5,22.9
4105.0,18.724904235461494,19.8,21.2,22.6,23.8,24.8
4106.0,8.85001444927559,9.7,4.6,4.9,12.2,18.9
4107.0,7.172804421961712,7.2,8.6,7.9,8.0,5.4
4108.0,12.980934765844127,13.1,17.4,17.0,13.7,12.9
4109.0,7.376712145673716,7.7,9.5,16.7,15.5,15.1
4110.0,15.938408865104138,16.5,16.0,12.8,14.2,9.6
4111.0,6.702435588959818,6.2,3.2,1.5,0.0,2.6
4112.0,12.208974470662968,13.0,13.0,9.4,14.3,13.3
4201.0,10.971179107071269,11.3,12.5,15.0,14.2,15.8
4202.0,19.71027427014807,19.8,15.2,18.4,13.4,8.0
4203.0,15.122377549450098,15.8,22.3,26.1,23.3,23.6
4204.0,13.66629380285261,13.8,19.3,19.2,15.1,16.1
4205.0,34.88671983054471,36.8,38.1,36.5,37.1,34.3
4206.0,33.671622070389574,36.7,36.8,41.6,48.8,37.6
4207.0,29.44493121179333,31.1,34.2,37.1,36.0,34.9
4208.0,28.880289405954677,29.8,28.6,28.3,25.0,26.8
4212.0,23.745207545055756,25.1,24.1,22.2,25.2,20.0
4301.01,23.3625355491926,24.9,26.7,25.5,28.7,21.6
4301.02,8.388130300045905,9.0,10.1,10.6,14.0,16.4
4302.0,13.394386956713593,14.1,15.3,20.4,20.1,19.8
4303.0,29.66692829058843,31.8,30.8,29.8,35.2,27.6
4304.0,21.138954897466334,22.1,21.9,24.2,23.6,28.7
4305.0,27.324691403665867,28.3,25.8,25.4,23.8,25.6
4306.0,20.961784105453688,21.8,18.4,17.7,18.7,20.4
4307.0,13.649085281083053,14.1,13.7,11.2,12.6,11.5
4308.0,14.833527615785906,14.8,14.4,16.0,11.6,9.8
4309.0,20.6902366603872,21.2,21.4,19.7,17.5,22.8
4312.0,13.23593086502691,13.6,12.8,15.5,14.5,17.1
4313.01,37.60151726463383,39.9,34.7,34.8,38.6,32.4
4313.02,31.755726400875723,34.4,39.4,40.8,45.7,43.6
4314.0,19.18091483346855,19.9,23.0,21.3,20.3,24.7
4401.01,30.48772106047838,31.3,33.6,35.8,28.6,27.4
4401.02,22.986889358870933,23.4,24.3,19.4,16.4,16.2
4402.01,19.56098623979947,20.3,20.1,21.8,20.6,17.3
4402.02,10.160305240279719,11.1,12.6,15.0,19.0,18.5
4403.0,12.34744528846094,12.3,14.9,9.9,8.2,7.4
4406.0,7.455690828304779,8.1,8.3,10.6,14.3,12.1
4407.0,5.709445590440062,5.9,10.6,11.6,11.7,15.0
4408.0,18.232215604919965,18.8,17.8,11.4,13.2,13.8
4409.0,17.727769138305682,18.5,20.2,27.9,24.7,22.6
4503.0,11.687861138450716,11.6,9.8,8.4,6.9,6.6
4601.0,28.579810009445218,29.6,29.8,27.2,25.2,23.2
4602.0,26.06920474613547,28.1,31.1,33.4,37.0,32.1
4603.01,29.543582324558315,31.1,35.1,26.2,28.8,27.3
4603.02,27.43276328904841,28.7,30.0,31.0,29.5,22.6
4604.0,24.07465475355042,25.2,25.9,22.1,23.4,20.1
4605.0,18.962275896901417,19.2,20.3,19.9,15.7,12.6
4606.0,26.58554968502682,27.0,20.6,19.0,15.6,11.3
4607.0,36.321056285348185,37.7,33.7,36.4,32.6,25.8
4610.0,15.64267441900824,16.6,9.2,9.7,15.2,19.1
4701.0,30.351147496448043,30.5,28.0,24.3,16.5,13.0
4801.0,7.706097171135052,7.5,8.7,8.5,6.5,4.1
4802.0,14.054897587931427,14.2,12.6,8.4,8.5,1.7
4803.0,18.6103637343585,18.4,21.2,18.5,11.5,7.1
4804.0,6.386669150692161,6.2,6.1,5.6,5.0,4.1
4805.0,13.951828519659555,14.8,15.9,16.1,18.6,20.4
4903.0,13.367106473201575,13.6,12.9,9.8,10.1,9.4
4904.0,22.879814125882547,22.2,18.2,15.7,5.6,0.0
4905.0,7.603563760218947,8.1,5.7,6.8,10.8,10.3
4906.0,16.69772248768593,17.0,11.7,7.3,8.7,14.9
4907.0,17.81653954406641,17.7,16.4,16.9,11.2,10.1
4908.0,11.620299825477781,11.6,14.1,14.0,10.9,8.7
4909.01,17.002880970636994,17.6,12.8,16.8,16.6,18.7
4909.02,12.0037384965456,12.1,14.4,11.2,10.1,6.9
4910.0,30.915475870954147,32.6,27.2,31.2,32.3,29.6
4911.0,9.302745849789515,9.0,12.3,9.7,6.4,5.2
4912.0,14.009474816142736,13.6,7.8,4.4,1.7,3.5
4913.0,36.00806780361337,36.6,29.5,30.6,23.0,19.5
4914.0,28.204300737278373,29.4,26.6,24.7,25.0,26.0
5001.0,7.678972799473709,8.0,7.1,11.2,12.1,11.1
5002.0,19.093000810533006,20.5,20.4,19.6,24.5,21.0
5003.0,25.003236758636582,24.9,22.3,18.2,11.4,9.7
5101.0,18.91249833932796,19.0,12.4,18.6,13.5,11.8
5102.0,7.740904667514352,7.5,12.7,9.9,7.2,8.3
5103.0,11.985373704930376,11.6,11.0,8.2,4.5,4.5
5201.0,17.830824462130572,19.2,20.8,16.6,22.6,28.9
5202.0,18.619646193109986,19.2,22.4,24.2,21.0,18.9
5203.0,11.365681422535802,11.6,11.1,8.8,9.7,7.8
5204.0,12.810440061959811,13.1,16.3,16.0,14.4,12.5
5205.0,6.650053356269352,6.7,7.6,8.4,8.5,7.1
5206.0,5.116264242860322,4.5,4.0,2.6,0.0,1.3
5301.0,24.40637156040591,25.0,23.9,22.1,19.2,15.2
5302.0,31.500471410296228,33.7,31.3,30.3,35.8,32.9
5303.0,10.072547270763202,10.1,10.5,15.3,12.1,9.9
5304.0,12.233040965807044,12.8,13.9,15.8,16.4,15.1
5305.01,23.15014386935924,24.1,19.3,20.7,21.1,21.5
5305.02,15.77363016034994,16.4,19.1,19.5,18.8,25.7
5305.03,9.30643582933322,9.8,12.4,10.5,13.0,9.1
5306.0,19.174068767331583,19.4,19.1,20.0,15.6,13.2
5401.01,35.24075279969059,37.5,37.4,40.9,42.3,48.3
5401.02,19.098228728789586,19.4,18.5,16.0,13.8,18.4
5501.0,9.712654195475347,9.8,10.6,10.9,10.0,15.5
5502.0,9.340410352716303,9.3,5.3,4.7,5.2,5.5
5601.0,10.335094834460422,9.9,9.6,6.9,3.5,11.3
5602.0,12.071293101329255,13.6,27.4,28.8,32.0,37.6
5603.0,3.195867116848352,2.9,3.6,3.3,3.1,2.9
5604.0,8.656544895327908,8.4,8.8,13.9,9.2,16.3
5607.0,9.836284456444854,9.8,11.0,9.3,8.1,7.4
5608.0,1.9240061954409697,1.6,2.9,2.6,2.6,3.0
5609.0,5.101265976276283,4.7,3.6,2.7,1.7,4.0
5610.0,0.7772032583297921,0.7,1.6,4.3,5.6,6.8
5611.0,3.7982377429053042,3.4,2.3,2.3,1.6,0.6
5701.0,9.482923574463243,10.0,6.8,5.0,9.7,8.7
5702.0,7.353975368291572,7.7,10.9,9.4,11.4,14.7
5703.0,11.247340403498225,11.6,7.9,10.3,11.4,10.3
5704.0,8.78834559622725,9.9,6.2,12.7,18.9,29.0
5705.0,5.6695317152264755,5.6,3.5,5.1,5.6,5.8
5801.0,10.800047555352686,12.0,15.0,13.3,20.0,18.0
5802.0,20.73703202961918,21.1,20.7,19.8,16.4,14.7
5803.0,11.6169561061819,12.5,13.5,20.2,21.5,21.7
5804.0,10.589882224345931,11.7,11.5,14.8,20.1,18.9
5805.01,14.961906240232286,15.6,19.3,16.3,17.1,17.8
5805.02,18.847336213940515,19.2,18.4,15.8,14.1,9.8
5806.0,11.4542147571051,11.8,12.5,11.0,11.9,10.3
5807.0,11.139474429470667,11.9,13.7,12.4,16.0,15.6
5808.0,8.445561974433765,9.2,10.9,15.8,18.2,16.5
5905.0,8.12937282208084,8.1,10.7,8.2,7.7,10.2
5906.0,8.645384996558091,8.4,9.8,11.5,7.9,10.2
5907.0,8.310995474439727,8.3,8.8,9.8,8.7,10.7
6004.0,2.1190250380935893,2.5,4.0,10.3,12.6,14.5
6006.0,9.425622298592353,10.1,12.1,19.5,19.7,24.4
6007.0,14.03783515483258,14.6,17.1,17.9,17.5,17.3
6009.0,13.345125973614957,14.4,13.9,15.1,19.6,22.0
6103.0,18.600220683168487,19.6,23.2,23.6,23.9,22.3
6104.0,16.244267513278523,17.3,22.1,29.2,27.9,24.0
6108.0,13.223941036471333,13.9,15.1,13.0,15.5,15.1
6110.0,23.51717468150177,24.6,17.5,28.1,26.4,31.3
6111.0,21.960234769219575,23.6,24.0,25.9,29.8,29.6
6112.0,21.55572015819257,22.4,23.7,23.5,22.3,20.0
6113.0,21.640773951656087,22.8,24.2,27.5,27.1,25.7
6114.0,24.426367683198066,25.2,24.1,23.3,21.3,19.6
6115.0,19.518462478365734,20.2,20.8,25.7,22.5,19.6
6116.0,25.018026269075193,26.4,33.2,32.7,31.8,30.6
6117.0,37.77908591559723,40.7,44.5,50.3,52.9,48.2
6118.0,26.57907425030217,27.3,27.7,28.6,23.9,22.1
6119.0,32.742926596147164,34.1,36.4,34.6,31.9,30.2
6120.0,37.65867089309871,39.3,33.9,30.9,31.2,28.6
6121.0,34.68884443168013,36.0,38.7,30.4,28.9,22.2
6201.0,5.028336570332907,4.7,2.9,0.6,1.0,3.5
6202.0,7.034794109697002,7.6,7.7,10.9,13.9,19.8
6203.0,3.7980855292467606,3.5,4.9,5.4,4.3,4.0
6204.0,8.825383208389535,8.7,9.9,9.3,7.5,10.0
6301.0,13.935120535568041,13.3,8.6,10.3,3.5,0.0
6302.0,8.29441352596508,8.0,6.5,7.2,4.9,9.5
6303.0,11.835275796691057,12.2,16.7,12.1,12.8,16.6
6304.0,6.000147581472139,6.0,9.0,9.0,8.6,8.7
6305.0,12.043857037943535,12.3,11.1,12.2,11.8,17.5
6308.0,6.367848861294383,6.2,5.4,5.9,5.3,4.3
6309.0,4.928617933451126,5.4,10.5,13.2,14.9,19.1
6401.0,11.962883559529242,11.7,11.4,10.8,7.0,10.8
6403.0,6.48617353533148,6.6,7.5,6.7,8.0,6.4
6404.0,1.3232818978571341,0.8,0.8,0.8,0.0,0.7
6405.0,10.9825994571319,11.0,15.2,15.0,11.9,8.4
6406.0,7.505736629648386,7.7,5.7,8.0,9.2,9.7
6407.0,4.26760606011421,4.3,6.4,7.7,8.2,5.7
6408.0,6.208881061180305,7.5,6.5,13.7,21.2,19.4
6501.0,10.738350030619152,10.3,12.6,14.1,7.8,8.7
6502.0,6.531812753211259,6.4,6.7,9.1,7.5,7.7
6503.01,5.466160699525792,5.2,4.8,5.0,4.1,5.0
6503.02,1.579158249469605,1.3,2.1,5.2,4.5,2.9
6504.0,3.5462946657758465,3.3,1.8,2.5,2.9,5.0
6505.0,15.696768134770302,15.8,14.7,12.7,10.6,9.6
6603.01,11.869420561025656,13.9,17.8,18.1,29.2,23.7
6603.02,14.613877029528444,14.9,13.8,13.7,12.7,13.0
6604.0,6.459527480401654,6.7,7.0,6.6,8.9,5.8
6605.0,5.705645693717727,6.0,9.9,13.5,13.6,15.9
6606.0,16.786628741212496,17.5,19.5,22.1,20.9,21.6
6607.0,11.192302527037421,12.3,9.2,15.6,20.4,18.3
6608.0,23.14090366023951,24.5,18.9,19.8,23.7,24.3
6609.0,26.61170580098146,27.8,25.6,27.9,27.0,23.5
6610.0,12.39820225605928,12.9,9.2,11.9,13.4,13.3
6611.0,7.737363181520969,7.9,10.2,11.9,11.4,10.3
6701.0,35.40739411250857,37.1,26.0,24.0,27.5,24.0
6702.0,46.9424057067717,49.2,41.1,38.4,39.5,28.2
6703.0,35.09662907200196,37.4,33.4,40.2,42.1,42.1
6704.0,25.860019807381356,27.0,27.7,32.8,29.7,22.2
6705.0,22.10650253916112,23.0,28.1,21.7,21.7,26.7
6706.0,22.819410230647662,23.4,14.6,14.4,14.4,15.3
6707.0,21.520781634405502,22.9,27.8,23.9,26.8,25.0
6708.0,18.63285879265522,20.2,26.9,19.4,25.9,26.1
6709.0,22.633601092125083,23.6,26.2,28.4,26.1,30.6
6711.0,26.53762913688643,26.9,22.0,21.1,16.5,20.3
6712.0,32.81996745492519,34.1,32.4,31.3,29.2,24.1
6713.0,30.137027886008937,31.6,28.7,26.4,27.9,20.7
6714.0,12.878423600671693,13.8,17.3,28.0,26.4,22.6
6715.0,22.313794811292354,24.0,21.8,14.2,23.1,21.5
6716.0,31.148865189275107,31.7,27.6,27.2,21.2,21.8
6718.0,24.56570921421578,25.1,26.5,32.7,25.1,20.6
6719.0,25.050216112108266,26.6,20.3,20.0,25.1,17.5
6720.0,11.302360421912615,11.4,10.5,16.5,13.2,14.1
6805.0,39.709051198689885,41.2,37.0,39.5,35.0,29.4
6806.0,41.044494463844956,43.6,34.5,24.6,34.1,25.0
6809.0,29.22235802289174,30.1,29.5,29.2,25.2,25.0
6810.0,25.8276086378373,27.7,29.1,33.5,35.8,32.1
6811.0,35.39111213707217,36.5,36.6,36.5,30.8,28.5
6812.0,34.70660042434669,36.1,37.4,36.5,33.1,32.2
6813.0,39.230132212593844,41.2,36.8,35.9,36.6,38.1
6814.0,25.440904787562282,27.4,27.7,25.8,31.9,23.0
6903.0,23.573971965318243,24.2,23.5,21.7,19.3,16.7
6904.0,25.748487123094577,27.0,27.9,29.8,28.8,25.8
6905.0,37.879097822260405,38.3,35.0,37.6,25.8,21.1
6909.0,25.004872561210945,25.7,23.4,20.6,19.0,23.5
6910.0,20.720973866056035,21.4,20.9,28.0,23.7,20.5
6911.0,21.337958493652636,22.4,27.3,27.5,26.5,25.1
6912.0,18.93298567990044,20.2,23.1,27.8,28.4,29.6
6913.0,21.566173740795293,21.8,19.1,18.2,14.3,10.7
6914.0,26.471705344045027,27.0,28.8,24.6,20.1,20.4
6915.0,19.929085378572466,21.0,22.8,27.7,26.7,22.4
7001.0,9.435187428422383,10.1,8.6,14.1,16.3,16.5
7002.0,3.709436496407909,3.5,4.4,1.9,2.9,1.9
7003.01,3.736044080245848,3.5,4.2,2.6,3.1,0.0
7003.02,7.588300931962175,7.6,8.5,6.0,6.7,7.8
7004.01,3.6757530357439374,3.5,4.8,4.3,4.6,4.1
7004.02,5.020222029626697,4.8,5.2,5.3,4.7,2.9
7005.01,3.688943352693493,3.5,4.9,1.6,2.9,4.3
7005.02,6.106037786911903,5.8,4.6,3.3,2.7,1.8
7101.0,27.5322493481872,28.2,22.2,22.9,19.8,19.7
7102.0,15.006582554052985,16.0,14.4,12.5,17.4,16.7
7103.0,11.29692422427344,11.6,16.4,12.3,12.5,10.7
7104.0,18.32366299398855,19.1,20.5,15.3,17.2,14.6
7105.0,17.89684720475369,18.5,17.3,16.3,16.4,15.2
7106.0,23.342300744561825,24.1,23.7,22.8,21.0,20.5
7107.0,19.002229016547105,19.9,22.9,23.0,22.7,19.8
7108.0,16.112110666706894,17.4,19.8,23.6,26.3,23.2
7109.0,9.197610752996257,9.2,10.1,12.6,10.4,13.8
7110.0,17.136415089401765,18.2,14.7,13.7,18.4,15.2
7111.0,8.4267011865959,8.4,5.4,10.4,8.8,6.5
7112.0,9.20432172381538,9.9,12.5,11.9,15.4,14.5
7113.0,13.893933611854115,13.7,22.5,20.1,13.2,18.1
7114.0,11.790468426289124,11.9,11.5,14.7,12.2,9.1
7115.0,13.879129579251996,14.1,8.2,9.5,9.6,7.4
7201.0,1.8968372017439565,1.8,2.0,5.1,5.8,6.3
7202.0,5.643209437813871,5.9,4.2,4.7,7.9,6.4
7203.0,7.418449872865304,7.5,10.6,10.5,10.0,4.1
7204.0,5.213793513758597,4.8,3.9,0.0,0.0,0.0
7205.0,4.479628086386693,4.2,4.0,3.5,3.2,4.9
7206.0,8.914070222815152,9.1,7.7,4.4,6.9,9.9
7207.0,8.506650713432299,9.0,10.0,9.3,12.3,11.5
7301.0,8.416424031153152,8.2,8.5,6.6,5.2,4.9
7302.01,8.459128071090833,9.0,13.7,15.2,16.3,15.3
7302.02,13.592958622609371,14.0,16.3,17.0,15.8,14.8
7303.0,15.364262432922425,16.2,22.2,20.9,21.4,14.7
7304.0,5.387591331588725,5.4,7.4,8.3,8.3,7.0
7305.0,6.437659019038189,6.7,4.7,5.1,8.1,5.7
7306.0,7.72034827805619,7.7,6.3,5.9,6.3,4.7
7307.0,12.207567478875207,13.7,16.3,13.6,22.3,23.3
7401.0,13.760607414673936,13.7,12.3,11.7,8.9,5.9
7402.0,2.4111367879673447,2.2,3.4,3.4,3.9,4.1
7403.0,11.459909773336893,11.6,12.0,11.0,10.3,8.5
7404.0,6.670568995928031,6.7,6.8,7.2,7.6,6.1
7501.0,4.619142647460855,4.7,9.2,11.7,11.0,14.0
7502.0,10.679229718064597,11.1,17.0,20.9,18.6,20.3
7503.0,5.837060685425913,6.0,5.9,4.0,6.8,7.5
7504.0,3.472693899160269,3.3,4.8,2.7,3.7,4.1
7505.0,9.544450276202614,9.9,11.2,8.7,10.8,12.6
7506.0,20.505440480089653,21.1,19.5,20.7,18.7,15.8
7608.01,7.012552887039338,7.1,9.4,6.7,7.8,11.0
7608.02,2.9074136475824464,3.2,4.7,8.7,10.9,9.6
7608.03,4.597831196204345,4.5,5.4,5.3,5.7,5.7
7702.01,5.607419071498214,5.4,5.3,3.9,3.9,3.8
7702.02,2.128107417805484,1.8,2.2,2.4,2.4,3.9
7703.0,5.460796148108284,5.1,4.5,8.1,5.2,4.7
7704.0,2.957895217818264,2.6,4.0,4.2,3.2,2.8
7705.0,5.387158376598592,5.5,5.8,4.9,7.0,4.6
7706.01,1.196344029493377,1.0,3.4,3.8,4.4,4.5
7706.02,6.646931987025257,7.1,10.1,9.6,12.4,9.6
7707.0,7.742115715441581,7.8,5.2,3.1,5.2,5.9
7708.0,8.108608021532959,8.2,9.2,7.9,8.4,8.0
7709.01,9.644338640892439,9.5,8.3,6.1,5.3,5.0
7709.02,12.063056205944793,12.1,11.8,11.8,9.9,7.5
8001.0,6.491055251771886,6.4,6.4,7.4,6.8,7.2
8002.0,8.227056917187305,7.9,7.5,6.2,4.1,7.2
8003.0,11.391406632899526,11.5,8.9,7.7,8.0,8.2
8004.0,3.6583601846789655,3.8,6.1,5.5,7.8,8.7
8005.0,2.924809920548088,3.0,4.8,7.3,8.4,6.9
8006.0,4.365934611359144,4.5,8.3,7.3,8.8,10.3
8007.0,1.8093469308069516,1.5,1.1,3.0,2.9,3.5
8008.0,15.615892330078724,16.1,18.7,18.3,17.0,17.0
8009.0,1.8390626757952808,1.5,1.7,1.5,1.8,2.8
8010.0,8.576609544440512,8.6,7.6,8.3,8.0,8.0
8011.0,2.700307170944409,2.5,3.1,3.0,3.7,4.2
8012.0,7.364198817200522,7.5,6.3,6.5,7.9,3.6
8013.0,-0.27097485371420116,0.0,0.0,0.0,5.8,7.3
8014.0,0.4715118939142311,0.0,0.0,0.0,0.0,0.0
8015.0,6.581540642987533,6.1,4.5,4.5,2.0,5.6
8016.01,5.884132396237363,5.9,6.8,8.9,8.6,6.7
8016.03,7.429754486645578,7.4,7.1,10.3,8.9,11.6
8016.05,3.239506722491769,3.2,3.2,4.9,6.0,4.4
8016.06,12.218149682847292,12.4,10.5,7.5,8.4,8.6
8016.07,-0.025820999281137846,0.0,2.5,1.9,5.1,7.3
8016.08,5.850057873575816,6.0,7.7,7.1,8.6,7.7
8017.01,7.782182340666991,7.1,9.1,9.1,3.2,2.6
8017.02,3.890307793863009,3.5,3.5,4.0,2.7,4.4
8018.0,4.877489594734746,4.6,5.0,6.7,5.1,6.4
8019.01,8.70110991063117,9.0,7.4,10.5,11.4,12.1
8019.02,6.519831078150519,6.5,6.0,6.0,6.5,8.8
8020.02,4.9290949961746575,4.6,2.3,1.3,1.4,0.0
8020.03,3.1535640347573994,2.6,2.0,1.5,0.0,4.0
8020.04,11.923479653134871,12.2,9.0,9.0,10.0,10.7
8021.0,7.983787584719639,7.8,6.6,8.9,6.8,6.1
8022.0,4.34389148724103,4.2,4.9,5.2,5.3,4.7
8023.0,6.077352552308914,5.9,4.9,3.8,4.0,4.0
8024.02,8.588657359629735,8.9,6.1,8.2,10.1,10.4
8024.03,6.684677390389768,6.4,5.3,5.8,4.3,2.4
8024.04,5.256176875075027,5.4,5.2,6.7,8.3,11.0
8025.03,11.486343672271632,11.2,11.9,13.0,8.2,6.5
8025.04,5.344788176527708,4.9,5.2,4.4,2.4,0.0
8025.05,7.132015948078539,7.3,7.5,6.3,8.1,6.4
8025.06,8.049710722714295,7.9,2.7,5.5,4.9,2.4
8026.05,2.907757523842869,2.8,1.4,3.8,4.8,4.5
8026.07,1.9207150526994672,1.2,10.3,12.7,5.8,8.4
8026.08,3.7185337417088515,3.6,3.3,4.5,5.1,5.8
8026.09,9.604237455980932,9.9,8.5,8.3,10.0,9.2
8026.1,-0.31492300143293217,0.0,0.0,6.0,9.7,11.0
8027.01,8.215029880385178,8.3,7.3,9.3,9.1,3.8
8027.02,2.54804959036025,2.1,2.1,0.0,0.0,1.9
8028.01,5.110099756249406,4.7,4.6,3.6,2.2,0.7
8028.02,3.871458976070653,3.8,2.2,2.3,4.1,3.5
8029.0,1.1972285240121139,1.2,1.5,1.5,4.5,2.2
8030.05,5.110226375067715,4.6,5.0,4.2,1.8,2.1
8030.07,8.942553898967113,8.7,4.0,3.1,2.7,2.6
8030.08,3.4034475104657917,3.2,3.7,4.5,4.5,3.3
8030.1,4.185822703809202,3.8,7.5,6.8,4.5,4.6
8030.12,5.465974461375639,5.0,5.3,5.2,2.7,2.9
8030.13,2.046364283784027,1.6,0.0,0.0,0.0,0.0
8030.14,4.612815931689982,4.6,5.0,2.2,4.5,2.2
8030.15,2.96724618910215,2.9,1.5,2.1,4.1,4.5
8030.16,5.293220876326823,5.1,8.5,12.4,9.2,10.7
8030.17,7.4712105674582325,7.5,10.1,11.9,10.4,10.4
8031.0,1.0474601495837899,1.2,1.2,1.4,5.6,5.8
8032.0,-0.004762738813087641,0.0,1.5,1.9,4.9,6.1
8033.0,8.205925421430038,8.3,5.5,10.3,9.7,9.3
8034.0,6.465345085552496,6.1,4.4,2.3,1.6,0.0
8035.0,3.2777549658802654,3.0,3.3,3.1,3.1,5.0
8036.03,5.641068460822415,5.5,6.8,3.8,4.4,2.2
8036.04,3.9589736986548174,3.9,5.2,6.7,6.9,3.3
8036.05,3.750297142869881,3.5,4.2,3.8,3.7,3.3
8036.06,6.076187269610428,6.1,6.6,4.8,6.2,7.8
8036.07,1.0204926426924983,0.6,2.0,2.2,1.7,1.7
8036.08,4.370838500739114,4.2,2.8,4.5,4.6,6.8
8036.1,7.206189653100538,7.4,8.0,7.3,8.9,11.8
8036.11,7.577566727680134,8.0,12.2,15.8,15.8,13.6
8036.12,9.791122730731907,10.6,9.6,16.8,19.0,17.9
8037.01,8.303990507347155,8.4,9.5,8.2,8.6,8.3
8037.02,6.531992958911099,6.9,5.3,5.4,9.1,9.9
8038.0,5.265587717050148,5.0,4.2,3.3,3.1,2.4
8039.01,9.409638275365772,9.7,9.2,9.3,10.6,6.7
8039.02,0.4715118939142311,0.0,0.0,0.0,0.0,0.0
8040.0,6.305125131072511,6.1,7.1,6.1,5.2,3.0
8041.02,6.9719417333086176,6.7,4.9,4.2,3.4,2.3
8041.04,2.6666502829721184,2.4,1.7,3.6,3.5,3.5
8041.05,2.4400773812514758,2.0,0.0,0.0,0.0,0.0
8041.06,2.5763034558231444,2.2,2.5,3.1,2.4,3.6
8041.08,11.726835498541966,12.8,10.6,15.4,20.0,22.3
8041.09,3.117839438717367,2.8,0.8,0.7,1.3,4.2
8042.01,10.656335073263808,10.8,9.1,5.9,7.3,5.1
8042.02,5.135512062796508,4.9,6.5,7.3,5.8,4.6
8043.05,5.35318802365925,5.1,3.4,0.0,1.2,2.0
8043.06,5.205286121852338,4.6,3.6,2.5,0.0,0.5
8043.08,7.344788186061734,7.2,9.2,7.6,6.5,5.0
8043.09,7.5646465285621645,7.4,7.8,6.3,5.5,4.0
8043.1,2.8762201796281874,2.6,2.0,2.4,2.7,2.7
8043.11,0.9054398720116832,0.4,0.5,0.5,0.0,2.9
8044.03,2.837880736465458,2.4,0.9,0.0,0.0,1.1
8044.04,3.7337336135920784,3.3,3.1,0.0,0.0,1.8
8044.05,8.94147029004657,8.4,2.7,2.5,0.0,3.4
8044.06,4.884711164422683,4.4,3.5,2.9,1.2,1.9
8045.05,18.467267142002697,17.9,12.7,11.8,4.5,4.7
8045.06,3.082033050405926,2.8,4.9,4.2,3.8,4.2
8045.07,6.263832792465746,6.2,3.9,5.8,6.0,6.5
8045.08,10.47450931139715,10.4,5.5,13.8,10.2,5.5
8045.09,10.906572487582192,11.0,10.9,12.4,10.8,2.9
8045.1,4.1086090519616585,4.6,4.1,5.9,10.6,10.4
8045.11,4.560583515456998,4.4,2.6,2.9,3.7,15.0
8046.03,10.461091712666715,10.7,12.8,12.5,12.1,13.0
8046.06,0.4715118939142311,0.0,0.0,0.0,0.0,0.0
8046.07,3.324336546418961,2.9,3.7,3.3,2.1,2.0
8046.08,5.75862955855082,5.6,3.3,1.9,3.0,7.1
8046.09,6.002561239996664,5.8,5.6,6.6,5.5,8.0
8046.1,4.608403805280964,4.6,9.3,11.5,10.2,12.1
8046.11,3.2452852017039753,2.9,2.8,1.3,1.5,0.0
8047.01,3.6591496408217816,4.2,5.7,7.6,12.1,10.5
8047.05,7.840064899736708,7.8,9.3,8.7,7.9,5.4
8047.06,2.9902428097765217,2.4,2.7,1.9,0.0,0.0
8047.09,11.904510248974523,12.3,8.2,10.2,11.6,11.3
8047.1,1.6165615657761663,1.4,3.7,4.3,4.5,5.0
8047.11,6.341629728904376,6.5,5.6,5.7,7.7,6.4
8047.12,7.659692255902059,7.3,7.8,7.5,4.7,5.7
8047.13,9.031871516586897,8.8,7.6,8.5,6.1,8.2
8047.14,0.27841867966568934,0.0,6.4,7.7,6.3,4.4
8047.15,14.570863507674813,14.5,14.1,9.7,7.6,0.0
8047.16,2.144792558150889,1.7,0.0,0.0,0.0,2.4
8048.03,0.788053114033227,0.5,1.0,1.0,2.0,3.9
8048.04,3.7734415306025184,3.3,4.2,4.0,2.1,1.7
8048.05,2.532754441955371,2.1,2.8,0.6,0.5,2.6
8048.06,2.700588077617624,2.8,1.0,1.6,5.1,3.3
8048.07,7.85766550704465,7.8,6.0,3.9,4.8,4.3
8048.08,3.5531577317600456,3.2,3.9,1.4,1.5,1.4
8048.09,6.411744148623641,6.5,6.0,6.6,7.7,5.2
8048.1,6.128498056214153,6.4,2.3,0.0,5.1,4.8
8049.01,7.879403927689137,7.8,6.5,5.0,5.3,2.8
8049.02,2.1108258652579464,1.9,0.0,3.2,3.7,5.8
8050.01,3.4178912578402554,3.0,1.8,2.0,1.3,0.0
8050.02,10.139448143612691,10.2,11.2,11.3,10.0,6.5
8051.05,11.99345685649177,12.3,11.8,12.0,12.1,10.0
8051.06,3.9113585088348115,3.9,6.6,9.7,9.1,11.1
8051.07,3.99368077905463,4.2,6.9,8.9,10.3,12.0
8051.08,11.516584107218813,11.5,8.9,8.0,7.2,6.6
8051.09,3.9118239493146767,3.6,4.0,3.8,3.2,2.5
8051.1,6.433643259426207,6.3,5.0,6.0,5.6,7.2
8051.11,7.839286649136539,7.6,8.0,9.0,6.5,4.3
8051.12,4.784737704054247,5.2,8.0,7.3,10.9,9.7
8052.01,4.175592576440538,4.1,3.0,2.2,4.0,1.3
8052.02,9.104605553033835,8.9,10.6,9.5,7.0,4.7
8053.01,3.9018118918979483,3.2,3.3,3.5,0.0,0.0
8053.02,11.555049561201264,11.4,9.3,5.9,4.9,4.1
8054.01,8.743642148564442,9.0,7.8,8.0,9.6,8.0
8054.02,10.318868243945383,9.9,10.4,9.0,4.9,5.8
8055.01,7.9522792103977,8.1,9.6,8.8,9.4,13.2
8055.02,3.717644800589836,3.8,6.6,10.3,10.2,11.0
8056.0,3.913870627635929,3.6,3.1,2.7,2.5,3.8
8057.01,5.188496488780029,5.1,5.0,6.0,6.1,7.9
8057.02,6.2712255561595,6.6,6.1,8.0,10.4,6.6
8058.01,3.3749914317051197,3.0,2.8,0.7,0.9,0.0
8058.02,6.4397886719935284,6.2,6.1,6.3,5.0,6.7
8059.01,5.357042604766825,5.3,6.8,6.7,6.8,5.5
8059.02,4.849402893378411,4.8,5.8,4.7,5.7,6.8
8060.01,9.830601015608568,9.9,9.9,8.5,8.4,12.0
8060.02,10.640602404775052,10.6,11.9,9.3,8.0,4.9
8060.03,10.475161636036566,10.5,10.6,11.7,9.9,7.7
8060.04,8.992201700815484,9.0,7.1,7.1,7.1,6.3
8061.02,3.6762265828704797,3.4,3.2,3.0,3.0,2.1
8061.03,4.7403504972497625,4.5,3.8,3.9,3.7,2.9
8061.04,13.679961492316734,14.6,13.9,15.4,18.7,14.2
8062.01,1.6483817723669596,1.7,3.4,8.1,8.8,10.4
8062.02,2.6291782159874284,2.3,2.8,4.0,3.3,2.7
8063.0,4.926919208137717,4.9,6.6,9.1,8.5,7.7
8064.0,5.386338186157706,5.7,6.4,11.2,12.3,14.3
8065.01,8.14179809652393,7.5,6.2,6.8,2.0,0.0
8065.02,3.714848280410731,3.5,3.5,2.7,3.3,4.3
8066.0,4.596167473233993,4.2,4.8,6.0,3.8,3.8
8067.0,3.246920562780174,2.9,2.1,4.4,3.3,4.3
8068.01,12.839147099649507,13.2,11.5,15.2,14.3,15.2
8068.02,8.391564896111323,8.4,7.6,6.6,6.9,7.3
8069.0,10.349740378431644,10.5,12.1,13.5,12.0,11.3
8070.0,7.860390879344565,7.5,7.6,7.9,4.9,5.7
8071.0,6.190909741977382,6.0,8.2,9.2,7.2,6.8
8072.0,9.426535130208096,9.1,5.8,5.7,3.6,2.8
8073.0,6.925868047392773,7.1,9.1,7.6,9.0,9.0
8074.0,5.482523316361964,5.3,10.7,12.0,9.1,10.0
8075.0,0.4715118939142311,0.0,0.0,0.0,0.0,0.0
8076.0,6.179159250107165,6.7,10.4,8.1,12.1,8.5
8077.0,10.680541228819473,10.7,7.8,8.1,7.6,3.7
8078.0,1.9417493498666838,1.8,5.0,4.5,5.2,4.3
8079.0,8.092545173223812,8.4,9.8,11.3,12.1,10.1
8080.01,7.856230523215595,7.9,8.1,8.7,8.5,7.9
8080.02,3.706618041434969,3.8,6.7,6.1,7.8,6.7
8081.0,13.18652472541965,13.2,12.1,13.5,10.6,6.6
8082.0,5.460874556489832,5.2,4.9,2.9,2.9,2.7
8083.01,5.689707555372152,5.9,4.5,8.5,9.8,9.3
8083.02,9.10377024564451,9.3,8.1,5.8,7.8,6.8
8084.0,8.576571073348624,8.7,6.9,8.9,9.1,5.8
8085.0,3.1575861498243927,2.8,6.7,6.1,4.4,6.1
8086.0,8.49917485661099,8.4,7.8,7.5,6.6,4.1
8087.02,9.338159458546215,9.8,7.3,6.5,10.2,11.4
8088.0,10.483944068666148,10.7,7.2,10.1,10.3,8.3
8089.0,2.7146317513004905,2.8,4.7,4.6,6.9,6.3
8090.0,3.374112110278716,3.3,2.1,1.9,3.9,2.2
8091.0,8.381700975605717,8.0,5.8,3.5,2.0,2.3
8092.0,11.39256942470063,11.5,11.0,14.0,11.8,15.4
8093.0,8.586294440450159,8.7,12.8,8.0,8.7,12.3
8094.0,13.54212316061172,14.6,12.9,12.8,18.2,19.1
8095.0,12.26552788633484,13.0,17.4,11.4,15.2,14.5
8096.0,11.819518030545746,12.0,9.2,9.2,9.4,10.8
8097.0,5.003157032826364,5.2,6.2,5.9,8.3,7.7
8098.0,3.731381207097593,3.5,3.9,3.4,3.6,2.6
8099.0,5.1567460107188134,4.7,3.8,4.6,2.4,7.6
8100.0,9.133427634146333,9.0,7.8,10.1,7.8,6.6
8101.0,3.8234243623589164,3.6,2.8,4.9,4.5,8.2
8102.0,16.911412386480286,17.3,15.7,18.3,16.0,16.8
8103.01,4.763818615651461,4.9,9.0,9.0,9.8,12.0
8103.02,5.214698013324216,5.2,5.5,3.5,5.2,10.7
8104.0,4.277825802128602,3.9,3.4,1.9,1.5,0.0
8105.01,6.768979220950907,6.4,5.7,5.2,3.3,2.0
8105.02,11.452750195384715,11.2,11.1,9.4,6.3,6.5
8106.0,5.113046904237019,4.8,2.8,1.1,1.4,4.9
8107.01,9.674571088845207,9.4,7.6,7.5,5.1,6.9
8107.02,8.560594668422393,8.1,7.2,9.2,4.8,4.2
8108.0,4.737639587051537,4.8,8.2,10.0,9.8,7.2
8109.0,8.961847641795115,9.4,11.1,11.9,13.4,14.8
8110.0,4.099807592136641,4.1,5.2,3.6,5.5,5.0
8111.0,6.535966052190306,6.8,8.1,8.1,10.0,8.9
8112.0,3.2674661501830458,3.3,4.9,6.4,7.5,6.4
8113.01,3.8082048084335063,3.8,3.6,5.6,6.6,8.6
8113.02,3.5872033093259956,4.1,6.3,9.6,13.1,12.2
8114.01,8.977238806427362,9.1,10.1,8.8,9.1,10.9
8114.02,7.22313552973065,7.1,6.5,5.6,5.4,3.9
8115.0,8.725282734552787,8.4,8.2,8.6,5.5,6.1
8116.0,10.514236828808317,10.7,9.8,9.5,9.8,8.9
8117.01,4.271000790535272,4.6,5.9,10.8,12.3,9.4
8117.02,13.62262029121105,13.9,15.3,12.0,11.8,10.3
8118.0,12.9962970790771,13.0,11.7,9.9,8.4,8.1
8119.0,5.918532044120437,5.6,8.4,9.1,6.2,5.7
8120.0,6.096711993767233,6.2,8.0,10.1,10.0,9.3
8121.0,4.845019175711707,4.7,7.4,5.0,5.2,7.5
8122.0,4.6317556262518735,4.6,3.2,6.1,6.6,5.8
8123.01,17.348379405197136,18.0,19.6,19.3,18.7,18.0
8123.02,12.149800295070344,12.7,11.1,13.3,14.7,12.0
8124.0,2.2784920518197502,2.2,0.0,0.0,2.8,2.4
8125.0,10.083025746511243,10.1,9.8,11.6,9.8,11.1
8126.0,8.876634744023558,9.3,14.4,16.6,16.2,18.9
8127.0,8.103168971980898,8.5,7.7,10.1,12.0,14.5
8128.01,11.99595046239972,12.7,15.1,16.6,18.0,18.2
8128.02,5.964855009418949,5.8,4.2,4.5,4.5,6.7
8129.0,4.484663065982397,4.9,3.2,5.5,9.7,11.0
8130.0,14.014728188695074,13.7,14.9,12.7,7.6,5.3
8131.0,6.362944648909715,6.4,6.8,6.7,7.4,3.8
8132.0,4.480157176097661,4.5,3.0,1.7,4.4,4.7
8133.01,13.667640923949135,13.8,14.5,16.3,13.2,12.3
8133.02,18.55256613810147,19.0,14.7,14.9,14.2,12.4
8134.0,11.84562109481334,12.2,9.8,11.3,12.0,8.5
8135.0,7.703533704990394,8.0,7.8,13.0,13.0,13.1
8136.0,12.016144650096937,12.0,15.6,16.3,12.3,13.0
8137.01,10.576601400479701,11.1,14.6,12.1,14.1,6.5
8137.02,12.657435929711342,13.3,13.6,15.6,16.8,28.1
8138.01,9.485789215173336,10.0,7.3,9.9,12.6,13.4
8138.02,9.8557505116746,9.8,11.0,10.4,8.6,8.6
8139.0,9.938119359632982,10.2,13.0,13.6,13.0,14.7
8140.0,7.870256874046533,8.4,9.5,12.1,14.3,15.9
8141.0,13.28065742984623,13.2,13.4,15.0,10.8,13.1
8142.0,18.0892362498356,18.6,14.7,18.2,16.7,16.9
8143.0,12.166716500112804,12.5,14.1,15.6,14.5,11.0
8144.0,15.052593521741013,15.3,13.8,12.1,11.4,11.6
8145.0,6.8169933660665825,7.5,9.5,10.4,14.6,13.8
8146.0,15.38516314897653,16.0,16.0,15.2,16.1,13.4
8147.0,9.138196096366407,9.2,7.8,7.4,7.7,6.6
8148.0,10.158898546699515,10.4,14.3,13.5,12.8,12.1
8149.0,11.752871814682488,12.4,12.3,15.6,16.9,21.8
8150.0,7.9989391144589765,8.5,7.3,10.1,12.8,16.9
8151.0,11.048111647734364,10.8,11.6,12.6,8.3,6.6
8152.0,10.488866045400915,10.8,9.9,8.2,10.0,5.9
8153.0,8.055113651527371,8.7,11.7,12.2,15.3,12.3
8154.0,6.132790408764997,5.8,6.0,3.4,2.6,1.8
8155.0,8.011478169479531,7.9,6.6,5.1,5.1,5.4
8156.0,6.835240645412633,6.3,5.0,6.4,2.7,4.7
8157.01,5.452435630267813,4.9,4.9,2.8,0.6,0.0
8157.02,5.7917974137540655,5.4,8.7,9.5,5.9,8.7
8158.0,3.4733792324290387,3.8,3.7,2.7,7.5,6.5
8159.0,6.529733099895151,7.1,8.4,11.7,14.5,13.9
8160.0,5.094329713013678,5.2,5.6,6.8,8.1,10.2
8161.0,10.0369586282402,10.2,8.7,7.4,8.4,6.6
8162.0,7.544367173541032,7.4,7.2,5.9,5.4,5.6
8163.0,6.319677149713746,6.8,6.1,7.9,11.5,12.5
8164.01,8.872929277678553,9.0,11.1,9.0,9.3,8.3
8164.02,14.140226745122966,14.7,13.5,15.3,15.8,16.2
8165.0,6.2742972019209,6.5,8.6,10.2,11.0,8.6
8166.0,8.03928713470393,8.5,6.9,8.8,11.7,14.1
8167.0,5.399170416104543,5.1,6.2,2.8,2.6,2.6
8168.0,7.550067685869855,7.8,8.2,6.8,9.0,9.0
8169.0,12.823299149592222,12.5,11.3,8.9,5.3,2.4
8170.0,8.56789728183867,9.1,11.3,11.6,14.0,15.0
8171.01,7.060994537896273,7.1,9.3,9.2,8.9,10.0
8171.02,7.518601048036199,7.4,8.5,9.7,7.9,11.4
8172.0,19.9918559367335,21.1,19.6,17.3,20.7,17.3
8173.0,25.20396593782187,25.7,26.8,26.9,21.3,28.9
8174.0,14.943312709475766,14.7,13.2,9.2,5.9,6.6
8175.0,14.404339154812929,15.6,17.2,19.2,23.1,20.4
8176.0,16.986266621531584,17.1,17.8,17.2,13.3,14.0
8177.0,6.664058558860329,6.8,10.6,12.0,11.4,8.7
8179.0,9.162058745514509,9.2,9.9,11.3,9.9,5.6
8180.0,3.1424313166778535,2.7,2.3,2.4,1.4,5.1
8181.0,0.4715118939142311,0.0,0.0,0.0,0.0,0.0
8182.0,11.02641247152198,11.2,6.6,8.1,8.7,10.3
8183.0,5.633377097750655,5.6,4.3,6.6,6.8,3.7
8184.01,11.714371728209839,12.0,8.7,9.7,10.5,8.9
8184.02,14.33390675188103,14.6,15.5,13.8,12.7,10.3
8185.0,5.298310718863057,4.9,5.5,6.3,3.9,4.8
8186.0,5.690115773721235,5.9,7.0,6.5,8.7,9.2
8187.0,4.8648386800463275,4.8,4.1,1.8,3.8,3.9
8188.0,4.446604780852275,4.0,2.4,1.2,0.5,0.6
8189.0,3.2034556198914044,2.9,3.6,3.4,3.1,3.3
8190.0,5.043401096697694,4.7,4.4,8.3,5.5,9.4
8191.0,3.702294920951557,3.9,8.6,7.5,9.5,10.5
8192.0,4.79443206325223,4.7,4.4,6.2,6.2,6.4
8193.0,8.711826996572514,8.5,7.8,5.8,4.7,3.6
8194.0,9.10509849720867,8.8,11.4,8.9,5.9,4.2
8195.0,14.368693873360586,14.7,15.9,12.6,12.5,13.5
8196.0,4.268365938365694,4.0,2.5,3.4,3.2,4.2
8197.0,3.241768537210611,2.8,2.5,2.4,1.4,2.0
8198.01,3.6240160077350088,3.4,3.4,2.3,3.0,2.9
8198.02,4.303090996464185,3.6,3.6,5.1,0.9,1.1
8199.0,0.05421244202999059,0.0,3.5,6.1,7.0,7.0
8200.0,5.825294384908494,6.2,6.4,7.8,10.7,11.1
8201.01,9.095288448578485,9.1,4.8,4.6,5.5,5.1
8201.03,4.946732191675696,4.9,4.6,8.3,7.8,5.4
8201.04,1.5795480486218427,1.2,3.4,4.4,3.3,3.5
8202.01,3.4010570027322773,3.2,3.9,5.3,5.0,2.9
8202.02,10.765522849704189,11.0,9.6,11.8,11.5,8.8
8203.0,12.221232249157447,12.4,14.3,9.0,9.4,9.6
8204.0,11.236550859984193,11.9,11.8,11.6,14.7,12.0
8205.01,5.040095980200827,4.7,3.6,2.4,2.0,1.8
8205.02,7.403385631494407,7.6,6.1,5.9,8.0,8.1
8206.03,14.546214369572736,14.9,10.6,13.0,12.7,9.0
8206.04,0.4715118939142311,0.0,0.0,0.0,0.0,0.0
8206.05,22.841432529530515,23.4,23.7,18.7,17.1,21.0
8206.06,3.9397377771188378,3.5,5.2,3.2,1.9,2.9
8207.0,3.963032937109392,4.4,9.3,12.0,14.0,14.0
8208.0,8.903994099466303,8.8,9.3,8.4,7.1,6.6
8209.01,7.314747030857989,7.3,9.1,7.6,7.5,7.2
8209.02,8.260016156789598,8.2,11.4,12.8,10.2,8.7
8210.01,7.30704104034291,7.1,6.9,8.2,6.3,4.7
8210.02,5.097856486704776,4.9,5.3,8.9,7.0,7.7
8211.01,0.16434165012600377,0.0,0.0,2.7,4.0,2.8
8211.02,0.5853370671561031,0.9,1.5,6.1,9.7,9.1
8212.0,14.675481076938949,15.4,14.3,16.6,17.8,16.8
8213.0,13.302126960711176,13.6,16.2,16.0,14.4,11.4
8214.01,10.550909496952883,10.2,9.0,9.6,5.7,4.7
8214.02,11.697027457434487,11.8,10.1,13.5,11.4,12.9
8215.0,37.37088190706917,38.3,33.9,30.8,25.7,25.1
8216.0,7.9638429277644835,8.1,8.5,7.5,8.5,6.8
8217.0,3.819876070575004,3.8,4.6,6.2,6.9,10.3
8218.0,1.002531860971812,1.0,3.5,9.0,9.0,12.0
8219.0,1.2024499931173633,1.1,2.6,2.8,4.5,3.6
8220.0,8.711595396680975,8.6,8.8,12.2,9.3,8.8
8221.01,1.6053191818773818,1.4,5.8,7.4,6.5,7.1
8221.02,12.899389075515476,13.3,13.0,16.8,15.6,7.7
8222.0,5.5106670733486585,5.4,5.5,4.3,4.9,4.4
8223.01,4.892910384106485,4.6,3.5,4.8,3.8,4.7
8223.02,6.943840965659394,7.2,11.1,10.3,11.3,9.8
8224.0,6.3157233349893644,6.2,8.0,8.6,7.4,6.4
8225.0,3.3601558109820555,2.8,3.3,2.9,0.8,1.2
8226.01,2.1764909155283494,1.8,2.0,1.7,1.6,1.8
8226.02,2.386916289962251,2.1,2.0,2.1,2.5,5.7
8227.01,12.470426276838841,12.6,11.5,13.4,11.5,4.8
8227.02,8.332809489563681,8.5,9.4,11.0,10.8,12.2
8228.01,9.911706907145751,9.6,9.9,5.7,3.8,1.8
8228.02,6.027696881959596,5.9,1.8,3.5,4.1,2.8
8229.0,8.01495966628821,7.5,9.9,7.1,3.3,2.7
8230.01,4.937608373683071,4.9,7.5,7.5,7.5,8.8
8230.02,4.118169616697943,4.3,4.3,6.7,8.7,11.0
8231.01,7.90055028903545,8.2,9.2,11.4,12.1,12.8
8231.02,11.142252016150659,11.1,6.5,5.7,5.6,4.4
8232.0,7.4141043032857885,7.2,8.8,8.2,6.3,4.0
8233.02,4.2030219365693995,4.0,4.5,3.6,3.9,3.2
8233.03,4.978737373571303,5.4,5.6,6.9,10.6,10.4
8233.04,8.217149424142786,8.2,9.3,7.3,7.2,7.9
8234.0,15.147343786609683,15.7,17.9,15.0,15.6,16.6
8235.0,11.663966862012066,11.9,9.8,4.7,7.2,8.9
8236.02,12.206860721209942,12.3,10.9,6.6,7.2,6.3
8236.03,15.785904317479405,16.5,16.1,20.4,19.9,22.9
8236.04,4.121938540976478,4.3,4.2,4.9,7.6,6.2
8236.05,2.2353310010535825,2.0,2.5,3.9,4.0,5.3
8237.02,2.1185638060682708,1.9,4.2,4.4,4.5,3.9
8237.03,10.212862017231368,10.2,11.6,11.4,9.5,9.0
8237.04,6.2474969059843275,5.8,6.6,6.9,3.8,4.5
8237.05,7.713177124708506,7.4,7.0,5.1,3.6,3.9
8238.01,8.83313105388636,8.9,7.1,9.0,8.7,4.6
8238.03,6.41301392404903,5.9,5.1,4.5,1.8,3.3
8238.05,2.29098227635009,2.2,2.4,6.6,6.7,5.9
8238.06,7.331029700310735,6.8,8.3,7.6,3.5,1.9
8239.01,4.466835067237462,4.1,5.1,4.9,3.4,3.9
8239.03,0.8416155330220358,0.6,2.7,2.5,3.3,3.0
8239.04,6.1534908203760565,5.7,5.7,6.0,3.2,3.3
8240.03,0.17522960706846713,0.0,0.0,2.0,3.5,5.7
8240.04,6.877458023826385,6.8,7.1,4.9,5.4,5.7
8240.05,6.0973155816127536,6.1,8.2,9.2,8.7,8.4
8240.06,7.855498242355401,7.6,7.4,7.9,5.7,3.6
8241.05,3.9873886241286507,3.5,4.2,4.9,2.5,1.4
8241.06,1.9860081954985467,1.8,1.7,4.1,4.5,5.1
8241.07,2.291317999115676,2.0,2.1,2.3,2.6,2.4
8241.08,0.3217210235416436,0.0,0.0,1.4,2.0,1.4
8241.13,2.552629000528091,2.2,2.3,2.8,2.4,2.1
8241.14,4.454972142494086,4.4,4.8,6.1,6.5,7.3
8241.15,4.213153769003099,4.1,2.8,4.9,5.3,5.3
8241.16,7.217574630965255,7.2,7.3,5.7,6.3,5.0
8241.17,4.127874241597935,4.1,4.9,5.0,6.1,6.4
8241.19,0.4715118939142311,0.0,0.0,0.0,0.0,0.0
8241.2,2.5612405153083944,2.3,3.3,2.4,2.9,2.3
8241.21,0.17446569891772534,0.0,1.4,1.4,3.2,4.8
8241.22,4.096199358016186,3.9,3.8,3.7,4.0,0.0
8241.23,1.4246082515756633,1.1,1.1,1.6,2.0,0.5
8243.0,18.701764175835663,18.9,22.1,21.6,16.5,18.0
8244.0,7.461388216940487,7.0,6.3,6.0,3.0,1.0
8245.03,7.310740844090459,7.4,9.4,9.1,9.2,6.9
8245.05,2.6460233916441642,2.2,2.0,0.0,0.0,0.0
8245.06,2.5396508395736213,2.5,2.8,3.6,5.3,3.9
8245.07,4.419787115215613,4.2,2.1,3.5,3.6,2.4
8246.01,7.201107356060553,7.2,6.9,7.7,7.6,4.0
8246.02,5.259568923301136,5.0,3.5,3.6,3.3,3.7
8247.01,6.7839520111881795,6.9,6.8,6.1,7.6,6.0
8247.02,11.408899483242966,11.6,13.8,14.1,12.6,11.3
8248.0,6.407696833366419,7.5,10.1,10.2,17.7,16.4
8249.0,10.452824027298673,10.6,12.5,13.2,11.8,14.6
8250.0,3.545423774000819,3.9,6.2,10.3,12.3,9.1
8252.0,7.118629820134379,6.6,7.9,8.6,4.2,1.6
8253.02,11.1116310699018,11.3,11.2,9.0,9.5,4.4
8253.03,6.433655157826411,6.3,7.5,7.2,6.4,8.0
8253.04,2.8293417172686515,2.5,2.7,2.7,2.5,6.8
8254.0,15.013033253295374,14.9,13.8,11.2,8.1,8.5
8255.01,11.707162473623123,11.5,8.8,6.3,4.7,3.6
8255.03,8.319338754287235,8.6,9.2,9.2,10.6,6.0
8255.04,17.061886230931393,17.2,17.5,12.7,10.8,11.2
8255.05,11.08303842962551,11.0,9.8,7.2,6.3,4.2
8256.0,7.973258777490313,7.9,11.2,10.9,9.0,9.7
8257.0,8.786607341487846,8.9,9.8,8.9,9.1,6.5
8258.01,21.168744209585924,21.4,18.5,16.5,13.3,11.7
8258.02,9.048516459445898,9.9,14.4,15.3,18.7,17.4
8258.03,7.681215910001815,7.4,8.2,6.8,4.9,2.6
8259.0,10.50639704383154,10.7,11.4,12.0,11.4,12.0
8260.0,23.37416941178998,24.1,20.2,18.2,17.9,21.9
8261.0,12.137818454667979,12.5,16.7,18.1,16.3,16.2
8262.01,9.923448994161742,10.1,8.3,7.9,8.8,6.4
8262.02,16.451851231195377,16.0,10.6,6.3,2.3,2.5
8263.01,6.704963219359381,6.9,8.6,9.0,10.0,5.8
8263.03,4.722488175805667,4.8,5.2,6.1,7.5,8.4
8263.04,14.642372927085312,14.6,16.7,15.6,11.4,10.7
8264.01,17.08512084058681,17.5,17.3,15.2,14.4,13.0
8264.02,9.786158660869663,10.0,10.9,10.1,10.5,7.0
8265.0,13.346084847774781,13.5,15.5,16.4,13.5,14.7
8266.0,11.407868972857626,11.5,12.9,15.1,12.4,16.0
8267.0,21.105105084046826,22.3,23.0,21.6,23.9,24.3
8268.0,22.30190340616135,23.3,22.5,21.9,22.4,20.8
8269.01,22.739288667566058,24.0,25.2,30.4,29.5,32.8
8269.02,29.18722672694421,31.8,34.0,41.0,45.7,31.1
8270.0,19.726946525404472,20.2,20.4,17.0,15.7,12.6
8271.0,21.23460758770426,22.4,27.5,29.5,28.5,28.0
8272.0,13.751550344808388,14.3,14.1,12.8,14.3,14.4
8273.0,29.737101769647907,30.6,30.8,33.3,27.5,24.7
8274.0,25.090267370184648,26.2,24.3,30.2,27.9,26.4
8275.0,17.91751908797017,18.7,16.4,16.9,18.1,15.3
8276.0,8.60090314602769,9.1,12.9,17.0,17.0,12.1
8277.0,18.733347561435636,20.1,23.8,24.4,27.2,24.6
8278.01,11.530348995272988,11.3,10.8,8.3,5.8,10.6
8278.02,8.339174603622336,8.3,7.0,3.7,4.8,4.6
8278.04,5.000281569071223,4.8,8.9,14.6,10.5,13.2
8278.05,5.388263015265626,5.5,7.8,8.0,8.9,11.9
8279.01,6.1541690248495975,5.9,4.8,3.3,3.1,3.0
8279.02,7.247661386056119,7.3,7.9,7.8,8.1,7.2
8280.0,5.210624385572056,4.9,2.7,4.3,3.3,3.1
8281.0,16.692080498344033,16.3,10.9,6.4,2.8,5.7
8282.01,13.185579097364341,13.7,14.3,12.1,13.7,8.8
8282.02,11.729245450171932,12.4,8.8,10.1,13.7,13.1
8283.0,7.631983693443488,7.9,8.4,11.8,12.1,14.8
8284.01,8.98515271968583,9.0,9.6,10.4,9.2,12.0
8284.02,6.249442513479345,6.3,6.3,6.7,7.5,7.8
8285.03,17.5899342753495,18.2,16.6,19.9,18.6,14.8
8285.04,17.142343172881667,17.3,17.8,17.0,13.5,10.1
8285.05,6.461462095702606,6.0,3.7,4.6,2.2,2.0
8285.06,16.48931411998563,16.8,15.3,9.8,10.4,8.3
8286.01,7.123439805494152,7.1,9.9,8.3,7.9,6.8
8286.02,5.960885291192252,6.4,6.8,6.8,10.6,7.5
8287.01,19.946510761975333,20.1,13.3,12.0,10.0,7.5
8287.02,9.86835565997548,10.0,12.1,7.4,8.3,8.7
8288.01,3.9630289540582937,3.7,2.8,1.9,2.4,5.6
8288.02,2.80277631141716,2.6,2.0,4.3,4.4,4.2
8289.0,18.58685150706461,19.6,20.2,15.0,18.8,17.1
8290.0,32.27783701553172,33.3,32.1,35.9,30.0,25.2
8291.0,25.487898948191372,27.3,26.1,26.8,31.3,27.4
8292.0,12.84728445930468,13.2,13.0,11.0,11.8,12.9
8293.01,8.000319486706893,8.3,9.8,12.9,13.0,10.5
8293.02,17.61160263562236,18.6,25.6,20.7,22.3,22.8
8294.01,18.587150511088765,19.0,20.8,24.1,19.6,21.7
8294.02,9.158162547570916,9.5,12.5,12.6,13.1,12.5
8295.0,11.302377578264121,11.5,13.5,10.3,10.4,7.9
8296.0,12.80254082299282,13.1,12.5,11.4,11.6,6.8
8297.0,14.915231623868726,15.3,18.8,19.1,16.8,15.2
8298.0,3.2304526330287224,3.1,4.6,6.5,6.3,5.7
8299.01,8.207725587422544,8.0,8.9,10.3,7.5,9.0
8299.02,10.65474042397628,10.6,9.9,9.1,7.7,5.7
8300.01,6.550488492940207,6.8,3.6,3.5,7.0,7.9
8300.03,8.839976070526573,8.4,8.1,5.9,3.0,4.9
8300.04,7.313452362287272,7.3,6.1,8.1,7.7,6.3
8300.05,12.291895440629864,12.8,13.1,11.9,13.6,13.2
8300.06,10.871956738663744,10.3,9.3,2.9,0.0,3.8
8300.07,13.85013828463372,14.7,15.4,14.4,17.6,17.3
8300.08,12.19903654152793,12.5,13.4,13.2,12.8,11.2
8301.0,7.531562578996295,7.4,9.9,8.1,6.9,6.7
8302.01,3.677934927876501,4.0,3.1,2.5,7.3,7.5
8302.02,3.8449561231053497,3.9,4.2,8.8,9.0,5.4
8303.0,10.869712556587867,11.8,15.0,15.8,19.4,18.9
8304.0,16.38487504002296,16.2,17.9,17.4,11.2,11.0
8305.0,16.545113281992663,17.1,17.3,23.9,20.7,18.5
8306.0,17.60970137400647,17.9,17.1,13.9,12.6,11.7
8307.0,13.815404678390387,14.1,11.5,8.8,9.8,10.9
8308.0,0.15147450269507928,0.0,0.0,0.0,2.5,3.6
8309.0,8.178137557597438,8.5,7.6,11.6,12.3,12.0
8310.0,3.6621042158121746,3.2,2.1,2.1,1.0,3.3
8311.0,7.167560456912199,7.3,7.8,8.1,8.9,9.9
8312.0,15.724192440300296,15.9,16.5,12.5,11.1,12.3
8313.0,4.753198727141369,5.3,10.3,4.1,10.1,9.8
8314.0,10.34742143527834,10.4,9.9,9.5,8.8,11.2
8315.0,13.508250732754481,14.1,16.6,14.4,15.7,9.9
8316.0,11.34456627177902,11.6,10.2,10.6,10.9,10.3
8317.0,4.738000534804498,4.9,4.8,5.2,7.6,6.6
8318.0,11.508380763939432,11.8,14.4,11.6,11.9,8.8
8319.0,14.872221200911065,14.9,16.4,12.9,10.3,11.4
8320.0,4.408006187254877,4.1,2.9,5.1,3.9,5.9
8321.0,10.254661604451586,10.2,11.2,11.3,9.1,10.0
8322.0,6.5939132135454255,6.5,5.4,6.0,5.9,5.2
8323.0,9.645361282776832,9.9,9.2,8.8,10.0,11.6
8324.0,12.443199499860619,12.5,10.6,9.5,8.6,8.8
8325.0,6.25038956088427,6.5,7.1,9.3,10.6,7.5
8326.0,5.75240545260806,5.5,4.8,3.7,3.4,2.6
8329.0,9.688794194887695,9.4,15.1,9.6,6.5,8.4
8330.0,15.082932536617047,15.3,14.0,13.5,12.0,10.3
8331.0,4.4720736078352505,4.5,6.1,6.3,7.3,8.3
8333.0,10.907456935252771,11.6,13.0,15.3,17.2,12.9
8339.0,34.32105871102602,36.0,41.0,35.2,34.7,34.1
8340.0,28.5184371920734,29.3,28.2,21.1,19.7,15.0
8342.0,22.885887509161684,24.2,24.0,20.7,24.1,24.3
8343.0,15.496869888019374,16.1,15.8,13.7,15.1,10.8
8344.0,13.082840004401627,14.5,13.4,15.1,22.4,23.5
8345.0,26.89055806652651,28.2,31.5,31.6,30.3,28.0
8346.0,39.436247342795994,41.5,42.4,40.8,40.4,32.9
8347.0,41.15975906867496,43.1,38.1,36.1,36.3,32.4
8348.0,42.68685355626535,44.2,40.4,40.3,35.4,36.2
8349.0,17.15304386697437,17.6,21.1,19.8,17.5,21.9
8350.0,22.21079535305659,23.8,25.9,27.0,30.1,29.2
8351.0,9.981419582464415,10.1,10.5,11.4,10.5,10.2
8352.0,12.520150697866288,12.6,11.9,14.2,11.6,9.6
8355.0,24.136410203268447,25.1,21.9,25.8,24.2,23.6
8356.0,33.73734479750259,35.6,36.9,26.7,31.0,35.9
8357.0,0.4715118939142311,0.0,0.0,0.0,0.0,0.0
8358.0,21.16607005292242,22.3,22.2,26.5,26.3,25.9
8359.0,16.247865731897562,17.1,16.1,15.5,18.0,18.2
8360.0,14.378843432133575,15.1,11.2,13.9,16.1,22.5
8361.0,22.676330118904417,24.2,27.3,28.2,30.3,27.4
8362.0,47.95353026183803,50.7,61.8,61.9,57.8,56.4
8363.0,10.789325091807775,12.6,10.8,14.4,25.2,27.7
8364.0,11.58774806451885,11.9,12.5,11.8,12.1,12.8
8365.0,8.918974388351662,9.3,10.3,8.8,11.1,10.9
8366.0,17.38082471772627,18.3,18.0,18.8,20.4,20.6
8367.0,20.89032832093168,21.0,15.6,16.0,12.0,13.4
8368.0,16.773456235461197,17.4,19.5,18.5,18.1,19.8
8369.0,22.76920296580576,23.5,23.9,21.5,20.1,24.0
8370.0,13.073157433947737,13.9,10.7,16.0,18.3,18.5
8371.0,5.805108018864066,7.0,9.9,9.6,18.2,22.2
8373.0,21.006234473142953,22.7,26.4,31.1,33.5,35.0
8374.0,19.775159415069098,21.7,27.3,28.3,33.8,33.8
8378.0,9.60445266402383,10.6,10.4,9.4,16.1,14.8
8380.0,6.140664826231971,6.3,7.6,8.9,9.7,13.7
8381.0,11.686404708174154,12.7,15.1,19.1,21.9,22.4
8382.0,11.196815881935743,11.6,14.7,15.3,15.0,5.4
8383.0,13.74130500795376,14.7,20.1,22.3,23.3,31.7
8386.0,29.556213685694154,30.2,28.8,34.2,26.3,26.3
8387.0,24.070603813040094,25.8,27.8,34.9,35.7,33.4
8388.0,11.490157494742377,12.0,19.2,18.6,17.9,20.7
8390.0,8.793319337006576,9.1,9.4,4.9,8.2,12.8
8391.0,17.794866561855493,18.7,20.6,17.9,19.8,23.6
8392.0,11.061601851704408,11.8,15.9,17.6,19.0,17.8
8395.0,26.951625058123845,27.0,20.0,16.1,11.0,14.7
8396.0,13.507667196804002,14.0,15.9,15.9,15.8,13.6
8397.0,7.321995734388037,7.6,10.9,12.3,12.6,11.9
8398.0,5.233347669866606,5.2,7.6,7.5,7.5,6.1
8399.0,11.540220044573822,12.0,12.4,14.1,14.6,16.8
8400.0,5.5757492425153306,5.0,3.9,4.2,1.2,3.0
8401.0,13.897287748979972,14.9,19.6,14.2,18.8,17.5
8402.0,8.96150108333974,9.1,13.2,10.6,10.4,12.2
8403.0,8.187543298125533,8.7,10.9,11.8,14.0,14.9
8404.0,6.8464735281122735,6.9,4.6,5.2,6.5,7.9
8407.0,12.334751694226087,13.5,15.7,17.4,22.0,26.4
8408.0,14.981378493253976,15.6,13.9,13.0,14.8,16.0
8410.0,9.155603051263698,12.2,16.7,36.0,47.9,53.2
8411.0,8.115425772623931,8.0,7.8,7.8,6.7,6.4
8412.0,13.267180292266614,13.9,12.2,12.9,15.0,18.1
8413.0,17.995564815445142,19.2,20.3,21.5,24.2,21.8
8414.0,33.19749622472302,34.2,35.4,29.4,26.0,25.7
8415.0,24.123084365462674,26.4,35.3,39.0,42.6,41.4
8416.0,33.07285594676138,34.7,35.4,31.9,32.3,20.6
8417.0,19.803951106939238,20.6,19.1,26.4,23.7,25.2
8418.0,24.045264095772808,25.0,20.7,23.1,22.5,19.8
8419.0,5.672377627046227,5.9,8.6,11.4,11.8,13.0
8420.0,11.225146319729554,11.8,16.4,20.4,19.4,24.7
8421.0,7.50591161540773,8.1,10.9,10.6,14.0,18.9
8422.0,8.749338953998706,9.2,10.4,6.0,10.0,14.7
8423.0,9.13152403813734,9.2,7.9,6.8,7.4,3.7
8424.0,11.49304279153871,11.5,7.8,5.9,6.1,2.4
8425.0,8.12620479023921,8.8,8.4,11.7,15.1,17.7
8426.0,13.512771296930694,14.4,12.5,15.2,18.3,19.6
8428.0,13.234247090161515,13.5,12.7,15.6,13.8,11.0
8429.0,4.825815607958332,4.9,4.1,3.7,6.0,8.0
8430.0,17.847539882062215,19.2,15.2,15.3,21.5,17.2
8431.0,22.930217549520897,24.4,18.2,18.7,23.9,24.9
8432.0,21.137094219149503,21.8,21.3,16.8,16.9,9.7
8433.0,22.043749634535274,23.0,21.0,15.9,18.5,17.4
8434.0,24.500782285958316,24.3,21.1,25.0,14.7,15.2
8435.0,15.584099792524528,16.3,16.1,11.9,14.9,12.3
8436.0,21.32391682252082,21.8,22.0,23.1,19.2,22.9
8437.0,6.977128153222648,6.8,6.7,5.9,5.2,4.3
8438.0,33.56798696757444,35.5,36.8,33.7,35.7,31.2
8439.0,16.412430767610736,17.0,17.4,19.9,18.6,20.7
9800.0,0.4715118939142311,0.0,0.0,0.0,0.0,0.0
9801.0,0.4715118939142311,0.0,0.0,0.0,0.0,0.0
9900.0,0.4715118939142311,0.0,0.0,0.0,0.0,0.0
