tract,percent_detached_2016,percent_detached_2015,percent_detached_2014,percent_detached_2013,percent_detached_2012,percent_detached_2011
101.0,3.2684366707482306,3.0,1.3,1.0,2.4,2.5
102.01,7.12569700723797,6.7,9.0,7.2,6.8,6.5
102.02,4.995928128140171,4.8,4.0,6.6,7.0,10.5
103.0,5.338096736118694,5.1,4.9,4.0,3.3,3.3
104.0,6.006847437714327,5.6,5.8,5.1,6.9,6.9
105.01,5.745169451851915,5.6,3.2,2.1,2.2,1.3
105.02,1.5219264176448863,1.2,1.8,1.7,1.4,2.0
105.03,2.9457415880706583,2.6,3.4,4.1,4.4,4.1
106.0,6.2586181075846685,5.9,6.0,4.9,5.9,3.5
107.01,11.967234137367814,11.4,14.1,14.6,17.4,16.5
107.02,6.289865392510752,5.9,7.6,6.2,5.9,9.3
201.0,8.329346077947944,7.9,9.2,8.4,9.6,8.6
202.0,62.40992505470337,63.0,60.4,62.0,57.0,50.8
203.01,24.353516315992923,23.7,27.0,25.5,29.7,28.6
203.02,36.4629328449877,36.8,33.0,35.9,34.1,29.8
204.0,11.476141894407446,11.4,11.5,14.6,12.9,15.6
205.0,3.2421980938287156,3.0,3.1,3.3,2.5,3.3
206.01,20.971264931267783,20.7,19.1,20.0,23.6,24.8
206.02,17.86071448386904,18.0,16.4,20.0,17.4,27.7
207.01,41.30433763971426,40.4,44.2,44.8,55.1,53.3
207.02,15.033595881368958,14.9,13.8,15.1,15.4,11.4
208.01,12.475258964663457,12.0,17.4,18.1,16.6,17.1
208.02,13.858859502544234,13.5,12.5,14.4,18.4,24.2
209.01,1.7584087556326156,1.5,1.8,2.3,1.5,2.8
209.02,3.0953785643246348,2.8,2.8,2.2,2.1,3.9
301.01,1.1747165776954094,0.8,1.9,1.8,1.8,1.0
301.02,6.24461827018149,6.0,5.3,3.4,3.1,3.5
301.03,2.4371871607623152,2.1,2.0,1.9,2.7,1.6
301.04,0.3067456479381008,0.0,0.0,0.0,0.0,0.0
302.0,18.747600056700563,18.6,20.1,22.2,20.6,22.0
303.0,11.379093363979083,11.2,9.8,12.3,13.7,13.2
304.0,14.15412137893912,13.9,15.2,17.9,18.0,18.9
305.0,5.373933692942749,5.1,6.9,8.8,7.5,8.5
306.01,1.8973359446407165,1.5,3.3,3.5,3.3,2.1
306.03,2.4295736930460894,2.3,1.8,2.6,0.7,0.6
306.04,0.6784270589604126,0.4,0.0,0.0,0.0,0.0
307.01,3.174607270746586,2.9,2.5,2.8,3.1,2.7
307.02,0.9262204692390574,0.5,1.9,1.2,1.5,0.9
307.03,3.589617842951117,3.3,3.5,1.6,0.8,0.7
307.06,0.9825477485711595,0.7,0.3,0.3,0.4,0.4
308.0,15.393200130985939,15.1,11.3,10.9,16.2,17.9
309.0,14.509616463655437,14.5,14.7,16.3,13.2,17.0
310.0,13.025667856840812,12.5,12.6,10.7,14.9,13.8
311.0,8.246709729773016,8.4,4.7,5.6,3.1,2.1
312.0,1.8089862149352303,1.6,1.3,2.0,1.1,0.7
313.0,0.3428511325179283,0.0,0.5,0.9,1.1,1.4
314.0,3.4564559254965435,3.1,3.7,2.5,2.6,1.4
315.01,0.9924867318518141,0.7,0.7,0.3,0.0,0.0
315.02,3.5971267663809017,3.4,2.9,2.7,1.7,2.9
317.0,3.0849710038289366,2.7,3.9,4.5,5.0,4.6
318.0,5.284776719629599,4.6,4.9,7.1,14.3,15.6
319.0,10.231798449456923,10.0,8.4,5.7,6.3,6.8
321.0,7.546836902003642,7.7,2.5,2.4,1.1,1.4
401.0,24.625181242627672,24.6,22.8,24.8,25.3,23.4
402.01,9.24782436673381,9.0,8.5,8.8,9.4,9.7
402.02,5.044115488976135,4.8,3.9,5.0,5.8,6.8
403.0,42.89004392221837,42.9,40.1,36.2,37.1,33.6
404.01,22.08393848836845,22.2,22.1,23.3,19.1,25.8
404.02,10.46278046546332,10.0,12.3,5.9,4.9,5.3
406.0,17.648033095793284,17.7,15.3,16.6,15.5,16.6
407.0,12.580421617039939,12.3,14.7,13.9,11.9,10.7
408.0,11.77057511135125,11.7,10.0,12.3,12.2,13.5
409.0,12.505523187534873,12.6,12.3,18.3,15.3,17.0
501.0,22.68273993570389,22.8,20.8,19.4,16.4,18.4
502.0,33.85706203952344,33.6,30.8,26.1,30.2,29.2
503.0,28.84324763466623,28.3,31.1,32.3,36.6,35.0
505.0,17.526992717908623,17.4,16.8,21.0,21.9,23.2
506.0,14.85279674311847,14.7,12.1,11.9,13.6,14.8
507.0,21.20024155264383,22.2,14.6,19.5,9.9,18.5
508.0,27.79050664503862,27.5,30.8,31.2,30.4,29.2
509.0,17.235418903585483,16.7,21.5,21.5,21.9,23.2
510.0,22.926491149058634,23.3,19.0,19.2,15.0,12.0
511.0,16.634928396764273,16.3,17.9,14.2,13.4,12.7
512.0,28.54035046498344,28.7,25.1,24.2,23.0,30.0
513.0,36.81682207301755,36.3,36.3,31.6,37.3,40.7
514.0,15.335925018053569,15.1,17.6,20.2,18.8,19.3
601.0,18.468446019724418,18.3,19.7,18.2,15.8,18.7
602.0,14.417765935940668,14.1,17.4,15.0,12.3,10.5
603.0,30.839133669883907,30.5,34.7,31.4,29.5,30.6
604.0,13.471862435836062,13.4,13.2,17.3,16.4,19.4
605.0,10.04860494483652,9.8,8.9,10.3,11.8,10.7
608.0,0.34953257152665324,0.0,0.6,0.4,0.4,0.4
609.0,2.657143314085914,2.4,3.1,2.0,0.3,0.3
610.0,1.675316094171109,1.4,0.9,1.9,2.4,2.2
611.0,4.941062851180774,4.9,4.0,5.6,3.2,2.9
612.0,10.04721779595147,9.8,10.4,11.9,11.8,9.8
615.0,6.77570535766001,6.6,6.7,6.4,4.7,2.2
618.0,1.6142910385500286,1.4,1.5,1.5,0.0,0.0
619.01,2.3431517842013,2.1,1.6,1.9,1.7,1.9
619.02,2.087862535021376,1.9,1.3,1.7,0.7,1.0
620.0,4.093972016966335,3.7,5.1,4.7,4.9,3.7
621.0,2.6230920394474295,2.3,2.5,2.8,3.2,1.7
622.0,3.1744540048102254,2.9,4.0,6.4,5.8,5.0
623.0,23.583092595549587,23.2,26.2,24.5,24.4,28.3
624.0,11.735451178506358,11.2,12.0,14.0,18.8,20.6
625.0,12.06796757843036,11.9,8.7,7.9,10.0,6.8
626.0,20.087897079926524,19.5,16.8,13.5,22.0,24.9
627.0,11.299569551016084,11.2,10.7,11.7,10.3,13.0
628.0,15.66483292530555,15.4,17.3,16.2,14.7,20.3
629.0,5.970427891324383,5.5,9.8,12.5,12.1,14.9
630.0,4.055145708336408,3.8,2.0,1.2,2.4,3.7
631.0,5.460590430548907,5.2,5.1,2.5,1.5,0.4
632.0,4.975043204945158,4.7,3.6,1.7,2.2,2.5
633.01,1.3821602816647776,1.0,3.6,3.4,1.9,1.5
633.02,2.405308471041614,2.1,2.4,1.3,0.8,0.4
633.03,3.7413767624249608,3.5,3.1,1.9,1.2,0.8
634.0,3.176455094400296,3.0,1.9,3.0,2.7,2.5
701.01,5.236091388850246,5.0,5.1,4.1,3.0,2.3
701.02,3.2273197205782984,3.0,3.4,4.1,2.9,2.4
701.03,6.970764939482803,7.1,3.3,3.4,1.0,3.3
702.0,8.538781049013002,8.4,8.1,12.5,12.4,14.5
703.0,4.976405434241764,4.7,4.6,5.5,5.9,7.6
704.0,12.379761566589474,12.1,11.9,12.1,13.2,15.7
705.0,18.328136471120622,18.1,16.2,17.3,20.3,19.1
706.0,17.29634728014723,17.0,17.9,16.9,17.2,22.2
707.0,8.463210693580224,8.3,7.1,6.9,6.6,7.5
710.0,19.28160158613776,19.2,16.2,13.6,14.2,14.6
711.0,14.175184077930673,14.1,12.7,14.1,13.7,13.9
712.0,6.624082314471481,6.5,6.6,6.8,4.4,8.0
713.0,9.660726489975241,9.3,9.2,7.2,8.5,7.8
714.0,0.365068481409424,0.0,0.5,0.4,0.8,0.8
715.0,5.190995594330336,4.9,5.1,4.7,4.6,4.5
716.0,20.254854009335794,20.0,21.9,18.4,16.4,16.5
717.0,18.854609302402448,18.6,19.0,16.5,16.3,17.9
718.0,22.541780734835108,22.2,21.6,18.8,21.4,17.0
801.0,5.503239148075886,5.4,4.2,4.3,2.8,1.8
802.01,2.7100866972847144,2.4,2.9,2.4,2.0,2.9
802.02,5.811496327534065,5.7,2.7,2.5,3.0,0.3
803.0,6.766657994755101,6.7,6.3,6.2,3.3,4.0
804.0,7.276019664527593,7.1,6.6,6.0,4.9,3.7
810.0,2.6755173224037536,2.5,1.4,2.7,2.4,1.9
811.0,0.3067456479381008,0.0,0.0,0.0,0.0,0.0
812.01,0.7713474117159904,0.5,0.0,0.0,0.0,0.4
812.02,1.101715792941929,0.8,0.8,0.8,0.8,1.4
813.0,2.27256404215663,2.0,1.6,1.1,1.0,1.0
814.01,3.4821213436952996,3.3,2.8,1.6,0.0,0.0
814.02,0.332549309417703,0.0,0.4,0.4,0.4,0.8
814.03,1.7558392221725936,1.4,1.7,0.4,0.6,0.0
815.0,0.5855067062048346,0.3,0.0,0.0,0.0,0.0
816.0,2.7873293367721104,2.6,1.9,1.5,0.4,0.7
817.0,0.3067456479381008,0.0,0.0,0.0,0.0,0.0
818.0,2.8848868527472726,2.6,2.2,1.5,1.6,0.7
819.0,3.454147054565186,3.0,4.3,3.5,4.6,3.7
901.0,89.19904056311692,89.5,88.3,87.3,87.5,89.1
902.0,54.459937239167225,54.5,55.1,57.2,57.2,56.1
903.0,75.40903945833445,75.2,78.1,78.6,81.9,83.5
1001.0,46.43365776926376,46.5,48.1,47.4,44.1,42.8
1002.0,57.04283750391419,56.6,57.6,49.9,54.4,56.9
1003.0,58.804470298184164,59.0,57.0,63.0,65.0,61.5
1004.0,93.20696540974097,93.6,94.7,94.8,91.8,93.3
1005.0,89.00009242281558,89.3,85.6,82.3,84.4,81.7
1006.0,82.79084409174118,83.2,83.2,84.7,82.0,78.3
1007.0,92.87593430980054,93.3,90.3,87.0,86.7,86.7
1101.0,51.739398576818516,51.7,49.0,50.0,54.2,53.0
1102.0,36.612868916755815,36.5,37.2,41.2,42.4,39.8
1103.0,71.26485003904135,71.5,74.8,77.1,72.8,81.1
1104.0,38.14351861388441,38.4,35.2,33.2,30.6,32.5
1105.01,56.895448040504206,56.8,58.7,55.5,54.8,49.8
1105.02,14.130273682723509,13.8,14.6,18.2,20.4,24.4
1201.0,92.0022551805948,92.1,94.3,92.7,92.7,91.6
1202.0,81.16468383757154,81.4,79.1,79.2,81.2,80.5
1203.0,84.78555018381797,85.0,86.6,86.3,84.7,84.4
1204.0,63.867534060910295,64.0,61.3,63.4,66.4,68.0
1301.0,45.025015780559,45.1,46.1,52.6,52.1,46.3
1302.0,33.41024733301542,33.6,30.6,34.8,34.7,34.9
1303.0,26.637527351208515,26.6,28.6,30.5,27.3,28.1
1401.0,4.852318986876122,4.6,3.4,3.8,4.8,3.0
1402.0,6.469323325658793,6.1,6.7,6.3,7.2,10.5
1403.01,7.9420059652860555,7.4,10.8,9.8,10.5,14.1
1403.02,19.820962828341173,19.8,18.9,16.6,14.1,16.5
1404.0,50.37104475023929,50.5,49.3,46.0,44.2,45.2
1405.0,26.784993270943446,27.0,24.3,23.3,20.0,16.3
1406.01,26.732000047424247,26.3,28.4,31.1,34.6,32.0
1406.02,11.143767204290041,11.0,9.6,8.3,7.8,9.4
1407.01,5.596443517330552,5.2,5.3,5.8,7.9,8.1
1407.02,9.93228051627265,9.7,9.5,11.0,11.5,11.0
1408.0,24.25418383536516,24.1,24.5,21.4,19.9,20.5
1502.0,25.8385652773262,25.7,24.7,25.1,26.2,27.8
1503.0,32.46777194025259,32.4,31.5,29.5,29.2,28.1
1504.01,37.37029768750459,37.4,34.6,36.6,38.6,43.1
1504.02,57.58849359968708,58.0,54.5,48.4,44.2,44.0
1505.01,56.4101737425011,56.5,61.1,60.3,54.4,50.8
1505.02,55.28316362087516,55.5,53.2,48.6,46.6,44.4
1506.0,61.2915595511381,61.7,58.3,63.0,62.8,63.8
1507.0,59.78447494932342,59.8,56.6,51.8,54.5,50.5
1508.0,35.35552821147472,35.4,35.4,36.7,35.0,37.5
1510.01,28.824096093905556,28.8,29.0,29.9,28.3,28.4
1510.02,30.730588369781447,30.8,29.7,33.4,32.8,34.2
1511.0,29.829839972499286,29.7,28.8,29.3,30.6,28.3
1512.0,68.25969116367709,68.1,71.4,71.0,72.0,71.2
1601.0,25.31785656285166,25.3,26.5,34.3,33.5,36.3
1602.0,48.088170136675814,48.1,46.7,41.3,40.7,49.2
1603.0,6.06147978682009,5.8,4.2,3.4,4.7,5.6
1604.0,25.210132577531983,24.8,26.2,24.1,26.2,33.0
1605.01,23.255892572254364,23.3,21.4,15.4,12.0,12.2
1605.02,21.861985178068338,21.8,22.0,23.2,21.6,19.6
1606.01,21.300067884505054,21.4,19.1,18.1,15.7,18.0
1606.02,12.839826816039942,12.4,13.3,16.4,20.0,19.5
1607.0,36.19767961735661,35.9,34.1,33.1,38.3,32.8
1608.0,18.96020178285904,19.2,18.1,19.3,13.8,16.5
1609.0,38.49816970034469,38.4,40.7,44.3,43.6,39.5
1610.0,26.245194802664134,26.3,28.5,33.0,28.9,29.5
1611.0,43.628147402602295,43.8,43.5,47.8,46.2,45.0
1612.0,34.65479580312718,34.8,30.3,27.5,27.5,28.5
1613.0,16.87812035538329,16.8,15.8,16.9,16.3,18.5
1701.0,2.666055247653051,2.1,2.7,3.9,8.2,6.7
1702.0,59.895638616193644,59.9,58.8,58.0,60.0,66.6
1703.0,63.88215497836789,63.8,67.7,70.2,69.8,69.5
1704.0,75.80954681747842,76.2,75.2,78.9,77.6,79.6
1705.0,70.28638410630738,70.8,69.0,71.1,67.5,70.6
1706.0,84.2650057497397,84.1,84.5,82.4,87.7,85.1
1707.0,74.4487668325209,74.9,73.6,70.9,66.6,65.6
1708.0,69.13384997928011,69.2,70.9,69.4,68.1,70.6
1709.0,66.25753472953409,66.3,66.8,63.3,62.7,56.7
1710.0,61.89595039513825,62.2,58.0,60.2,61.8,64.3
1711.0,71.41752948630894,70.7,76.2,76.4,84.8,76.4
1801.0,61.91529001950017,62.2,57.5,55.7,56.8,64.2
1901.0,24.738408941933617,24.4,25.6,26.8,29.0,19.0
1902.0,43.98126588310873,44.2,43.3,46.7,44.7,42.7
1903.0,41.66860356355453,41.3,41.7,38.1,41.8,42.4
1904.01,62.625768928825764,62.8,61.3,64.9,66.3,64.2
1904.02,42.41373980385626,42.5,41.0,43.6,44.0,47.9
1906.01,26.193918242507653,26.1,30.5,36.2,32.6,34.0
1906.02,44.16050162393285,43.9,45.6,50.9,54.7,50.4
1907.01,18.206980384469016,17.9,19.0,19.6,20.5,17.8
1907.02,13.127407024208761,12.7,9.0,7.2,13.9,14.0
1908.0,29.061664863204378,28.2,31.6,25.6,32.1,28.5
1909.0,51.50467651726109,51.4,54.4,55.3,54.4,56.5
1910.0,52.58324049728989,53.0,51.4,48.1,42.2,43.0
1911.0,30.765250360310098,30.8,29.2,25.5,23.5,21.2
1912.0,15.949631380205423,15.6,17.1,16.7,17.3,14.6
1913.01,36.598895211190374,36.6,38.7,41.2,38.5,38.1
1913.02,38.433461615856906,38.7,38.1,35.3,29.5,35.3
2001.0,48.4545161030812,48.3,45.7,43.6,48.2,48.8
2002.0,23.01045006321639,22.9,22.6,19.8,18.3,17.0
2003.0,25.406256915114803,25.7,22.6,24.3,20.9,33.3
2004.01,29.096688333253482,29.0,26.9,33.1,37.0,30.8
2004.02,34.666642813402675,34.9,31.9,29.3,26.3,21.1
2101.0,21.63250592719638,21.3,22.6,23.3,24.8,26.1
2104.0,21.218511705251405,21.3,16.3,15.9,16.9,11.0
2105.01,7.9148595330859886,7.1,10.7,10.3,15.5,19.0
2105.02,4.434466346403692,4.1,5.3,5.0,4.5,3.6
2106.01,13.046003050867554,13.2,15.0,23.6,18.3,17.7
2106.02,18.778441315608003,18.6,20.1,20.1,18.3,22.9
2107.0,22.936990188452533,22.7,24.4,20.9,19.1,18.6
2108.0,36.84304833079258,37.9,27.0,21.2,12.2,20.0
2109.0,20.754029974503272,20.2,19.7,19.5,26.2,27.1
2203.0,20.506163259419495,20.4,23.0,22.4,18.2,15.0
2204.0,14.545299725674605,15.0,12.6,17.1,10.1,10.3
2205.0,9.567484153822903,9.5,9.4,11.7,9.6,8.7
2206.01,17.448693710417917,17.4,15.2,22.3,24.6,18.6
2206.02,8.884063832260022,8.5,11.1,13.5,13.7,15.1
2207.01,22.72205776579102,22.6,23.9,19.5,15.9,16.6
2207.02,9.20617304419732,9.0,8.0,6.7,6.6,5.8
2209.01,18.749531848537604,19.0,21.7,24.9,15.8,14.9
2209.02,21.493093479120887,21.1,22.0,20.0,22.0,21.3
2210.0,12.362007090787042,12.0,15.3,15.5,14.2,13.4
2211.0,11.736960672200674,11.4,10.3,8.6,10.9,8.8
2212.0,8.66813202012147,8.4,9.3,8.8,7.9,9.4
2213.0,7.091106197291067,6.2,9.1,4.5,10.2,10.6
2214.0,18.414048144950044,18.5,13.3,10.7,10.8,10.8
2215.0,8.47054573660775,8.3,8.5,10.6,9.7,9.8
2216.0,23.97480091480676,24.1,20.8,19.4,17.8,14.9
2222.0,24.168719360126644,24.3,21.5,22.8,21.5,24.0
2225.0,20.813497952673124,21.2,15.7,18.1,15.5,17.9
2226.0,9.968769790427665,9.7,8.5,7.7,9.1,10.9
2227.0,9.37404462959853,9.1,6.2,7.9,12.0,15.4
2228.0,12.61069885000131,12.9,11.0,10.8,4.2,7.3
2229.0,18.525589730654893,18.4,18.9,23.1,22.9,24.4
2301.0,13.099869273639632,13.0,13.0,15.6,14.4,16.4
2302.0,15.783853648919067,15.7,14.0,15.3,15.5,14.0
2303.0,21.817792056746853,22.0,20.5,19.4,14.8,10.5
2304.0,36.1944355312657,36.5,35.0,34.3,29.3,31.5
2305.0,11.233214530930642,10.9,13.2,11.4,9.9,9.9
2306.0,14.664809174799004,14.5,14.4,15.1,14.6,10.3
2307.0,17.07361524429525,16.8,16.0,16.1,18.2,17.8
2308.0,38.47635589767497,38.0,40.0,36.9,40.5,49.6
2309.0,15.935427169080167,16.1,11.7,12.1,10.8,10.7
2311.0,39.81310698056882,39.3,37.7,27.2,32.9,30.0
2312.0,20.396301283215028,20.4,20.7,24.1,21.9,19.2
2315.0,20.547228748434982,20.5,22.3,23.5,19.8,21.9
2402.0,13.575168131784139,13.2,15.7,15.3,15.0,14.5
2403.0,21.83201142132571,21.3,29.2,35.1,34.6,38.9
2405.0,7.82684966173864,7.4,7.1,7.7,11.0,9.8
2406.0,23.329052698921405,23.1,21.8,23.8,27.0,30.0
2407.0,15.469222402065194,15.5,18.0,20.3,14.4,14.8
2408.0,16.709828093816917,16.4,17.9,14.2,13.1,10.6
2409.0,15.70318985534292,15.8,17.2,17.4,10.9,9.6
2410.0,6.768020596560696,6.6,6.4,7.0,5.8,4.3
2411.0,9.786764168613805,9.9,6.6,8.4,6.6,5.6
2412.0,15.082601184123027,14.7,18.7,17.8,16.0,17.1
2413.0,12.157075046712826,11.6,13.9,12.1,14.4,12.0
2414.0,14.978162234978157,15.0,11.2,14.2,15.4,11.2
2415.0,10.201821113469471,9.8,9.1,10.1,13.8,14.9
2416.0,2.9046931534165035,2.5,3.8,4.4,5.1,6.2
2420.0,4.275620371630747,3.8,2.9,1.5,5.2,3.5
2421.0,4.878681940310725,4.6,3.9,4.0,4.8,4.2
2422.0,11.41841516389904,11.0,11.6,11.7,14.1,13.5
2423.0,12.003012419249483,11.7,11.6,11.1,12.2,11.4
2424.0,5.738914988617445,5.6,3.5,1.3,0.6,1.6
2425.0,11.325048414012338,11.2,9.7,11.0,11.2,12.7
2426.0,5.962358053962041,5.5,6.7,5.0,6.3,6.8
2427.0,10.439666799424288,10.5,8.5,8.1,5.1,5.7
2428.0,31.930120670071297,31.6,32.7,30.3,32.0,31.4
2429.0,17.348029455450575,16.6,17.5,14.8,22.0,18.4
2430.0,25.329702231141024,25.0,30.9,26.3,21.4,16.9
2431.0,23.62653591910326,23.9,23.0,26.8,21.9,20.1
2432.0,20.555633299292616,20.7,20.2,26.4,23.7,23.2
2433.0,5.822532124369066,5.2,5.6,4.8,9.9,8.5
2434.0,6.41490211605426,6.2,6.6,8.1,7.3,8.3
2435.0,0.7147935785778927,0.3,0.3,0.8,2.8,4.2
2502.0,43.41986398750268,44.0,40.2,47.2,43.5,48.9
2503.0,20.942040115699427,21.0,20.9,20.8,17.0,12.5
2504.0,24.00075586687644,23.9,23.7,20.5,18.7,17.8
2505.0,66.58408590202413,66.7,68.1,66.8,64.8,59.4
2506.0,55.43739822783303,55.3,57.1,56.7,57.6,56.3
2507.0,15.321770292736476,15.3,14.8,15.7,13.4,19.4
2508.0,36.55451780914436,35.9,46.2,38.0,33.7,35.1
2510.0,26.920657361088512,27.1,23.0,20.8,19.2,30.1
2511.0,20.146640217054028,19.9,17.9,18.4,21.8,23.1
2512.0,53.24988271270313,53.4,52.2,46.1,43.3,42.8
2513.0,29.871286846875154,30.1,25.0,22.9,21.9,22.9
2514.0,21.71914328066494,21.7,19.1,17.7,17.5,17.9
2515.0,21.768656861167113,21.5,24.2,26.8,26.4,25.1
2516.0,31.908317212425548,31.6,32.1,27.4,28.6,28.1
2517.0,29.48026338805358,28.9,29.7,26.7,32.4,26.6
2518.0,7.84952764817952,7.5,8.2,6.3,6.4,8.0
2519.0,13.743409230266517,13.6,14.5,13.8,11.3,13.5
2520.0,12.62896589059537,12.5,12.7,12.6,10.7,9.9
2521.01,14.225966694336131,14.3,16.0,16.2,9.6,11.5
2521.02,17.784156630378703,17.5,17.1,14.2,15.1,16.5
2522.01,17.4778895260507,17.8,18.9,22.1,13.4,14.1
2522.02,9.931148847834145,9.7,8.3,9.3,10.9,13.3
2601.0,7.56693637108691,7.3,7.3,12.3,14.1,12.8
2602.0,14.367062553727475,14.8,12.7,14.2,6.2,0.9
2603.0,12.668492082316419,12.3,12.3,9.9,11.4,13.7
2604.0,6.395303767290684,6.4,2.6,2.7,2.3,4.7
2605.0,18.394199944769586,18.6,14.1,17.2,16.5,16.9
2606.0,9.3992750951381,9.3,7.7,7.0,6.0,7.2
2607.0,9.508995677685416,9.3,7.8,4.1,3.8,2.2
2608.0,3.803516841851478,3.4,2.9,2.3,4.6,5.7
2609.0,2.3005574173538985,2.1,2.3,6.9,6.7,14.5
2610.0,24.283008217868776,24.4,24.5,25.7,21.5,16.2
2705.0,4.940107057631072,4.8,3.5,4.9,4.5,2.9
2712.0,20.91398223203849,21.0,20.4,19.8,15.9,12.2
2713.0,4.834908432843464,4.3,10.2,18.7,19.5,21.8
2714.0,11.32056643677711,11.1,11.0,5.6,3.6,4.2
2715.0,17.094119452709318,16.4,18.1,17.1,23.1,20.1
2718.0,10.116552923410271,9.6,14.2,5.2,1.7,6.8
2801.0,0.8849526009880374,0.6,0.6,0.6,0.3,1.0
2804.0,1.4898512757887543,1.2,1.8,1.8,1.0,0.0
2808.0,10.700597316151637,10.4,7.3,4.9,8.4,6.6
2809.0,9.0077378976384,9.3,3.5,4.0,1.4,2.6
2819.0,1.457417263945881,1.2,0.8,0.7,0.4,0.4
2827.0,13.338690155278494,12.4,20.2,18.9,21.9,24.6
2828.0,15.198608363281199,14.5,21.9,22.8,23.2,24.6
2831.0,2.943183144652597,2.7,1.6,0.7,0.8,1.1
2832.0,2.1672184319014884,1.6,3.8,7.8,11.3,12.6
2838.0,1.0512064766461018,0.7,0.5,1.3,2.6,2.9
2909.0,19.722870604709733,19.9,16.7,17.1,14.7,15.7
2912.0,7.548489037680161,7.2,6.4,5.2,7.1,7.0
2916.0,9.84371368274656,9.7,7.8,6.5,6.4,9.6
2922.0,14.070483217849818,13.6,13.6,11.1,14.4,13.3
2924.0,5.1231611630808755,4.8,3.5,2.7,4.6,5.3
2925.0,15.809217212876638,15.7,13.2,12.2,12.9,14.8
3005.0,6.065997345878445,5.8,6.7,7.4,6.6,7.7
3006.0,26.454323445204583,26.4,22.5,20.0,21.9,21.1
3007.0,8.648679072067143,8.6,6.0,6.6,6.2,7.9
3008.0,12.563835229034678,12.3,14.0,11.8,9.8,11.7
3009.0,6.598902490629827,6.4,5.9,4.1,2.9,3.2
3011.0,12.422979026056847,12.2,12.7,10.8,9.5,5.9
3012.0,8.464386702964044,8.0,7.3,5.2,8.7,11.5
3016.0,20.561994244940536,20.6,16.9,18.4,19.3,17.3
3017.01,15.385829078328012,14.9,14.1,14.1,19.5,25.5
3017.02,21.815594887530345,21.8,21.3,20.5,18.2,18.0
3018.01,23.01042359608894,23.0,21.1,24.0,24.5,20.1
3018.02,15.817284179854106,15.0,21.8,16.6,17.6,16.7
3018.03,22.032743937984517,21.8,22.3,25.5,27.1,26.7
3102.0,19.761519808122546,19.5,21.3,17.9,16.1,10.0
3103.0,7.643206125443995,7.4,6.3,6.6,7.6,7.7
3104.0,15.409835520632546,14.9,16.1,8.0,8.9,12.5
3105.0,16.04366357031438,16.1,17.9,16.7,10.0,12.3
3106.0,4.635255562658598,4.1,6.9,8.0,9.6,11.3
3107.0,3.8498065207165846,3.7,1.7,3.4,3.9,3.8
3108.0,12.26330012507307,12.6,9.0,13.2,9.1,8.7
3109.0,11.729712038790565,11.4,12.5,13.4,14.1,13.7
3201.0,1.6803327046240608,1.4,1.9,1.4,0.4,0.4
3204.0,2.1451883832304723,1.6,2.1,2.1,5.7,7.4
3206.0,2.213315516806169,1.9,1.5,0.8,1.3,0.9
3301.0,1.762131317015023,1.5,0.8,0.9,1.1,1.2
3302.0,12.775695115087757,12.7,10.3,11.3,11.7,12.6
3403.0,11.010869509468696,10.9,10.3,11.7,10.7,10.1
3404.0,6.145471635814009,6.1,3.4,5.2,5.0,10.6
3405.0,10.745216631010123,10.4,11.2,10.7,11.4,12.7
3406.0,5.69458090250734,5.3,5.4,3.9,5.3,3.8
3501.0,0.3067456479381008,0.0,0.0,0.0,0.0,0.0
3504.0,0.39865514866569407,0.0,1.3,1.2,1.3,1.3
3510.0,2.5426500645426886,2.3,2.3,1.2,0.0,0.7
3511.0,1.4695011346885622,1.0,2.9,1.8,2.2,1.1
3514.0,4.505658541948717,4.4,3.3,4.2,2.8,2.7
3515.0,9.009090547212777,9.0,10.4,7.8,1.4,0.0
3602.0,0.7521705404950942,0.4,0.4,0.7,1.6,1.2
3801.0,9.568091384047056,9.3,8.1,10.4,12.8,18.1
3802.0,5.074179607089995,4.9,5.9,6.1,3.4,5.9
3805.0,11.005518558029443,10.6,13.6,13.8,13.4,9.5
3807.0,3.465758023830019,3.2,3.2,5.4,5.8,13.8
3812.0,7.311896600814879,7.3,3.1,3.2,3.6,6.4
3814.0,6.410301391333604,6.0,7.7,8.8,9.7,10.5
3815.0,9.449757049267886,9.0,8.0,3.3,6.1,5.8
3817.0,0.3067456479381008,0.0,0.0,0.0,0.0,0.0
3818.0,3.7031624563730454,3.5,3.2,3.6,2.7,7.8
3819.0,12.614300967482182,12.9,6.6,3.5,0.7,1.0
3901.0,25.653431184527292,25.3,28.6,26.3,25.4,23.4
3902.0,11.059994863331536,10.5,11.7,12.8,17.2,17.6
3903.0,2.348484115661198,2.1,1.5,2.4,2.6,4.5
3904.0,3.888186804724376,3.8,2.0,3.2,2.3,2.9
3905.0,20.774381625923198,20.3,22.8,18.0,18.6,18.1
3906.0,16.03642006148334,15.8,15.9,14.5,14.4,17.7
3907.0,1.4765529434542524,1.1,1.2,0.7,1.7,1.6
4003.0,5.961897006684393,5.5,6.7,6.2,7.9,7.9
4004.0,1.6630175238226315,1.2,0.7,1.1,4.5,6.8
4005.0,4.621927912034299,4.5,4.5,5.4,3.1,4.4
4008.0,4.433538660038009,4.2,3.0,1.5,1.5,1.4
4101.0,1.861122728178871,1.6,1.3,1.8,1.7,1.7
4102.0,3.485409399366058,3.2,2.9,2.6,2.8,3.5
4105.0,4.984972701021147,4.8,2.6,1.9,2.5,3.7
4106.0,7.059509977673961,6.7,7.7,6.8,7.0,6.0
4107.0,6.535003754750551,6.4,4.3,4.4,4.5,3.4
4108.0,4.599300977019597,4.4,3.1,2.9,2.9,3.7
4109.0,1.731350633957699,1.4,1.7,1.6,1.8,3.5
4110.0,4.895967429169852,4.7,3.1,3.2,3.6,4.0
4111.0,7.261756443087974,6.5,9.9,9.3,13.7,13.2
4112.0,14.366878030230788,14.4,15.1,20.7,17.7,18.2
4201.0,0.47236455869698213,0.0,2.1,1.8,2.2,1.8
4202.0,4.12002718905965,3.7,4.1,2.5,3.8,3.0
4203.0,5.1812138659591325,4.5,8.6,8.3,10.5,9.9
4204.0,1.4170639975320385,1.2,0.8,1.5,0.8,0.9
4205.0,4.316103177501537,4.2,1.9,1.5,1.1,0.3
4206.0,4.657308126703249,4.4,4.5,5.0,4.7,3.8
4207.0,13.915439430300795,13.7,14.6,12.4,10.6,12.8
4208.0,6.645820368614961,6.1,8.9,7.1,8.1,10.1
4212.0,22.5915949201099,22.2,22.1,20.5,23.8,16.3
4301.01,3.398686456880122,3.3,1.7,1.7,0.3,1.0
4301.02,2.1123610201691996,1.7,1.6,0.0,1.5,1.8
4302.0,14.163053051156092,14.3,10.0,10.8,9.8,10.6
4303.0,7.33075025831071,7.3,5.1,5.3,3.9,2.5
4304.0,24.995122934387275,24.7,24.0,22.4,25.0,21.4
4305.0,9.916561164344408,9.7,10.6,8.4,6.2,6.1
4306.0,19.502736601151046,19.5,18.9,20.3,18.4,23.3
4307.0,3.0884357177692685,3.0,3.8,5.8,2.3,3.2
4308.0,20.232856615427245,19.7,21.9,27.6,33.0,31.9
4309.0,22.404749307749874,22.1,18.1,16.7,22.8,20.3
4312.0,63.32304719188885,63.4,66.5,63.5,59.4,54.6
4313.01,10.103196065010485,9.8,8.3,6.6,8.6,8.4
4313.02,9.286836018316944,9.1,7.0,5.2,5.8,7.9
4314.0,7.889213145738365,7.8,8.4,10.9,8.3,7.2
4401.01,6.16590770122129,5.7,6.3,6.0,8.5,6.3
4401.02,11.357788585218945,11.3,8.6,7.9,7.6,5.8
4402.01,9.217128806606057,8.9,8.7,5.7,6.0,6.8
4402.02,32.61686982928919,32.8,31.4,29.1,25.1,22.6
4403.0,54.04819047362443,53.8,55.3,53.4,55.8,55.4
4406.0,83.79467998055937,84.0,81.6,85.0,89.0,86.2
4407.0,75.55685202134694,76.1,72.5,75.2,73.8,74.2
4408.0,13.340094377747404,13.5,12.6,16.1,11.9,14.5
4409.0,54.0212127781073,54.3,50.7,50.4,50.1,52.6
4503.0,67.99225780319406,68.1,67.4,65.4,65.7,62.2
4601.0,31.450959757794962,31.6,25.2,21.1,22.3,20.0
4602.0,20.902941644770614,21.0,19.9,16.2,11.6,10.8
4603.01,33.65724729315712,33.6,33.0,31.8,31.4,27.2
4603.02,31.091190368818896,30.7,31.8,31.1,34.3,37.0
4604.0,38.966491993799174,39.1,37.2,36.6,35.2,42.4
4605.0,45.96264357839973,45.9,45.0,49.1,52.2,54.1
4606.0,29.117882080878196,28.8,26.5,26.0,31.5,32.4
4607.0,14.41869518792437,14.3,16.8,14.5,9.4,11.8
4610.0,5.771551491353673,5.4,5.9,10.0,12.5,11.1
4701.0,53.89816886805497,53.5,51.8,49.6,57.8,52.9
4801.0,86.19745607170204,86.5,82.5,76.3,77.4,77.2
4802.0,19.068466103721136,18.8,21.3,35.0,38.3,35.7
4803.0,62.408462268949904,62.2,62.9,64.6,69.3,66.0
4804.0,86.79830744299653,86.7,89.8,88.4,90.2,92.1
4805.0,77.2607642358405,77.8,73.5,71.8,69.9,70.1
4903.0,53.319673220874414,53.4,53.0,56.9,57.8,58.2
4904.0,75.41141328467701,75.1,76.0,75.2,81.9,85.0
4905.0,64.51533294577271,64.4,67.1,69.0,70.3,71.5
4906.0,89.98692723320998,90.6,93.9,95.0,86.0,83.6
4907.0,83.82594549487679,84.0,87.8,91.9,90.0,90.3
4908.0,77.87003978384112,78.2,73.4,67.1,67.7,72.5
4909.01,27.372959809499946,27.6,24.6,26.0,23.7,25.5
4909.02,66.07331011178853,66.2,61.5,57.2,60.5,58.9
4910.0,60.988699603252726,60.8,65.3,65.4,65.0,68.7
4911.0,87.33416520298441,87.6,89.2,91.5,90.2,93.7
4912.0,79.96113733580172,79.7,83.7,80.5,82.7,79.4
4913.0,56.51114363430256,56.8,57.3,53.2,47.3,46.2
4914.0,9.928336955675361,9.6,11.7,15.5,15.9,19.3
5001.0,51.9788334003059,51.9,56.7,54.1,49.7,53.9
5002.0,14.27312778769583,13.8,13.1,13.2,18.2,17.0
5003.0,5.886346930427801,5.6,5.9,7.3,7.7,10.0
5101.0,55.21588104522212,54.9,59.5,60.8,62.2,55.2
5102.0,69.54363244710048,69.8,66.6,66.4,67.7,65.4
5103.0,35.97099090030308,36.3,34.7,34.6,29.5,33.7
5201.0,44.37251871082288,45.7,41.5,48.6,33.1,33.6
5202.0,27.15906280394261,26.6,26.8,26.3,32.9,34.9
5203.0,60.89338678503496,60.9,63.9,63.5,61.3,60.6
5204.0,70.54431850553199,71.6,60.6,61.7,58.7,60.5
5205.0,84.96892316065103,85.2,86.4,85.0,83.2,83.9
5206.0,74.46387455544138,74.1,82.0,78.4,77.4,78.5
5301.0,29.568762881093917,29.0,38.0,38.2,36.0,36.2
5302.0,54.41705048614304,54.6,50.6,51.9,54.2,56.5
5303.0,83.55154979089947,83.8,82.6,79.9,79.8,79.7
5304.0,76.3982338535919,76.8,71.5,76.4,80.0,81.3
5305.01,61.70235440044644,61.9,63.6,65.2,62.0,60.2
5305.02,92.24814539153076,92.6,92.4,96.1,96.3,92.0
5305.03,89.63601742054678,89.8,89.4,90.6,93.0,93.9
5306.0,55.16631244346094,55.1,56.0,56.3,57.2,56.4
5401.01,14.4398150143193,14.3,14.8,17.8,17.0,14.8
5401.02,20.144974195389224,19.5,20.8,19.4,25.2,25.2
5501.0,53.46140436237564,53.5,53.7,53.3,52.8,48.7
5502.0,89.24410551094829,89.8,89.2,91.9,88.5,91.4
5601.0,71.42428380345903,70.8,80.2,79.9,82.4,80.3
5602.0,85.3052920147831,86.6,73.5,67.4,61.8,54.0
5603.0,97.50259528799646,97.9,97.8,98.0,96.7,96.7
5604.0,94.72278869808066,94.9,96.8,96.4,96.1,90.1
5607.0,50.65839726899613,50.7,53.3,50.9,46.8,47.6
5608.0,73.92014553559348,74.1,76.2,76.2,73.6,68.3
5609.0,92.72938737146389,92.7,93.5,94.6,99.2,99.1
5610.0,87.0329827765341,87.2,90.5,91.1,89.0,84.5
5611.0,88.04750705589495,88.3,89.3,90.6,89.9,89.4
5701.0,44.07210466375692,44.0,43.4,41.8,42.6,47.6
5702.0,69.86959351816624,70.4,68.5,78.0,76.7,70.4
5703.0,40.96060636247414,41.2,37.6,39.7,39.5,39.0
5704.0,35.169231602405254,34.5,37.9,38.8,45.1,43.1
5705.0,47.651030618540226,46.8,50.9,52.5,62.6,63.8
5801.0,36.48892503693382,35.7,42.0,42.3,47.4,47.0
5802.0,40.47927955653836,40.3,35.6,34.0,40.6,43.6
5803.0,40.06587236228467,39.8,42.1,39.7,39.9,34.2
5804.0,29.933096648727012,29.3,34.1,37.5,42.0,45.2
5805.01,16.110865905906014,16.1,15.1,20.3,19.9,19.6
5805.02,17.985708748152444,17.7,18.6,18.2,18.6,23.0
5806.0,10.606664136021793,10.0,12.6,10.4,12.9,14.3
5807.0,25.359778333191922,25.1,28.6,30.7,29.5,24.9
5808.0,6.7675588031215534,6.1,7.1,11.6,18.7,16.5
5905.0,19.581462247982778,18.9,20.5,20.8,27.4,23.5
5906.0,33.974940769958245,33.8,34.0,29.5,29.1,25.2
5907.0,18.711622842886587,17.9,19.9,15.1,21.6,21.4
6004.0,19.973568616373665,19.8,19.5,17.8,17.4,15.7
6006.0,31.768684622954492,31.8,31.4,31.9,30.2,29.9
6007.0,31.349476910613863,31.5,31.7,31.2,26.5,28.8
6009.0,17.404835247293438,17.4,15.6,16.4,15.4,16.8
6103.0,12.517547190226141,12.3,11.9,12.1,12.4,11.7
6104.0,7.645670256798258,7.3,6.9,5.6,7.0,4.7
6108.0,45.69291953915744,45.8,46.4,47.4,45.0,48.9
6110.0,26.23518294238562,26.9,25.3,31.6,22.1,26.2
6111.0,17.57087000656534,17.2,20.0,15.7,14.1,13.1
6112.0,15.916460971190435,15.3,17.5,13.1,16.0,17.1
6113.0,19.7117888448696,19.3,23.7,22.1,20.6,18.7
6114.0,13.968476733914141,14.2,9.8,12.3,10.4,7.2
6115.0,16.307213534117185,16.1,11.4,10.0,14.6,12.7
6116.0,53.77882506159675,54.2,51.1,58.8,58.3,47.8
6117.0,21.196023014661066,21.7,17.3,17.3,10.8,13.4
6118.0,23.521716199879158,23.3,24.3,21.8,20.9,20.9
6119.0,15.027249137776508,14.7,15.4,16.2,17.6,20.8
6120.0,27.876805817424884,28.0,25.4,30.8,31.2,27.6
6121.0,33.624747132794006,33.4,35.5,34.1,33.5,40.5
6201.0,80.80297151150044,81.0,80.4,80.0,80.6,82.0
6202.0,63.004032975574084,63.3,63.2,52.9,46.1,51.2
6203.0,67.65448946074868,68.0,66.5,66.0,63.7,64.5
6204.0,67.99132622143412,68.2,66.0,68.0,69.6,71.0
6301.0,31.673552804204608,31.5,26.5,24.0,29.6,39.1
6302.0,24.65832699176186,24.1,23.5,20.1,26.3,26.0
6303.0,61.39970208725604,61.6,62.0,65.6,64.4,58.0
6304.0,42.1937539225146,42.8,39.2,42.3,36.5,40.0
6305.0,35.654258733279974,35.4,35.8,35.5,37.8,32.3
6308.0,54.4013573032718,54.6,53.7,53.5,51.7,51.6
6309.0,56.10209001343315,56.1,53.9,49.3,50.9,49.3
6401.0,29.192960095397247,29.2,29.7,35.6,34.9,28.1
6403.0,71.70102792896242,71.8,73.7,75.7,75.1,75.5
6404.0,69.19420484260885,68.7,74.7,74.5,78.3,78.8
6405.0,49.54813561793705,49.8,47.4,48.9,47.9,51.4
6406.0,36.85967246198137,36.5,39.0,41.6,44.5,46.7
6407.0,56.91524442510024,57.3,53.3,51.0,49.0,49.9
6408.0,77.19045695133386,78.0,75.9,75.5,67.2,64.1
6501.0,59.32756241978473,58.8,60.8,63.5,72.1,79.2
6502.0,58.384145548329016,57.9,60.0,61.3,68.5,62.0
6503.01,79.33248883695376,79.1,82.9,83.6,86.8,85.0
6503.02,82.7824831368109,82.9,86.1,84.4,82.0,87.2
6504.0,80.88080831582374,80.6,83.8,83.6,88.1,86.7
6505.0,52.16475374859407,52.2,53.1,52.5,51.1,53.9
6603.01,18.90394933673082,19.0,11.8,9.4,11.6,9.9
6603.02,33.48083703232736,33.5,33.5,36.5,35.6,36.8
6604.0,56.02178987913308,56.0,54.6,51.3,52.8,55.9
6605.0,49.26220558817749,49.2,52.7,60.0,59.8,57.6
6606.0,39.033223255443396,38.9,41.6,39.0,36.4,39.0
6607.0,71.10388452526335,70.9,73.8,74.7,77.6,68.3
6608.0,32.46672312132693,32.3,34.1,36.7,36.7,38.2
6609.0,15.491495628891496,15.3,14.0,17.3,19.5,22.0
6610.0,54.858214065389966,55.1,51.8,49.8,49.3,48.1
6611.0,72.66751254075356,72.6,75.5,75.2,75.6,73.1
6701.0,36.55111137743591,36.6,31.4,27.0,29.0,28.0
6702.0,25.956526762551526,25.5,24.3,21.5,27.0,31.3
6703.0,16.08395944733016,15.7,16.6,17.3,19.5,22.8
6704.0,32.60215238271063,32.5,34.8,41.2,40.9,47.5
6705.0,59.445927118229164,59.7,62.6,62.9,56.8,57.3
6706.0,60.10118305343388,60.5,55.6,58.4,59.2,58.1
6707.0,50.37703946512395,50.6,53.5,59.2,54.5,54.3
6708.0,37.648260598780325,36.7,43.8,44.4,51.5,50.6
6709.0,40.496060011604506,40.2,41.8,40.0,41.7,38.6
6711.0,52.4111603080581,52.2,56.0,46.9,43.6,49.2
6712.0,43.930209129058106,43.7,46.1,47.8,49.1,51.5
6713.0,58.971439435162345,59.4,57.7,57.4,53.1,54.8
6714.0,84.21856478142804,84.7,84.3,83.2,79.0,74.4
6715.0,54.02028870820571,54.1,54.7,57.1,56.5,58.2
6716.0,32.06971937527885,32.1,33.9,41.8,40.3,38.2
6718.0,67.03227955690035,66.8,69.7,69.0,71.4,70.6
6719.0,78.3695381624174,78.3,77.7,73.9,77.5,74.0
6720.0,84.57658513195409,85.0,83.4,89.7,90.3,91.1
6805.0,21.681361895566393,21.9,14.3,13.1,14.4,28.7
6806.0,18.044809543017394,18.1,16.0,17.4,16.0,17.8
6809.0,9.644915304636553,9.0,10.3,8.9,13.6,12.9
6810.0,22.960864835962408,22.6,25.0,21.5,21.0,21.9
6811.0,22.46486971596976,22.3,24.1,28.4,27.9,25.8
6812.0,23.11692741634859,23.3,21.2,20.2,16.4,22.4
6813.0,18.021714030787646,17.9,16.1,17.2,18.3,17.0
6814.0,54.29598000773133,55.0,52.3,58.1,51.9,50.8
6903.0,13.591266949024764,13.7,8.4,12.2,13.7,15.2
6904.0,15.786011993418592,15.4,15.8,15.5,17.9,18.6
6905.0,27.557942966138746,27.7,24.2,26.3,26.2,27.5
6909.0,15.627911158004446,15.5,15.2,20.3,21.0,19.9
6910.0,30.50787051790593,29.9,33.0,30.9,35.0,39.1
6911.0,16.583314811415256,16.6,16.2,18.9,16.6,13.2
6912.0,34.302957951873076,34.5,32.2,33.1,31.1,29.4
6913.0,55.66939310843297,55.6,55.5,54.1,55.6,56.0
6914.0,49.84430501317925,49.9,51.6,57.3,56.6,58.0
6915.0,30.06302668765959,30.0,30.4,27.3,24.9,23.1
7001.0,85.96406144299887,86.8,84.2,86.1,79.6,73.4
7002.0,90.86543567150468,91.1,91.5,92.4,92.8,91.6
7003.01,91.41769281734781,91.9,92.8,95.4,91.8,87.8
7003.02,91.62560228344562,91.9,91.4,89.1,88.8,88.7
7004.01,85.30319353825274,85.5,86.7,85.0,83.7,82.0
7004.02,91.23226877980619,91.3,92.9,92.3,93.7,93.0
7005.01,78.44713937382112,78.6,78.2,82.6,85.1,86.2
7005.02,90.52417370655742,91.1,87.8,89.9,89.0,92.1
7101.0,21.117809204538474,21.7,14.6,20.2,17.2,15.6
7102.0,23.686963976722833,23.8,23.3,22.3,18.0,24.5
7103.0,27.00632829705321,26.7,26.1,26.3,29.8,26.8
7104.0,55.22012129711874,54.8,60.5,60.2,61.6,58.9
7105.0,27.18553194286374,27.3,25.9,28.7,27.0,25.8
7106.0,29.25519208267275,29.4,29.1,37.1,35.7,35.6
7107.0,22.321638846909053,22.2,19.3,20.9,23.8,27.5
7108.0,17.318904487396864,17.2,16.3,15.3,14.6,20.2
7109.0,45.85379318116221,45.4,46.5,48.8,55.6,57.1
7110.0,44.53660628194972,44.3,46.9,50.5,52.4,57.1
7111.0,55.29617719054907,55.4,53.4,51.6,52.1,51.2
7112.0,58.686159355738205,59.1,58.2,59.8,55.5,52.9
7113.0,57.00744153965077,57.1,55.3,56.0,57.5,55.2
7114.0,74.8327483783662,75.1,69.8,65.1,67.5,65.9
7115.0,83.5817514072762,83.9,87.7,88.3,82.8,80.3
7201.0,90.79599706198815,90.9,91.3,94.4,97.7,95.6
7202.0,67.29330039786194,67.8,65.4,65.6,61.8,63.7
7203.0,95.34834011324074,95.7,95.0,93.8,93.2,91.8
7204.0,96.69381426500676,97.1,98.0,98.8,96.4,94.4
7205.0,83.59269216510846,84.0,84.3,87.0,84.5,83.8
7206.0,80.6991084245051,81.4,74.2,72.5,71.4,75.5
7207.0,53.01346814521321,53.2,52.3,48.7,45.8,41.9
7301.0,96.08051504640049,96.3,97.4,96.7,96.6,96.3
7302.01,36.79289007447241,36.7,35.3,37.7,40.3,35.6
7302.02,82.8288722150996,82.9,82.1,80.2,82.8,78.7
7303.0,65.72484896202005,65.9,62.8,56.9,57.1,65.4
7304.0,82.74903035135338,83.2,82.1,80.7,77.5,82.1
7305.0,94.84170128008392,95.4,93.1,95.0,93.7,90.3
7306.0,83.80268309165582,84.3,83.4,77.5,71.9,74.2
7307.0,93.464748947244,94.1,89.4,92.3,92.5,90.2
7401.0,93.5276709025987,94.0,91.9,93.3,92.9,91.0
7402.0,93.86986968668631,94.3,93.3,96.9,96.8,98.2
7403.0,84.97671610057989,85.0,86.9,87.6,89.2,89.0
7404.0,78.12363535226329,78.4,78.2,76.1,74.1,72.7
7501.0,78.8818599773638,79.1,76.7,79.0,81.9,81.4
7502.0,62.29623470528248,62.9,60.7,62.5,56.9,60.2
7503.0,69.00625484953781,69.0,69.9,66.8,67.0,68.6
7504.0,81.4771713539144,81.4,85.2,82.5,82.2,82.6
7505.0,57.892734882076454,58.3,57.4,65.4,63.3,64.8
7506.0,85.03465152801193,85.3,82.6,82.0,84.1,84.7
7608.01,1.793471292027348,1.6,0.0,0.0,0.0,0.0
7608.02,55.598281339045705,55.9,53.0,52.6,51.3,56.8
7608.03,3.520822903301149,3.3,4.5,5.6,3.6,5.1
7702.01,28.32110336580618,27.9,29.3,31.3,35.3,32.5
7702.02,56.515074184809905,56.9,53.7,52.0,49.3,44.9
7703.0,65.38206443799022,65.3,66.5,65.6,67.1,69.6
7704.0,57.389779673927215,57.5,57.7,58.4,57.5,60.9
7705.0,9.677245144701978,9.2,9.6,8.8,11.9,10.3
7706.01,97.09812298963107,97.3,98.5,99.3,100.0,97.7
7706.02,41.763490971616065,41.5,39.8,37.3,41.9,39.5
7707.0,29.399756103307652,29.6,25.0,25.3,25.0,24.2
7708.0,51.979914762336215,51.7,56.4,53.7,52.7,53.0
7709.01,72.38368767878272,72.3,74.1,70.8,71.6,70.7
7709.02,55.2685162182111,55.4,52.2,51.2,52.8,49.6
8001.0,99.60456895852754,100.0,98.8,98.9,99.0,98.9
8002.0,90.24752346424933,90.6,89.9,90.9,90.5,85.6
8003.0,73.5575697707692,73.8,75.3,79.8,78.3,78.0
8004.0,89.9973019513871,90.4,89.9,91.7,90.5,92.0
8005.0,87.43117447982726,87.8,87.9,87.5,85.2,85.1
8006.0,95.49480437008194,96.0,93.9,96.0,95.5,94.6
8007.0,91.95066847210151,92.2,93.0,92.9,92.4,93.3
8008.0,56.37030170781877,56.4,53.9,50.7,52.6,50.2
8009.0,90.72317129544766,91.0,93.3,92.3,89.3,89.9
8010.0,69.12402193355607,69.7,65.8,67.6,65.0,66.5
8011.0,86.98270951932794,87.4,86.0,86.3,85.0,85.4
8012.0,61.476314849204044,61.4,59.2,56.1,60.0,60.1
8013.0,62.134736403896206,62.2,60.9,58.8,59.8,57.8
8014.0,97.48325243881968,97.7,97.8,97.2,98.4,98.6
8015.0,65.03236903276404,65.1,68.7,66.3,62.2,61.4
8016.01,59.21830159897075,59.5,57.5,55.5,53.4,56.2
8016.03,29.057124807994914,29.0,27.4,27.7,28.4,29.1
8016.05,68.72288080262194,69.0,68.9,67.4,64.5,66.4
8016.06,67.41289621938446,67.3,71.0,69.4,68.7,70.7
8016.07,55.1690590449188,55.5,54.8,58.2,55.3,54.5
8016.08,53.146401570734774,53.2,54.6,54.7,52.8,57.6
8017.01,96.81867032322859,97.0,98.7,98.4,98.5,98.7
8017.02,76.66570199452055,77.3,74.6,76.0,71.8,70.9
8018.0,85.63112589530843,86.1,85.1,84.0,80.8,82.4
8019.01,27.76699317815148,27.7,26.5,21.8,20.4,20.8
8019.02,90.18404616869346,90.3,92.9,94.6,94.8,95.7
8020.02,90.6626117038846,90.9,91.3,92.4,92.8,93.9
8020.03,85.81993382783985,86.2,82.5,83.2,85.0,87.2
8020.04,15.468142194781127,15.4,15.4,14.4,11.7,10.7
8021.0,87.4870600960193,87.7,88.0,87.1,87.0,88.0
8022.0,58.83497399129045,58.5,60.8,57.2,60.1,59.8
8023.0,30.361246639159763,30.3,28.4,24.5,24.3,26.8
8024.02,29.00979180843572,28.9,27.2,26.4,27.7,30.6
8024.03,8.983258796628169,9.2,4.9,5.0,1.9,6.4
8024.04,6.105384921809656,5.9,5.9,6.4,5.5,6.1
8025.03,34.63174662747281,34.8,33.2,30.1,26.5,28.7
8025.04,92.57792074458803,92.8,92.8,91.3,91.7,91.7
8025.05,13.479995159684519,13.4,12.5,13.4,12.3,15.0
8025.06,63.330310978752564,63.2,67.6,69.8,69.5,74.3
8026.05,50.09021490632324,50.0,50.9,51.6,52.5,54.0
8026.07,96.29842696115425,96.5,98.5,100.0,100.0,100.0
8026.08,30.945226468139168,30.8,28.8,31.5,35.1,33.4
8026.09,3.2716720349362403,2.6,5.0,4.5,8.1,4.7
8026.1,95.8705434104119,96.1,93.7,92.2,95.4,95.2
8027.01,66.60591435369685,66.7,65.8,69.7,72.3,66.8
8027.02,71.97530546245491,72.1,71.0,69.1,70.0,70.3
8028.01,73.2519771074143,73.4,76.7,76.5,73.0,74.8
8028.02,85.08460117984376,85.5,83.7,84.7,83.9,80.5
8029.0,93.45170529503977,93.8,95.0,96.4,94.5,93.8
8030.05,55.059094816984874,55.5,53.9,56.9,53.0,54.3
8030.07,58.810130951012695,59.1,58.3,61.5,59.7,63.9
8030.08,79.89726830994375,80.2,77.2,76.7,78.0,78.3
8030.1,72.41635696747802,72.8,72.9,69.9,64.9,63.2
8030.12,25.17575725057164,25.2,23.5,20.4,18.3,23.8
8030.13,45.87190138323206,46.2,41.6,45.7,46.3,47.1
8030.14,37.787663541654396,38.1,37.4,42.6,38.8,39.3
8030.15,53.767983256240555,53.9,53.0,52.4,51.5,48.4
8030.16,38.28335291201158,38.2,39.3,39.6,38.8,40.5
8030.17,42.40374212755421,42.4,43.0,40.5,38.4,39.7
8031.0,92.03499302202515,92.5,91.2,91.7,90.1,87.4
8032.0,66.06659225342113,66.1,66.7,64.9,64.9,66.6
8033.0,33.35225559763653,33.3,32.2,32.7,33.3,34.3
8034.0,75.99287657089312,76.4,73.3,72.0,71.0,73.1
8035.0,68.88360114147109,68.6,70.7,69.7,73.9,71.7
8036.03,81.55698352686181,81.7,84.3,83.5,81.5,82.9
8036.04,56.588883834005095,56.7,57.3,57.2,55.5,57.1
8036.05,54.97108848651956,54.8,55.9,56.5,59.0,60.2
8036.06,3.918501240342917,3.5,4.6,2.7,3.1,2.3
8036.07,93.6027353472789,93.8,94.5,93.1,93.3,90.8
8036.08,41.22325948880456,41.0,42.6,40.0,40.3,38.9
8036.1,24.129785301535687,24.1,23.8,23.7,21.9,21.1
8036.11,18.152963914195276,18.0,16.2,12.5,12.5,14.8
8036.12,13.047770801732215,13.0,11.3,15.2,15.4,15.9
8037.01,20.11648262661668,19.9,20.3,22.8,23.8,24.1
8037.02,55.98707558885321,56.7,52.0,56.1,51.5,52.9
8038.0,83.30927886460708,84.0,80.3,81.3,77.8,81.3
8039.01,22.222934230111605,22.1,21.7,24.4,25.0,26.7
8039.02,98.39082801110953,98.7,98.8,98.3,98.1,98.3
8040.0,80.37099068727693,80.6,80.6,77.9,76.5,75.3
8041.02,76.84253214813471,77.2,74.7,73.5,72.8,72.1
8041.04,78.083591842537,78.6,75.7,75.0,72.4,74.0
8041.05,99.2134120096387,99.5,100.0,100.0,100.0,99.5
8041.06,53.30934718598445,53.2,53.8,53.1,54.5,54.6
8041.08,5.583070705160899,5.4,5.0,4.6,3.4,4.8
8041.09,65.15148358313104,64.8,67.0,62.1,65.6,66.6
8042.01,89.42714259925603,89.8,89.3,91.0,90.2,91.4
8042.02,88.36574441034634,88.8,87.4,88.1,86.8,83.7
8043.05,66.87910498970818,66.9,67.6,68.2,69.2,68.9
8043.06,97.7141719217087,98.0,97.9,97.9,98.4,98.4
8043.08,22.268921272498268,22.4,22.6,26.6,22.8,23.2
8043.09,85.58868041369279,85.5,85.6,83.8,88.4,87.2
8043.1,70.39528557296782,70.2,72.8,72.8,75.5,77.2
8043.11,76.30261364568211,76.4,74.4,77.0,81.3,76.9
8044.03,57.4856386623522,57.4,58.4,55.3,55.5,51.7
8044.04,89.58410587635085,89.9,86.9,87.0,89.3,87.1
8044.05,22.658037076751718,21.9,28.3,28.5,31.5,27.0
8044.06,53.54582400660035,53.6,51.1,53.2,56.2,59.5
8045.05,39.057628696075,39.1,38.3,37.3,36.1,37.2
8045.06,77.81048435410895,78.2,77.2,77.0,74.6,72.4
8045.07,46.82748324130793,46.9,45.3,43.2,42.8,45.2
8045.08,7.541546526414508,7.3,6.7,3.1,2.2,0.0
8045.09,80.64464007800892,81.1,80.2,80.0,76.7,73.7
8045.1,68.99567583093368,68.9,67.7,69.8,75.5,71.3
8045.11,28.41547899237458,27.6,33.9,35.1,40.1,36.9
8046.03,11.064649827073946,10.9,11.0,10.8,9.4,9.1
8046.06,78.4461340019457,78.4,82.4,81.6,80.9,79.7
8046.07,63.902057864517644,63.8,66.0,64.8,65.3,66.5
8046.08,32.82803531126021,32.5,33.0,30.0,32.2,32.3
8046.09,31.455160439956618,31.2,30.6,27.8,29.9,23.7
8046.1,15.091374799970769,14.6,17.4,13.0,13.1,9.1
8046.11,48.60396102704461,48.7,50.1,51.9,49.4,52.0
8047.01,10.622169124777471,10.2,13.8,10.2,8.1,10.9
8047.05,31.556539582591583,31.7,28.9,29.4,28.4,30.9
8047.06,95.56445136037267,95.8,97.3,99.1,99.1,97.5
8047.09,35.97487231943223,36.2,34.5,35.5,32.6,35.1
8047.1,77.03180586307833,77.4,76.8,75.3,72.3,71.4
8047.11,25.64596156998131,25.6,25.1,29.0,29.2,28.3
8047.12,65.21896199669962,65.2,69.0,71.2,69.9,67.6
8047.13,24.099279147772783,23.8,24.4,26.1,28.4,25.2
8047.14,68.88094134021864,68.5,67.7,68.1,77.5,75.0
8047.15,20.857401036734345,20.4,20.7,17.4,20.6,22.1
8047.16,52.049095206056485,52.0,50.2,52.3,56.1,47.7
8048.03,53.10055003212444,53.1,54.1,56.2,56.3,55.6
8048.04,42.9336464207295,43.0,43.9,40.3,36.4,37.9
8048.05,79.42291611257427,79.7,79.6,80.1,79.0,78.6
8048.06,59.72494876458601,60.0,63.7,60.4,51.9,54.9
8048.07,69.44342545681785,69.7,70.3,74.5,73.2,71.1
8048.08,98.60079450223529,98.9,98.9,99.3,99.7,100.0
8048.09,88.88805821726683,89.4,89.4,90.2,86.2,81.8
8048.1,52.124708636030505,52.1,53.7,52.7,51.4,51.9
8049.01,69.41665250753177,69.7,69.5,71.6,70.0,69.1
8049.02,89.03402250853456,89.6,84.6,81.6,80.8,84.1
8050.01,90.22969210325343,90.4,90.9,88.3,88.4,87.4
8050.02,21.897287762525835,21.8,21.4,22.8,22.5,24.1
8051.05,19.356336889992814,19.1,19.6,16.0,15.4,17.1
8051.06,38.34838057568132,37.9,40.1,40.8,45.0,41.2
8051.07,4.105908157223505,3.8,4.5,4.7,4.4,6.2
8051.08,24.03811745170815,24.3,20.6,23.1,21.0,22.9
8051.09,81.98392472195168,82.3,82.0,81.8,80.3,78.1
8051.1,45.127705913824514,44.9,45.6,45.8,48.5,42.9
8051.11,28.549424332235084,28.5,26.8,22.9,22.1,21.6
8051.12,49.76231865362028,49.9,55.7,61.6,55.2,60.1
8052.01,93.24205130010614,93.4,93.3,91.1,92.5,92.5
8052.02,71.34220160237626,71.3,72.2,73.4,75.9,76.4
8053.01,77.53441517296801,77.5,76.0,72.5,76.5,73.3
8053.02,98.08379556268511,98.4,98.2,96.6,96.2,97.1
8054.01,81.9251677552777,82.1,81.7,80.8,81.5,81.5
8054.02,83.25533970839535,83.7,85.5,87.8,82.9,82.4
8055.01,53.7974512330287,53.7,53.5,50.7,52.1,50.8
8055.02,81.87772145116637,81.8,84.4,80.7,81.4,82.8
8056.0,93.90796865648028,94.3,93.6,90.1,87.9,88.6
8057.01,62.01961935393431,62.2,60.2,63.0,64.5,63.9
8057.02,80.5108602500165,80.8,82.3,83.4,80.7,86.0
8058.01,73.46827050990385,73.5,73.7,72.1,73.4,74.1
8058.02,71.54397115926034,71.5,72.7,74.7,77.2,75.9
8059.01,39.339957446950486,39.1,41.9,40.8,40.4,42.2
8059.02,80.91511229418498,81.1,81.0,79.2,79.0,80.5
8060.01,11.986157875997439,11.6,11.5,9.9,12.0,13.0
8060.02,15.795897893567245,15.6,14.0,13.1,14.3,11.2
8060.03,10.234882150545868,9.9,10.5,11.5,12.7,13.6
8060.04,28.89591611606162,28.6,32.1,34.0,33.7,28.5
8061.02,66.59794827838368,66.6,65.5,63.7,66.1,66.9
8061.03,87.1238021730447,87.3,88.9,86.9,85.6,86.3
8061.04,12.890755540953357,12.4,15.7,13.0,12.9,9.5
8062.01,9.543100072675173,9.2,10.4,8.4,8.0,9.1
8062.02,22.11546063787867,21.9,22.7,20.6,19.8,20.8
8063.0,92.40425266729223,92.5,93.6,93.6,95.4,96.0
8064.0,92.07584692459187,92.4,93.5,90.3,87.2,87.6
8065.01,48.50204922768173,49.2,46.6,54.5,48.4,47.4
8065.02,70.70640616324229,70.8,74.1,73.8,70.9,66.2
8066.0,79.5151092381517,79.9,76.2,77.9,79.3,79.2
8067.0,86.59186829144606,86.9,86.1,88.4,88.9,89.5
8068.01,50.96017184665556,51.1,47.0,44.3,45.7,45.5
8068.02,54.10996428400716,54.7,49.2,59.2,59.3,59.7
8069.0,32.710363415204085,32.7,30.1,33.1,35.4,36.8
8070.0,24.391486976658236,23.7,26.1,19.6,23.7,24.0
8071.0,85.27411725348617,85.7,82.3,78.4,77.5,79.4
8072.0,83.70090437263194,84.2,84.5,83.1,77.7,74.8
8073.0,30.554866455053304,30.5,29.7,31.0,31.3,31.2
8074.0,49.464685652106816,50.0,42.6,43.3,42.7,42.6
8075.0,88.40078116933331,88.4,89.4,86.5,88.6,90.4
8076.0,83.00583345570969,83.1,85.2,79.7,77.6,82.0
8077.0,37.98934790117033,38.3,39.0,42.3,36.4,37.2
8078.0,90.8947178764711,91.2,91.0,90.2,89.5,90.4
8079.0,83.10024917339915,83.0,83.7,84.0,88.6,87.6
8080.01,81.17786131627625,81.6,77.4,74.7,74.7,72.4
8080.02,71.90190776637846,72.1,70.6,67.5,67.2,65.8
8081.0,28.1040826989192,27.9,29.1,30.8,31.3,30.7
8082.0,68.94735926707399,69.1,69.2,67.5,66.4,64.8
8083.01,42.05007225753916,42.0,40.7,37.7,38.2,38.8
8083.02,59.19293372874712,58.9,59.2,62.4,69.1,70.0
8084.0,94.2001964292522,94.5,96.2,96.0,93.9,92.2
8085.0,98.30797895781535,98.6,98.9,99.4,99.6,99.7
8086.0,95.2884475455147,95.5,94.6,94.5,96.8,97.4
8087.02,13.897355011152163,13.6,13.0,11.2,12.5,12.6
8088.0,59.62449421323871,59.6,59.7,59.9,61.4,59.3
8089.0,57.13399767296178,57.0,59.6,59.9,60.3,63.7
8090.0,72.26759414636666,72.1,73.8,67.9,69.3,68.2
8091.0,46.603498776966454,46.4,46.2,48.4,52.5,54.2
8092.0,39.95365437825721,39.3,46.5,48.1,50.8,49.7
8093.0,19.2435120663292,19.1,17.5,17.5,18.5,20.3
8094.0,7.447921145704963,7.3,6.6,5.8,4.4,4.0
8095.0,9.462123427333434,9.3,8.1,10.0,10.5,13.8
8096.0,42.80431727519271,42.4,45.8,49.3,52.9,59.8
8097.0,48.62331770576787,48.7,49.3,48.8,46.7,48.1
8098.0,38.7347818747163,38.3,38.1,34.7,39.9,37.9
8099.0,21.541989950544988,21.7,21.2,25.7,22.3,27.7
8100.0,9.527822458325534,9.5,9.4,10.7,7.6,9.6
8101.0,16.981067218563915,16.6,17.1,16.4,18.6,18.6
8102.0,9.680138283536316,8.9,13.1,12.8,17.0,15.2
8103.01,56.9630408761519,57.1,55.1,54.4,54.9,55.0
8103.02,45.9140493720886,46.1,45.7,47.9,45.7,48.5
8104.0,88.44461620404881,88.7,89.0,88.4,87.8,85.9
8105.01,91.33707418417349,91.5,92.8,93.5,94.1,91.6
8105.02,59.551342492325126,59.3,62.1,60.4,62.1,64.6
8106.0,44.43976684123777,44.2,47.9,47.2,46.5,46.7
8107.01,29.698875224261222,29.7,28.2,29.1,29.0,32.8
8107.02,31.623366777215914,32.2,24.5,29.7,28.4,23.5
8108.0,83.73529869208062,84.0,83.1,81.2,80.8,82.9
8109.0,42.780667187002294,42.7,43.8,45.2,45.2,44.2
8110.0,80.87658623695893,81.1,80.9,79.2,78.5,77.7
8111.0,31.97548661432454,31.6,34.8,32.4,32.6,29.8
8112.0,76.45522970430005,76.8,75.5,77.3,76.5,77.7
8113.01,80.6604849611985,80.8,78.5,78.8,82.4,83.8
8113.02,41.49160545663822,41.1,45.2,43.4,44.1,44.0
8114.01,69.63306668921258,69.7,69.2,67.4,68.4,66.1
8114.02,81.86051560508425,81.8,81.6,79.9,84.0,78.4
8115.0,86.07521394424508,86.0,87.4,85.8,88.9,88.4
8116.0,35.9214156072013,35.8,37.2,38.5,38.1,39.4
8117.01,62.43138628699545,63.1,60.8,65.4,59.8,62.0
8117.02,54.568261148405554,54.6,55.5,53.4,51.8,51.0
8118.0,85.69006863380416,86.0,86.4,85.5,83.5,79.9
8119.0,72.84287478411747,73.5,69.8,71.8,68.1,65.7
8120.0,63.581641551100866,63.5,66.6,66.1,65.5,62.2
8121.0,74.85424727948552,75.3,69.4,70.9,73.1,73.9
8122.0,87.20049901483385,87.4,87.7,88.0,88.5,88.1
8123.01,5.152853363898762,4.9,3.3,3.2,4.5,3.9
8123.02,49.72469208085358,49.3,52.3,52.0,55.8,53.9
8124.0,80.58071998264577,81.2,80.9,85.3,80.2,83.6
8125.0,25.66361975837366,25.5,24.5,25.5,27.2,27.0
8126.0,18.913230430010394,18.7,19.6,19.5,18.9,19.6
8127.0,19.171824752003133,18.8,19.9,19.4,21.1,22.0
8128.01,5.6339468311091245,5.5,3.7,3.9,3.6,4.1
8128.02,18.04186889478243,18.1,19.5,22.1,17.3,16.4
8129.0,62.52761797495366,62.8,61.7,59.6,57.0,57.0
8130.0,61.12108676498827,61.2,62.0,63.1,62.6,62.8
8131.0,56.75322334583996,57.0,55.5,56.2,54.8,55.7
8132.0,58.426278122880795,58.1,61.1,63.5,67.5,65.5
8133.01,18.43844249660094,17.7,25.3,23.6,23.9,17.2
8133.02,11.019369919929133,11.0,13.4,20.2,16.3,17.8
8134.0,43.35145164431887,43.6,41.7,48.0,47.5,47.8
8135.0,40.56934759072439,40.2,45.8,45.4,44.5,42.9
8136.0,34.95252818492396,34.8,33.9,32.6,34.2,36.0
8137.01,17.336260057389786,17.5,10.9,7.7,7.7,9.3
8137.02,14.878476047223247,14.3,16.9,17.7,21.2,23.1
8138.01,18.366191546916802,18.3,16.2,16.3,16.5,13.5
8138.02,18.80261462976349,18.5,19.9,20.3,20.8,22.9
8139.0,41.70821139368265,41.7,41.5,40.0,39.1,36.1
8140.0,49.80692482644721,49.6,51.0,52.1,54.5,51.8
8141.0,19.485136565171477,18.7,24.6,21.7,24.3,20.0
8142.0,27.748046867788688,27.6,26.7,24.6,25.1,23.0
8143.0,45.9815930763581,46.2,45.5,48.9,46.9,46.1
8144.0,57.406211604030595,57.8,63.0,67.7,58.1,58.5
8145.0,74.75528718224153,75.2,74.5,77.7,74.9,73.5
8146.0,58.694961115989244,59.2,54.9,54.9,52.2,50.5
8147.0,45.005842767513116,45.0,45.8,44.5,42.9,39.0
8148.0,57.559685563746086,57.9,55.8,54.2,51.2,51.9
8149.0,11.01781951345247,10.9,8.7,10.0,10.8,8.6
8150.0,43.20727556950459,43.3,43.1,38.4,34.9,32.6
8151.0,65.36289895488171,65.3,64.7,56.4,57.0,52.1
8152.0,56.344527402991744,56.6,56.2,57.1,54.4,54.2
8153.0,68.91508025480286,69.0,69.7,77.5,80.1,79.3
8154.0,54.926806644944676,54.9,55.5,54.2,54.2,52.9
8155.0,72.09348162920705,71.9,75.6,70.4,70.3,66.4
8156.0,68.42144772223371,68.4,69.2,71.7,74.1,72.0
8157.01,84.37393336746041,84.6,84.7,83.0,82.3,81.2
8157.02,60.685123946038466,60.5,59.2,58.6,64.1,60.6
8158.0,62.25317379292586,62.6,65.4,76.1,72.4,73.5
8159.0,7.60111313976745,7.1,7.5,5.0,7.7,8.1
8160.0,23.504344823932215,23.8,20.9,24.5,21.3,19.5
8161.0,37.70013451145055,38.0,34.4,37.8,36.7,37.9
8162.0,59.171334626826706,59.6,57.7,57.3,53.2,54.0
8163.0,47.41163212303746,47.0,46.3,43.6,50.1,52.7
8164.01,34.50406711981891,34.4,31.1,25.3,27.1,22.6
8164.02,30.86028674718219,30.0,33.4,32.8,41.3,36.0
8165.0,30.081290206511877,30.2,33.2,34.8,28.2,33.5
8166.0,42.139548510820305,41.9,40.3,37.4,41.4,38.2
8167.0,61.587920161135315,61.4,66.6,67.0,66.0,68.6
8168.0,74.12792790481195,74.1,78.3,77.7,76.1,78.0
8169.0,90.07660195119212,90.7,89.7,92.4,88.4,90.3
8170.0,82.85310099860516,83.4,80.1,80.8,79.1,78.1
8171.01,45.11036340921983,45.0,45.3,47.6,49.5,50.5
8171.02,81.03530858023478,81.2,79.2,74.2,75.3,73.7
8172.0,53.32070938528361,53.7,56.1,57.8,50.0,50.3
8173.0,51.316848122837825,51.4,50.1,47.2,46.5,51.9
8174.0,62.7085803132927,62.8,62.0,61.4,62.0,57.6
8175.0,34.323586536802225,34.1,36.6,36.6,36.1,40.2
8176.0,65.29543651536677,65.2,64.9,60.4,62.5,63.1
8177.0,94.1901219794145,94.3,95.2,95.0,96.9,97.1
8179.0,58.931085348148464,58.9,58.8,56.2,57.0,56.7
8180.0,65.13692538603073,65.4,64.5,70.9,71.4,68.7
8181.0,89.88643024068159,90.0,86.2,85.6,91.9,92.2
8182.0,78.61111080845599,78.5,80.4,77.4,79.3,78.7
8183.0,75.27199891769703,75.8,73.4,76.3,73.9,76.2
8184.01,78.64819029683662,79.0,79.3,76.7,72.8,76.0
8184.02,67.59782948048685,67.8,69.1,69.9,67.4,68.1
8185.0,68.72467086436862,68.8,67.9,72.0,75.2,73.3
8186.0,68.201036746803,67.8,69.2,64.6,70.2,66.9
8187.0,68.41419586400876,68.2,70.9,71.2,74.0,73.0
8188.0,72.5566741565335,72.4,73.2,75.2,80.1,80.3
8189.0,47.17978342652753,47.2,47.7,48.7,48.0,49.8
8190.0,78.00964834876233,78.5,75.1,75.4,74.1,76.1
8191.0,44.17127554713341,44.1,44.2,46.0,47.2,47.9
8192.0,67.0492679447319,67.2,66.8,64.6,63.7,68.0
8193.0,72.65270027880413,72.8,72.5,69.9,69.4,71.1
8194.0,49.25240641379568,49.3,50.7,57.3,57.3,56.2
8195.0,27.23106457287156,27.2,26.8,23.6,21.2,20.4
8196.0,93.11562509790132,93.4,93.8,92.9,92.1,90.9
8197.0,93.44941741108332,93.7,94.2,95.4,95.8,96.1
8198.01,94.21201771741823,94.5,94.5,96.0,96.5,94.6
8198.02,99.12049165688313,99.4,100.0,100.0,100.0,98.8
8199.0,87.74035578554657,87.9,88.9,89.6,90.2,91.4
8200.0,99.1059289674204,99.4,99.4,99.1,99.4,100.0
8201.01,55.129778361129304,55.2,51.5,50.1,53.1,48.5
8201.03,57.958284112514434,58.3,52.6,53.4,55.1,56.7
8201.04,51.59708670943986,51.7,50.9,53.4,53.7,52.0
8202.01,57.42681718721454,57.3,58.3,59.1,61.3,62.1
8202.02,38.66363851362253,39.0,38.3,44.4,40.6,38.8
8203.0,45.166042974413955,45.0,44.2,40.0,41.8,38.6
8204.0,43.269538869556435,42.8,47.0,45.0,47.0,44.2
8205.01,80.42216743713804,80.5,81.4,77.7,77.5,81.6
8205.02,59.882482498116325,60.3,59.3,60.1,55.7,57.8
8206.03,41.24162270515089,40.8,42.1,33.8,36.1,33.4
8206.04,25.05419448646223,24.8,32.8,38.6,33.7,26.1
8206.05,17.57547829844267,17.5,17.2,16.6,14.7,16.7
8206.06,52.284378907628934,52.3,54.7,55.2,52.9,52.6
8207.0,75.61157115257912,76.2,73.6,79.0,76.7,74.1
8208.0,88.31826800456444,88.5,89.2,87.2,86.9,89.7
8209.01,68.23510034181174,68.5,65.9,64.0,63.8,59.7
8209.02,79.41435438124574,79.9,77.4,79.0,77.4,80.3
8210.01,75.95527501243718,76.1,74.8,72.9,74.1,75.4
8210.02,92.02248806538904,92.5,90.5,89.4,87.8,87.1
8211.01,84.58088034981142,84.5,89.9,87.0,85.3,86.3
8211.02,84.09939955100033,84.2,84.3,85.7,88.1,88.0
8212.0,45.98986633604439,45.7,48.3,41.5,40.9,39.1
8213.0,35.06554114854836,34.9,39.9,34.8,29.0,31.3
8214.01,55.79998431960226,55.6,65.0,62.8,56.0,52.9
8214.02,71.66829198843979,71.6,73.2,67.0,66.7,62.6
8215.0,26.70306593969558,27.0,25.3,25.0,19.5,19.5
8216.0,86.82097953955659,87.0,89.1,89.5,88.4,90.6
8217.0,84.41322786165611,85.1,80.5,79.3,76.2,75.3
8218.0,75.9730504954983,76.5,77.8,78.0,70.8,73.5
8219.0,92.54554734581453,92.7,92.5,91.5,93.4,93.8
8220.0,9.011096053583216,9.0,5.7,6.1,5.8,6.6
8221.01,80.30266117446568,80.5,79.2,79.7,81.3,79.6
8221.02,41.520401712817545,41.6,40.3,42.6,42.7,39.9
8222.0,89.10426919911205,89.1,88.2,84.5,88.5,89.1
8223.01,84.55702672649572,84.6,87.7,87.1,86.6,86.1
8223.02,62.368215560531574,62.8,60.6,64.6,62.6,63.8
8224.0,53.04860797652968,53.3,51.8,52.1,50.1,51.4
8225.0,77.62151407702129,77.4,77.7,78.7,85.4,84.8
8226.01,90.08638485344984,90.4,90.0,90.4,90.1,88.7
8226.02,42.17094757164679,42.3,44.0,47.1,43.5,42.6
8227.01,43.84614678814087,44.1,39.0,40.0,41.1,45.7
8227.02,53.930647631714926,53.8,51.8,49.6,53.7,52.1
8228.01,44.44967769819413,44.4,43.4,42.1,43.1,41.7
8228.02,88.19924772789844,88.1,91.2,90.5,92.7,92.4
8229.0,75.20487825658824,75.7,75.1,77.4,73.4,76.3
8230.01,22.57855484608925,22.4,20.6,19.0,20.6,19.2
8230.02,59.47231897916405,60.1,52.4,51.8,50.6,48.3
8231.01,54.39918030157365,54.6,55.3,53.2,49.0,47.5
8231.02,71.53419848922529,71.5,72.0,70.5,72.4,71.6
8232.0,58.214327949895036,58.1,55.2,56.4,62.8,62.8
8233.02,30.130750236650726,30.0,29.6,28.6,28.9,25.0
8233.03,67.4416469042902,67.7,69.3,70.3,66.6,65.9
8233.04,51.21293599804311,51.2,53.6,55.1,53.5,52.1
8234.0,46.51465588574719,46.3,47.5,48.9,51.4,52.9
8235.0,56.68335649414507,57.1,58.4,57.7,50.0,46.1
8236.02,47.1661024605076,47.5,46.8,48.1,43.6,45.3
8236.03,74.9735867638857,75.0,80.1,75.9,71.3,71.8
8236.04,81.31878372413387,81.5,81.7,82.9,83.5,82.4
8236.05,73.18887053498412,73.5,70.3,68.7,69.0,67.2
8237.02,44.821555188842886,44.9,44.7,44.4,42.8,43.3
8237.03,31.916897228443723,31.8,31.8,31.6,31.7,29.5
8237.04,95.84259644622857,96.2,95.4,94.6,94.2,96.8
8237.05,64.25966933786273,64.5,63.2,62.2,60.9,60.6
8238.01,63.890533695458224,63.9,62.9,63.2,65.8,69.0
8238.03,57.37015051569436,57.9,54.4,60.9,59.0,58.6
8238.05,8.04837795353177,7.6,9.7,10.0,11.0,11.1
8238.06,40.00676334776263,39.9,40.9,45.1,46.3,43.1
8239.01,62.47006918825916,62.1,64.8,66.7,72.0,71.5
8239.03,76.37165497136674,76.7,76.2,77.4,75.8,74.2
8239.04,59.87280369205401,59.7,60.0,55.3,57.4,54.6
8240.03,83.23294133975219,83.8,81.2,83.8,81.7,79.6
8240.04,59.99071263581721,59.9,63.5,67.6,67.8,70.7
8240.05,83.96481641315731,84.0,86.4,88.1,89.2,89.3
8240.06,76.17472102432424,76.2,79.1,79.0,78.3,78.1
8241.05,73.09465967518354,73.1,75.0,72.6,72.2,73.2
8241.06,65.76856319946529,65.9,66.6,63.8,61.7,65.8
8241.07,65.26460396142674,65.3,68.3,65.6,62.6,68.0
8241.08,72.01764090040903,72.0,72.6,75.9,79.1,79.5
8241.13,88.67124468168547,89.0,87.9,85.2,84.2,82.3
8241.14,68.81066568578134,69.0,68.3,65.9,64.8,62.0
8241.15,48.779995736035296,48.7,48.0,41.6,41.5,37.2
8241.16,36.7488704429652,36.7,39.6,39.5,35.9,33.3
8241.17,68.79607844923912,68.9,69.3,67.4,66.7,66.4
8241.19,60.546364282525246,60.5,62.1,60.1,59.7,62.7
8241.2,51.32155702638804,51.4,49.2,49.7,51.2,50.2
8241.21,64.46105667078962,65.0,62.3,63.7,59.8,55.5
8241.22,67.27905931928694,67.6,65.5,63.2,61.3,65.0
8241.23,67.87846171637771,67.9,68.9,68.7,69.2,68.3
8243.0,68.6187670063904,68.8,68.8,67.1,65.6,63.5
8244.0,60.53003378469479,60.4,57.6,54.4,59.7,61.4
8245.03,47.32673208461678,47.2,47.0,48.3,50.9,51.3
8245.05,58.40710244476893,58.4,59.5,63.2,64.4,66.8
8245.06,59.30928544503847,59.4,59.0,59.5,59.7,55.3
8245.07,47.75407926850601,47.8,46.5,47.3,48.1,49.7
8246.01,73.7456816783845,74.0,75.5,76.4,73.5,74.8
8246.02,58.852943185838946,58.6,62.2,61.4,62.5,62.2
8247.01,78.67755650606212,78.7,79.7,77.1,77.9,77.2
8247.02,81.46189530518276,82.0,81.3,80.8,75.9,78.8
8248.0,71.73231124265916,71.6,77.8,78.0,76.0,75.0
8249.0,95.6350430350309,95.9,96.2,96.5,96.8,96.4
8250.0,60.94185301865068,61.3,62.4,62.5,56.7,52.9
8252.0,95.11647001888416,95.3,97.8,98.6,98.0,98.7
8253.02,62.99386794179451,62.8,66.7,65.8,66.0,65.0
8253.03,55.79914347066127,56.0,58.3,62.3,58.6,57.7
8253.04,54.78108515932324,54.6,55.5,57.1,60.3,61.9
8254.0,48.87611354137948,48.8,45.9,48.6,53.9,55.2
8255.01,76.3100563461531,76.3,77.7,76.1,77.1,77.4
8255.03,83.38244283137011,83.4,86.9,86.1,85.4,85.7
8255.04,86.82880804216832,87.1,86.7,82.8,81.4,78.5
8255.05,87.02810791310701,87.5,84.1,81.9,81.0,80.9
8256.0,97.99219977039888,98.2,100.0,98.0,97.1,97.4
8257.0,65.65947918465443,66.3,61.2,64.3,62.0,62.4
8258.01,23.45913613458843,23.4,22.7,26.0,26.2,24.3
8258.02,59.03692980530658,59.0,61.9,66.7,66.9,64.7
8258.03,51.90385089095969,51.9,52.7,47.9,45.8,47.6
8259.0,67.84483348489994,67.8,69.8,71.6,72.8,71.7
8260.0,54.27750812724512,54.8,53.0,53.4,47.4,46.1
8261.0,72.11272153579114,72.0,70.6,69.1,74.4,71.9
8262.01,18.551750640143684,18.5,16.7,18.1,18.2,17.7
8262.02,86.10705185312503,86.4,87.8,89.4,87.5,86.0
8263.01,87.36710939348312,87.8,86.8,89.3,88.1,87.5
8263.03,96.1611475463406,96.5,96.4,97.4,97.2,97.4
8263.04,55.2573247320024,55.1,55.0,51.8,54.1,52.4
8264.01,71.5035438227396,71.7,71.9,75.1,75.1,72.3
8264.02,96.07075946794605,96.3,96.2,96.6,98.0,100.0
8265.0,84.2154783588313,84.1,86.9,85.1,87.1,86.9
8266.0,64.93508446132502,65.0,64.3,64.1,65.4,69.0
8267.0,51.647551571989034,51.4,51.7,45.6,47.6,44.8
8268.0,49.587973486393665,49.6,47.6,42.5,42.8,42.5
8269.01,75.6187511779559,75.9,80.4,76.8,68.9,72.3
8269.02,75.13806410927315,75.2,80.7,76.5,70.9,72.4
8270.0,76.99471849033034,77.3,73.4,74.9,77.5,79.4
8271.0,59.641519860169225,60.2,57.1,58.2,53.8,54.1
8272.0,81.67968243369316,82.3,81.2,81.9,76.5,76.8
8273.0,51.07773843418474,50.3,56.7,51.6,56.1,53.3
8274.0,60.05013897418348,60.1,60.5,61.9,62.3,60.5
8275.0,78.41439316385657,78.7,78.3,77.4,75.9,72.7
8276.0,95.03714347751311,95.1,96.9,96.7,98.5,99.1
8277.0,79.83223949038427,80.1,78.2,79.2,80.4,81.9
8278.01,89.12039569572941,89.5,87.1,84.1,83.6,79.7
8278.02,99.1876083481591,99.5,99.6,99.6,99.6,99.0
8278.04,96.11469826471077,96.5,98.6,100.0,96.8,95.7
8278.05,98.30402980540768,98.6,98.8,98.0,97.8,96.9
8279.01,98.42573135446781,99.0,96.9,99.4,98.2,98.3
8279.02,63.049507993695485,63.6,64.0,65.6,58.1,59.6
8280.0,73.15264628483985,73.0,76.5,79.1,81.3,80.1
8281.0,73.08948068409855,73.1,73.2,73.9,76.4,75.7
8282.01,70.11879651826499,70.8,65.2,63.5,59.9,60.7
8282.02,55.85561449150579,56.3,54.0,55.3,51.6,50.2
8283.0,69.15208773880363,69.3,70.6,72.4,71.3,68.0
8284.01,72.4602256819654,72.1,78.8,77.5,78.3,82.0
8284.02,51.06555398898845,50.8,52.5,51.6,54.1,51.5
8285.03,72.09365521153886,72.1,74.1,76.2,77.1,72.2
8285.04,86.977708732908,87.0,86.9,86.5,90.1,91.8
8285.05,84.82124768511189,85.2,82.6,82.9,83.3,82.2
8285.06,49.68496459020469,49.4,48.2,43.5,48.0,46.6
8286.01,83.42420266802586,83.1,86.9,85.7,90.2,89.3
8286.02,88.51101875267514,88.9,86.2,87.9,89.1,92.3
8287.01,68.87205324593226,69.1,68.1,72.5,73.4,69.6
8287.02,73.85556831332624,74.1,75.6,80.4,79.0,81.8
8288.01,94.36656593923865,94.5,95.2,93.4,94.6,91.5
8288.02,95.88885839041865,96.2,95.1,95.5,96.6,98.0
8289.0,59.47653667846776,59.7,57.7,57.2,56.6,54.0
8290.0,45.945696717570435,45.6,46.4,47.1,51.9,51.7
8291.0,42.70429240304843,42.3,44.4,45.0,49.0,50.1
8292.0,70.82641593130886,70.7,72.0,71.7,74.6,71.7
8293.01,88.55412454764695,89.1,86.6,89.2,87.9,85.7
8293.02,51.79181979742444,51.5,56.5,50.4,48.1,43.5
8294.01,91.41158090251672,91.6,92.4,89.5,89.0,90.5
8294.02,21.547813318151764,21.0,21.5,15.1,18.6,21.2
8295.0,74.58775226760287,75.1,74.0,72.8,67.8,65.4
8296.0,82.80593753710639,83.5,80.1,80.6,76.5,78.3
8297.0,78.0686746445696,78.1,78.6,77.1,78.6,74.7
8298.0,75.7286501321244,75.9,75.5,78.4,79.8,78.6
8299.01,51.435847915835986,51.3,54.7,58.9,59.2,56.5
8299.02,53.205272251689166,53.5,50.9,54.2,53.7,54.2
8300.01,11.816103436236526,11.7,12.9,13.6,10.6,9.5
8300.03,86.55643572058408,86.6,89.0,85.6,85.1,80.4
8300.04,82.14775681271425,82.4,77.6,76.5,80.6,84.4
8300.05,76.93305453719653,77.2,77.3,79.0,78.0,75.9
8300.06,64.92980044178678,65.4,63.2,62.1,58.0,57.2
8300.07,53.23036838733891,52.8,55.8,51.2,54.0,57.6
8300.08,88.7955279909148,89.0,88.4,85.9,86.5,86.2
8301.0,96.39949116501951,96.8,95.9,97.3,97.1,98.0
8302.01,42.17182409492847,42.2,47.2,46.4,39.6,36.2
8302.02,93.09331024935044,93.2,91.9,86.4,88.8,91.0
8303.0,18.63895127454034,18.5,18.7,19.5,18.7,20.7
8304.0,97.89558897049702,98.3,97.7,98.6,98.0,98.6
8305.0,63.49095158124589,63.1,66.7,60.4,62.4,57.4
8306.0,7.6076861018761806,7.4,7.9,9.7,8.9,9.3
8307.0,0.8595759525019646,0.6,0.4,1.6,1.5,1.5
8308.0,9.56083277926547,9.5,10.4,10.3,6.2,9.4
8309.0,18.1917027329001,18.2,18.2,19.2,16.2,13.5
8310.0,24.168386621977636,24.3,22.7,23.1,20.2,22.1
8311.0,14.828069691599092,14.7,14.7,15.1,13.8,14.2
8312.0,13.801701178686509,13.1,15.0,14.1,19.7,21.4
8313.0,46.36031632363111,46.2,42.8,40.3,45.5,49.5
8314.0,34.11114316508342,33.9,34.2,28.8,28.6,25.6
8315.0,49.22303420188802,49.1,48.0,48.7,52.2,53.1
8316.0,40.258211157276634,40.4,35.9,36.8,38.7,35.7
8317.0,43.816560342715206,43.0,43.6,42.0,53.8,47.0
8318.0,24.660722644819625,24.1,25.6,24.6,29.4,28.6
8319.0,9.88815872441002,9.4,6.8,7.4,14.4,15.6
8320.0,0.41886192076245465,0.0,2.0,4.3,4.8,4.1
8321.0,2.6015833158337407,2.3,2.2,2.9,3.4,2.8
8322.0,23.54853434792986,23.5,22.8,26.0,26.0,26.0
8323.0,18.126045266129516,18.1,15.2,14.8,15.0,14.5
8324.0,11.022271669008559,10.5,12.9,11.4,13.0,9.7
8325.0,15.777803633845226,15.3,18.6,23.0,25.4,23.0
8326.0,13.558510487615067,13.0,14.7,15.8,19.9,22.9
8329.0,7.13051520828822,6.9,6.7,6.5,6.1,5.3
8330.0,2.022620581474098,1.7,1.3,0.5,1.1,2.1
8331.0,2.3108219441358786,1.9,2.3,2.0,3.4,5.0
8333.0,5.468027650867337,5.2,5.5,3.8,2.8,2.9
8339.0,16.829292847566023,16.7,14.7,13.4,13.9,13.2
8340.0,29.88156885688699,29.4,30.3,27.0,30.9,28.8
8342.0,21.108865137512694,20.7,24.1,21.7,21.1,21.6
8343.0,56.2119370605609,55.5,65.3,65.8,68.0,68.8
8344.0,15.99301090309413,16.2,12.5,15.1,13.1,12.5
8345.0,10.801767723500182,10.3,8.9,9.7,15.8,18.8
8346.0,30.47577163043012,30.7,26.8,27.5,26.3,28.5
8347.0,20.015255185443568,19.8,24.5,24.2,19.6,17.7
8348.0,20.94791350972297,21.0,16.3,15.5,16.5,16.1
8349.0,31.323559104841816,31.2,28.6,22.1,22.9,23.1
8350.0,33.56412096384217,33.6,31.4,30.0,29.7,28.8
8351.0,53.75679570264541,53.6,54.7,49.6,49.8,45.4
8352.0,57.055545287876896,57.0,60.1,56.7,54.0,59.6
8355.0,14.229783529419546,13.6,15.3,13.9,18.4,19.7
8356.0,28.116060441760673,28.8,27.7,32.4,21.7,15.9
8357.0,30.573388100511824,29.1,38.0,0.0,0.0,0.0
8358.0,6.9608168606467355,6.7,7.3,8.5,8.2,12.6
8359.0,8.208336994842881,8.0,9.6,12.6,11.1,12.2
8360.0,23.115058250146497,23.0,16.1,17.2,24.2,28.7
8361.0,4.515061251955079,4.2,4.7,8.7,10.1,16.3
8362.0,10.735712972897645,10.3,7.5,7.7,14.0,12.8
8363.0,8.866791371569864,8.8,6.4,5.8,5.1,8.7
8364.0,14.846383813786504,14.3,17.4,13.7,14.6,16.9
8365.0,3.0974977296771886,2.5,1.2,1.5,8.1,11.1
8366.0,16.312273405207755,16.1,13.9,17.8,21.6,19.5
8367.0,16.609533146377853,16.4,14.0,12.6,14.8,8.3
8368.0,10.73628935757677,11.0,8.2,14.2,10.9,15.1
8369.0,10.511413981801772,10.9,8.6,13.5,7.2,9.2
8370.0,9.246224568027797,8.8,7.5,11.8,17.9,16.9
8371.0,17.815181405770165,17.5,15.7,20.1,25.5,24.3
8373.0,11.090047499754181,10.9,9.6,10.5,11.4,9.0
8374.0,12.239962179706016,12.4,13.0,15.7,9.5,10.0
8378.0,11.609613960198843,11.3,14.6,16.7,15.1,14.6
8380.0,3.6631510800231597,3.5,4.1,9.6,8.8,10.4
8381.0,1.009127843045642,0.8,0.3,6.2,7.2,4.7
8382.0,17.01616073244527,16.1,20.5,24.9,33.5,33.9
8383.0,7.71386512365248,7.7,6.6,4.8,1.3,0.9
8386.0,4.947219479466155,4.8,2.5,5.1,6.3,7.8
8387.0,6.920985254579934,6.6,8.0,9.4,9.3,10.6
8388.0,38.29532664665743,38.4,38.3,36.6,33.3,29.1
8390.0,3.979984976246111,3.8,2.2,1.3,1.0,0.8
8391.0,0.8567283668622302,0.6,0.6,1.1,0.5,0.5
8392.0,3.5640692894090673,3.4,1.3,0.9,1.0,1.0
8395.0,26.908639658006333,27.1,24.1,24.2,22.0,23.5
8396.0,21.64129104281434,21.3,18.5,16.7,21.9,22.3
8397.0,28.27054685625918,27.8,28.6,26.9,31.1,34.2
8398.0,17.793055517780125,17.9,16.6,19.3,16.6,18.4
8399.0,38.71827390030326,38.7,37.1,31.9,31.1,29.5
8400.0,47.630428576320575,47.8,48.7,52.8,50.3,44.6
8401.0,16.476491337535105,16.3,18.3,25.1,24.8,21.0
8402.0,37.84660545955006,37.5,39.8,42.1,45.0,41.6
8403.0,49.25569273583107,49.3,47.8,43.6,43.1,34.9
8404.0,31.560586140997557,30.8,37.1,35.0,38.3,43.0
8407.0,8.794582024387763,8.7,9.0,10.6,8.2,7.3
8408.0,13.916301377874497,13.3,19.3,19.0,19.0,14.7
8410.0,0.6942537330424121,0.4,1.5,3.7,3.1,3.1
8411.0,7.01095066232275,6.7,5.8,5.1,6.6,5.1
8412.0,15.32079949461027,15.4,10.2,14.7,17.0,13.2
8413.0,13.960854505932216,13.9,13.3,12.4,10.1,10.4
8414.0,11.439250117119084,11.5,10.9,11.4,7.3,13.2
8415.0,13.052859487805508,13.0,10.4,11.5,11.8,11.4
8416.0,12.726709978708532,12.4,5.1,4.6,13.9,12.8
8417.0,10.094235447012702,9.8,10.8,9.2,8.4,13.3
8418.0,34.02022591554472,33.3,41.5,36.9,36.9,40.6
8419.0,3.829456789344655,3.4,1.7,3.1,7.8,9.2
8420.0,20.044077591457388,19.2,27.4,30.2,33.3,24.2
8421.0,38.576612467426834,38.9,32.7,31.7,31.6,28.5
8422.0,2.6547876968509203,2.2,2.0,0.5,2.9,2.7
8423.0,2.28450970683774,2.0,2.2,3.6,3.7,4.6
8424.0,62.506916121295134,62.8,61.2,60.3,58.3,57.2
8425.0,10.290750339867593,9.9,11.8,12.7,13.4,11.9
8426.0,35.208398888063805,35.0,37.8,34.8,32.8,36.2
8428.0,20.498265811279943,20.2,20.4,21.7,23.9,21.7
8429.0,7.062841237622799,7.0,2.8,5.5,7.6,8.2
8430.0,7.331124617040766,7.0,8.7,11.9,12.3,10.6
8431.0,10.118974763604056,10.0,11.4,8.7,4.2,3.2
8432.0,14.914125647467282,14.7,14.1,18.1,20.1,17.1
8433.0,10.307842973915129,10.1,10.2,14.9,15.8,24.5
8434.0,28.400512663111257,28.4,27.7,28.8,27.8,24.1
8435.0,19.185521598497896,19.2,16.7,19.8,20.2,20.2
8436.0,7.666710440416178,7.2,8.5,10.5,13.2,10.0
8437.0,31.10786592516862,31.4,31.2,36.7,32.1,31.8
8438.0,34.723445845374975,34.3,33.8,33.3,39.2,42.5
8439.0,2.2669465383078884,1.9,2.4,2.8,3.6,3.0
9800.0,0.3067456479381008,0.0,0.0,0.0,0.0,0.0
9801.0,0.3067456479381008,0.0,0.0,0.0,0.0,0.0
9900.0,0.3067456479381008,0.0,0.0,0.0,0.0,0.0
