tract,percent_wealthy_2016,percent_wealthy_2015,percent_wealthy_2014,percent_wealthy_2013,percent_wealthy_2012,percent_wealthy_2011
101.0,0.17333953045096803,0.17,0.149,0.144,0.1,0.10099999999999999
102.01,0.10152532854083009,0.098,0.098,0.136,0.128,0.128
102.02,0.0950385514970407,0.092,0.08900000000000001,0.147,0.162,0.10300000000000001
103.0,0.07929063312758451,0.075,0.11599999999999999,0.122,0.096,0.114
104.0,0.1347441614310158,0.131,0.126,0.132,0.098,0.105
105.01,0.09525470861211316,0.091,0.085,0.101,0.113,0.087
105.02,0.15109200659155306,0.14800000000000002,0.129,0.145,0.134,0.141
105.03,0.11034332269273919,0.106,0.109,0.109,0.087,0.064
106.0,0.12211055992190842,0.11900000000000001,0.138,0.125,0.198,0.193
107.01,0.11799920142247507,0.115,0.135,0.135,0.193,0.19899999999999998
107.02,0.11002751107932622,0.10800000000000001,0.14800000000000002,0.192,0.204,0.159
201.0,0.11910629525842031,0.115,0.126,0.102,0.128,0.142
202.0,0.3529721926979881,0.355,0.374,0.345,0.27399999999999997,0.335
203.01,0.17090412946335717,0.168,0.147,0.136,0.165,0.135
203.02,0.2407457710387745,0.24100000000000002,0.257,0.268,0.259,0.218
204.0,0.22913413107467923,0.228,0.281,0.214,0.22899999999999998,0.19
205.0,0.09030128506240136,0.086,0.073,0.1,0.10800000000000001,0.11599999999999999
206.01,0.1498499208183193,0.147,0.14300000000000002,0.164,0.132,0.115
206.02,0.10874478424397434,0.10400000000000001,0.078,0.07,0.10400000000000001,0.16699999999999998
207.01,0.2238811267084026,0.22399999999999998,0.205,0.244,0.27899999999999997,0.16899999999999998
207.02,0.1610066426314684,0.157,0.131,0.103,0.106,0.10099999999999999
208.01,0.16152993984531247,0.159,0.191,0.162,0.185,0.168
208.02,0.12417612981477803,0.12,0.149,0.115,0.102,0.16399999999999998
209.01,0.09908133554748434,0.095,0.07,0.113,0.099,0.134
209.02,0.07213321187805431,0.067,0.07200000000000001,0.082,0.064,0.051
301.01,0.07679908199963535,0.073,0.086,0.128,0.127,0.138
301.02,0.131715514288804,0.127,0.084,0.074,0.084,0.115
301.03,0.19403933514747213,0.19,0.141,0.108,0.071,0.087
301.04,0.10263616344952287,0.09699999999999999,0.071,0.054,0.037000000000000005,0.04
302.0,0.202162245082136,0.201,0.188,0.21,0.21100000000000002,0.214
303.0,0.11684973772055371,0.11199999999999999,0.087,0.083,0.065,0.086
304.0,0.11702175384113124,0.114,0.151,0.165,0.141,0.172
305.0,0.26645618225590084,0.266,0.267,0.227,0.243,0.20600000000000002
306.01,0.09354424140067598,0.08900000000000001,0.111,0.095,0.106,0.083
306.03,0.08431352593573298,0.079,0.086,0.071,0.062,0.023
306.04,0.13347438282036783,0.131,0.166,0.179,0.16899999999999998,0.14800000000000002
307.01,0.05547609561351465,0.05,0.096,0.075,0.064,0.049
307.02,0.14482058560510078,0.142,0.14400000000000002,0.139,0.188,0.21899999999999997
307.03,0.10670929360399951,0.102,0.09300000000000001,0.074,0.109,0.16399999999999998
307.06,0.10207272199903925,0.098,0.147,0.125,0.111,0.10300000000000001
308.0,0.21711574555309782,0.21600000000000003,0.228,0.207,0.22899999999999998,0.209
309.0,0.2169855235820986,0.21600000000000003,0.21600000000000003,0.208,0.23600000000000002,0.188
310.0,0.24648812297937042,0.245,0.19399999999999998,0.196,0.16899999999999998,0.14400000000000002
311.0,0.21014620450380594,0.209,0.261,0.223,0.21600000000000003,0.19899999999999998
312.0,0.12194644425777158,0.11800000000000001,0.068,0.102,0.11599999999999999,0.09300000000000001
313.0,0.09182040465369315,0.08800000000000001,0.10099999999999999,0.132,0.11199999999999999,0.124
314.0,0.3097069163677798,0.31,0.284,0.255,0.24600000000000002,0.256
315.01,0.13307433006329633,0.13,0.128,0.146,0.14800000000000002,0.11
315.02,0.07104615211316963,0.066,0.081,0.084,0.075,0.071
317.0,0.17752488987235457,0.175,0.16399999999999998,0.149,0.185,0.153
318.0,0.231338302008042,0.231,0.23199999999999998,0.246,0.231,0.198
319.0,0.18780734169393648,0.185,0.2,0.158,0.145,0.127
321.0,0.12923165365078532,0.127,0.162,0.185,0.18600000000000003,0.184
401.0,0.2100306151512147,0.20800000000000002,0.179,0.174,0.17300000000000001,0.23800000000000002
402.01,0.2052210534806181,0.203,0.18899999999999997,0.183,0.14300000000000002,0.153
402.02,0.12928140368364066,0.127,0.147,0.181,0.18100000000000002,0.18
403.0,0.32763766352112444,0.32899999999999996,0.29100000000000004,0.308,0.252,0.23399999999999999
404.01,0.2229313576232314,0.222,0.218,0.247,0.163,0.18600000000000003
404.02,0.19186485152910215,0.18899999999999997,0.205,0.148,0.157,0.172
406.0,0.24014577316256414,0.239,0.196,0.207,0.192,0.20199999999999999
407.0,0.2449527887992397,0.245,0.247,0.271,0.222,0.213
408.0,0.2593169836522107,0.259,0.231,0.225,0.251,0.19399999999999998
409.0,0.20740903473840874,0.205,0.18899999999999997,0.165,0.155,0.175
501.0,0.27824793431523887,0.278,0.258,0.248,0.212,0.24
502.0,0.17181392916441635,0.16899999999999998,0.163,0.151,0.153,0.145
503.0,0.29891035827630097,0.302,0.33799999999999997,0.35,0.409,0.353
505.0,0.27384458022829994,0.275,0.263,0.284,0.305,0.3
506.0,0.3468499629959513,0.35,0.314,0.365,0.337,0.46299999999999997
507.0,0.36489370964983225,0.369,0.38799999999999996,0.402,0.39299999999999996,0.33
508.0,0.33191780975013885,0.33399999999999996,0.363,0.321,0.33799999999999997,0.39799999999999996
509.0,0.27634348515869245,0.276,0.27,0.24,0.22399999999999998,0.315
510.0,0.2971788935157107,0.298,0.284,0.27,0.28600000000000003,0.305
511.0,0.281210865781917,0.282,0.284,0.295,0.247,0.2
512.0,0.22232180167691068,0.222,0.312,0.245,0.28,0.263
513.0,0.3954370324962463,0.39799999999999996,0.36700000000000005,0.34,0.306,0.32299999999999995
514.0,0.24943165441857537,0.248,0.26899999999999996,0.202,0.19699999999999998,0.226
601.0,0.20133626154311365,0.2,0.221,0.211,0.20600000000000002,0.19699999999999998
602.0,0.166705681140481,0.163,0.134,0.111,0.121,0.163
603.0,0.32127521860611874,0.324,0.35100000000000003,0.328,0.39899999999999997,0.442
604.0,0.332463294954641,0.33399999999999996,0.292,0.279,0.324,0.315
605.0,0.12445529301908369,0.122,0.126,0.16,0.196,0.175
608.0,0.2627830136996895,0.263,0.265,0.254,0.268,0.209
609.0,0.17877107793917302,0.17600000000000002,0.19699999999999998,0.16,0.151,0.15
610.0,0.36278715032729203,0.365,0.331,0.326,0.303,0.213
611.0,0.2659343847699357,0.267,0.304,0.315,0.261,0.214
612.0,0.3712194125718331,0.374,0.371,0.346,0.34,0.309
615.0,0.35299453274047365,0.35600000000000004,0.335,0.366,0.324,0.28800000000000003
618.0,0.15706609090822582,0.156,0.156,0.215,0.233,0.20199999999999999
619.01,0.13387844332490337,0.131,0.142,0.148,0.172,0.149
619.02,0.24808130444839172,0.24600000000000002,0.20800000000000002,0.179,0.141,0.145
620.0,0.29795440931164296,0.297,0.258,0.2,0.21,0.217
621.0,0.28495181349749943,0.285,0.33,0.278,0.21600000000000003,0.213
622.0,0.34716768960511013,0.35,0.361,0.342,0.368,0.341
623.0,0.33780431647488474,0.34,0.361,0.307,0.37200000000000005,0.35
624.0,0.28203721904353873,0.284,0.331,0.329,0.33399999999999996,0.365
625.0,0.3257851112016975,0.331,0.364,0.436,0.47100000000000003,0.40299999999999997
626.0,0.20760092089070636,0.20600000000000002,0.171,0.187,0.19399999999999998,0.218
627.0,0.28283728035963085,0.285,0.297,0.35,0.299,0.322
628.0,0.293215420504645,0.294,0.308,0.277,0.28300000000000003,0.247
629.0,0.37613144849889457,0.379,0.34600000000000003,0.346,0.33399999999999996,0.35100000000000003
630.0,0.27117769194201347,0.272,0.282,0.298,0.252,0.256
631.0,0.31896439367744056,0.318,0.266,0.202,0.192,0.192
632.0,0.21965226320387188,0.218,0.196,0.18,0.204,0.168
633.01,0.13359613307820145,0.13,0.126,0.14,0.1,0.10300000000000001
633.02,0.18502223719517988,0.183,0.212,0.179,0.2,0.20199999999999999
633.03,0.26145265142520846,0.259,0.166,0.138,0.14800000000000002,0.15
634.0,0.17491855352632432,0.174,0.188,0.224,0.233,0.257
701.01,0.2278842345546271,0.226,0.19699999999999998,0.194,0.145,0.12300000000000001
701.02,0.20544294980818895,0.204,0.242,0.214,0.195,0.214
701.03,0.10499858453466131,0.10400000000000001,0.10800000000000001,0.223,0.244,0.239
702.0,0.2803009645178405,0.28,0.25,0.239,0.218,0.205
703.0,0.34191703516052485,0.344,0.32899999999999996,0.308,0.33899999999999997,0.34700000000000003
704.0,0.25052642191807695,0.25,0.218,0.232,0.215,0.235
705.0,0.15485358628282267,0.154,0.195,0.229,0.25,0.26899999999999996
706.0,0.4002154673265359,0.40399999999999997,0.358,0.38,0.35700000000000004,0.35
707.0,0.2939345806534016,0.295,0.315,0.29,0.292,0.318
710.0,0.3283541929357269,0.32799999999999996,0.29600000000000004,0.233,0.207,0.261
711.0,0.26399536298617166,0.265,0.27699999999999997,0.302,0.268,0.294
712.0,0.2756367573690698,0.275,0.27,0.228,0.215,0.237
713.0,0.30200052559846646,0.303,0.271,0.272,0.292,0.258
714.0,0.2379989519037204,0.23800000000000002,0.247,0.251,0.261,0.264
715.0,0.3286170668038919,0.33,0.289,0.286,0.295,0.27399999999999997
716.0,0.21461203053613603,0.213,0.18,0.167,0.23,0.252
717.0,0.2977239958663791,0.299,0.319,0.285,0.324,0.375
718.0,0.36719888894130204,0.369,0.321,0.329,0.243,0.268
801.0,0.20168507421752427,0.201,0.23199999999999998,0.245,0.218,0.19699999999999998
802.01,0.22925502954679086,0.22899999999999998,0.23600000000000002,0.248,0.24,0.225
802.02,0.2898593546704319,0.29,0.27699999999999997,0.247,0.257,0.22
803.0,0.2905210615113891,0.29100000000000004,0.28800000000000003,0.255,0.284,0.22899999999999998
804.0,0.23714079100094415,0.237,0.21899999999999997,0.229,0.275,0.171
810.0,0.11037092406080773,0.107,0.138,0.134,0.161,0.157
811.0,0.2681895827069929,0.267,0.248,0.202,0.19899999999999998,0.19899999999999998
812.01,0.2051981202052819,0.203,0.198,0.171,0.17300000000000001,0.17600000000000002
812.02,0.2656369346123808,0.265,0.23800000000000002,0.231,0.20199999999999999,0.182
813.0,0.19947743880338056,0.19899999999999998,0.26899999999999996,0.266,0.22,0.22399999999999998
814.01,0.2162718380770682,0.215,0.27,0.218,0.21100000000000002,0.16899999999999998
814.02,0.2718002269351619,0.273,0.335,0.301,0.313,0.28800000000000003
814.03,0.25277726056490646,0.253,0.214,0.248,0.264,0.19
815.0,0.22725326810933347,0.22699999999999998,0.225,0.254,0.225,0.19
816.0,0.23829458935468464,0.23800000000000002,0.19,0.227,0.247,0.267
817.0,0.2720566659974597,0.272,0.31,0.248,0.263,0.258
818.0,0.2844644940926312,0.285,0.297,0.277,0.257,0.292
819.0,0.25262169750927055,0.252,0.289,0.226,0.248,0.249
901.0,0.2767334865145332,0.278,0.28600000000000003,0.298,0.299,0.348
902.0,0.3029127223940754,0.304,0.282,0.282,0.287,0.268
903.0,0.2621041024273647,0.263,0.304,0.299,0.276,0.374
1001.0,0.1682084788117997,0.168,0.231,0.252,0.284,0.218
1002.0,0.27197096290108147,0.272,0.275,0.248,0.256,0.27399999999999997
1003.0,0.22373112873225307,0.222,0.182,0.176,0.193,0.195
1004.0,0.33268330251678424,0.335,0.342,0.313,0.369,0.34299999999999997
1005.0,0.35404594872269324,0.355,0.284,0.252,0.29,0.268
1006.0,0.2896457733410308,0.29,0.262,0.277,0.21600000000000003,0.18600000000000003
1007.0,0.27475391455259923,0.27399999999999997,0.25,0.212,0.22399999999999998,0.20600000000000002
1101.0,0.23254532451781068,0.233,0.271,0.288,0.256,0.312
1102.0,0.22470766522676314,0.22399999999999998,0.145,0.221,0.20199999999999999,0.201
1103.0,0.2913801614930258,0.293,0.33,0.332,0.282,0.324
1104.0,0.23212677877801033,0.231,0.235,0.206,0.221,0.243
1105.01,0.22781685120743336,0.22699999999999998,0.24100000000000002,0.25,0.177,0.205
1105.02,0.15022640024056627,0.147,0.12,0.139,0.127,0.128
1201.0,0.3655040159595978,0.368,0.35600000000000004,0.322,0.35200000000000004,0.381
1202.0,0.34345049830378394,0.34600000000000003,0.341,0.343,0.32799999999999996,0.34700000000000003
1203.0,0.30915822343996324,0.311,0.285,0.316,0.302,0.301
1204.0,0.3067111359276128,0.307,0.284,0.256,0.24600000000000002,0.222
1301.0,0.12139722240451346,0.11900000000000001,0.12,0.173,0.177,0.12300000000000001
1302.0,0.22382388256961291,0.222,0.182,0.196,0.14400000000000002,0.145
1303.0,0.20734779142527993,0.20600000000000002,0.21100000000000002,0.223,0.172,0.192
1401.0,0.05215707894722017,0.046,0.07,0.042,0.042,0.049
1402.0,0.09697238918838465,0.09300000000000001,0.107,0.093,0.16899999999999998,0.185
1403.01,0.21277883683944043,0.212,0.247,0.234,0.22699999999999998,0.21899999999999997
1403.02,0.15130460177627925,0.14800000000000002,0.131,0.13,0.14,0.162
1404.0,0.283394510655239,0.281,0.228,0.161,0.122,0.136
1405.0,0.15844847061432743,0.155,0.149,0.119,0.14800000000000002,0.121
1406.01,0.18812269992671019,0.18600000000000003,0.19,0.181,0.172,0.16899999999999998
1406.02,0.11652555775239744,0.113,0.125,0.139,0.12300000000000001,0.102
1407.01,0.19564053522387773,0.193,0.179,0.153,0.157,0.106
1407.02,0.13502688210599484,0.131,0.15,0.123,0.095,0.09699999999999999
1408.0,0.2366307144189559,0.23600000000000002,0.235,0.238,0.21100000000000002,0.184
1502.0,0.21686797589949708,0.214,0.19,0.141,0.14300000000000002,0.147
1503.0,0.2633470241602135,0.262,0.212,0.199,0.174,0.16399999999999998
1504.01,0.24316466598478736,0.24100000000000002,0.191,0.157,0.17,0.174
1504.02,0.19879067452233165,0.198,0.20800000000000002,0.229,0.228,0.23399999999999999
1505.01,0.22120398334513433,0.22399999999999998,0.28,0.365,0.382,0.287
1505.02,0.14475451164476455,0.142,0.152,0.164,0.151,0.16
1506.0,0.23084911622947024,0.23,0.18600000000000003,0.21,0.222,0.198
1507.0,0.2066101526350361,0.204,0.183,0.16,0.14,0.131
1508.0,0.20071260024253948,0.198,0.16899999999999998,0.165,0.11699999999999999,0.124
1510.01,0.15153995990624208,0.147,0.078,0.062,0.10800000000000001,0.098
1510.02,0.17343204491628822,0.171,0.132,0.157,0.168,0.126
1511.0,0.12038190244496823,0.11699999999999999,0.128,0.148,0.12,0.105
1512.0,0.19609052341128355,0.19399999999999998,0.17,0.157,0.20600000000000002,0.18100000000000002
1601.0,0.18854662763088373,0.188,0.179,0.248,0.213,0.175
1602.0,0.2489842266420136,0.247,0.17800000000000002,0.167,0.16,0.184
1603.0,0.11315998111936887,0.10800000000000001,0.084,0.07,0.057,0.068
1604.0,0.12342395222920056,0.12,0.12300000000000001,0.141,0.124,0.13699999999999998
1605.01,0.1631249309798308,0.16,0.14800000000000002,0.149,0.122,0.102
1605.02,0.14284483132998363,0.14,0.156,0.159,0.154,0.166
1606.01,0.16503427585281313,0.162,0.16,0.145,0.14400000000000002,0.11
1606.02,0.167928102875793,0.165,0.127,0.119,0.188,0.17
1607.0,0.28883656165255145,0.287,0.20600000000000002,0.155,0.18100000000000002,0.182
1608.0,0.2323464022763126,0.231,0.228,0.206,0.193,0.174
1609.0,0.23126181901644768,0.22899999999999998,0.21899999999999997,0.157,0.182,0.24100000000000002
1610.0,0.1775000696626769,0.175,0.187,0.153,0.191,0.18600000000000003
1611.0,0.3181544531569849,0.32,0.325,0.327,0.293,0.35600000000000004
1612.0,0.165728087663951,0.16399999999999998,0.154,0.169,0.24,0.20600000000000002
1613.0,0.10100869368519397,0.096,0.07400000000000001,0.072,0.075,0.102
1701.0,0.1376600698722472,0.134,0.111,0.105,0.15,0.14800000000000002
1702.0,0.263355508072995,0.264,0.297,0.262,0.315,0.312
1703.0,0.242043821865407,0.24100000000000002,0.23,0.221,0.191,0.214
1704.0,0.12649903977171506,0.124,0.151,0.169,0.184,0.19699999999999998
1705.0,0.2789782541692378,0.27899999999999997,0.275,0.254,0.23800000000000002,0.195
1706.0,0.22670283089578766,0.226,0.22,0.227,0.225,0.23399999999999999
1707.0,0.17213318705170078,0.17,0.15,0.158,0.209,0.259
1708.0,0.1930457083304488,0.191,0.19,0.186,0.16699999999999998,0.16
1709.0,0.26071973263199477,0.26,0.249,0.232,0.2,0.188
1710.0,0.16521173275191448,0.163,0.207,0.174,0.20199999999999999,0.196
1711.0,0.27197427066686664,0.271,0.273,0.218,0.201,0.166
1801.0,0.24748793223310478,0.24600000000000002,0.2,0.195,0.17300000000000001,0.19
1901.0,0.08463712234911186,0.08199999999999999,0.073,0.168,0.16699999999999998,0.133
1902.0,0.17032390499939185,0.168,0.151,0.177,0.153,0.129
1903.0,0.1350170135093378,0.132,0.15,0.156,0.14400000000000002,0.165
1904.01,0.19649352198716524,0.19399999999999998,0.196,0.17,0.14800000000000002,0.13699999999999998
1904.02,0.2179276337601758,0.21600000000000003,0.154,0.17,0.174,0.165
1906.01,0.12885302352292516,0.126,0.11599999999999999,0.169,0.126,0.099
1906.02,0.13846425006985016,0.135,0.136,0.118,0.158,0.145
1907.01,0.0965351117831656,0.092,0.11,0.107,0.081,0.09699999999999999
1907.02,0.12320164909984357,0.11900000000000001,0.11199999999999999,0.11,0.092,0.113
1908.0,0.09438478954975181,0.09,0.141,0.118,0.09300000000000001,0.085
1909.0,0.13716188867346873,0.134,0.172,0.162,0.125,0.102
1910.0,0.11601882978261227,0.111,0.142,0.098,0.044000000000000004,0.08
1911.0,0.07746305600018111,0.07200000000000001,0.047,0.053,0.067,0.078
1912.0,0.059321612344787986,0.053,0.055,0.031,0.032,0.037000000000000005
1913.01,0.12355116538242412,0.11900000000000001,0.113,0.093,0.086,0.042
1913.02,0.12743878512853535,0.122,0.114,0.074,0.021,0.043
2001.0,0.202182671613741,0.2,0.16899999999999998,0.18,0.146,0.14400000000000002
2002.0,0.07624457663256537,0.071,0.055,0.065,0.073,0.084
2003.0,0.11533140457089752,0.111,0.111,0.105,0.09300000000000001,0.092
2004.01,0.052625328380199406,0.048,0.037000000000000005,0.101,0.083,0.132
2004.02,0.0907419978503196,0.086,0.11,0.085,0.105,0.078
2101.0,0.13090690157421825,0.128,0.136,0.143,0.17800000000000002,0.195
2104.0,0.11383216644912268,0.109,0.105,0.084,0.076,0.102
2105.01,0.09324046401617242,0.08800000000000001,0.066,0.064,0.067,0.069
2105.02,0.05957633528980493,0.055,0.076,0.095,0.113,0.17300000000000001
2106.01,0.10738065164569983,0.102,0.059000000000000004,0.054,0.055999999999999994,0.079
2106.02,0.1383999331088941,0.133,0.085,0.049,0.051,0.094
2107.0,0.17578589002529416,0.17300000000000001,0.201,0.151,0.171,0.154
2108.0,0.19814604995340515,0.195,0.172,0.135,0.13,0.195
2109.0,0.1669692745142857,0.166,0.168,0.207,0.257,0.26
2203.0,0.2575159154863337,0.258,0.254,0.257,0.29100000000000004,0.22399999999999998
2204.0,0.2780071195092825,0.278,0.27699999999999997,0.275,0.196,0.17800000000000002
2205.0,0.2128121433427021,0.21,0.212,0.142,0.161,0.214
2206.01,0.17634812762464958,0.17300000000000001,0.14,0.139,0.102,0.151
2206.02,0.22748634058933273,0.226,0.225,0.208,0.17600000000000002,0.152
2207.01,0.16129410490079285,0.157,0.111,0.072,0.124,0.086
2207.02,0.061545091764915544,0.057,0.044000000000000004,0.071,0.146,0.146
2209.01,0.08381397726208424,0.08,0.098,0.108,0.16399999999999998,0.114
2209.02,0.15369249978126495,0.15,0.127,0.103,0.145,0.083
2210.0,0.16599906483112598,0.163,0.166,0.159,0.12300000000000001,0.128
2211.0,0.11442584179723393,0.11,0.09300000000000001,0.096,0.092,0.09
2212.0,0.2710978871539318,0.27,0.221,0.201,0.196,0.193
2213.0,0.17682783540034122,0.174,0.166,0.153,0.145,0.15
2214.0,0.19256770647992974,0.18899999999999997,0.161,0.118,0.115,0.124
2215.0,0.13531024574390701,0.131,0.11699999999999999,0.088,0.115,0.11199999999999999
2216.0,0.2443520976477079,0.244,0.228,0.23,0.248,0.23600000000000002
2222.0,0.35890427583769857,0.36200000000000004,0.32,0.349,0.355,0.354
2225.0,0.2292480478477494,0.22699999999999998,0.242,0.17,0.171,0.14300000000000002
2226.0,0.18369291556257691,0.18100000000000002,0.145,0.159,0.133,0.09300000000000001
2227.0,0.10672764386675355,0.10300000000000001,0.14300000000000002,0.141,0.113,0.145
2228.0,0.07439950811329793,0.068,0.05,0.033,0.005,0.0
2229.0,0.08712084026715565,0.08199999999999999,0.047,0.075,0.055,0.057999999999999996
2301.0,0.07763296592373573,0.073,0.079,0.1,0.084,0.073
2302.0,0.10787728885270181,0.105,0.12300000000000001,0.149,0.182,0.133
2303.0,0.09040238693304326,0.085,0.06,0.073,0.031,0.025
2304.0,0.18415884907119973,0.18,0.153,0.104,0.079,0.11800000000000001
2305.0,0.07138332170216394,0.065,0.042,0.013,0.044000000000000004,0.042
2306.0,0.06635860340241133,0.061,0.046,0.052,0.08900000000000001,0.075
2307.0,0.056589122456140756,0.051,0.036000000000000004,0.061,0.049,0.069
2308.0,0.14312092637972057,0.139,0.111,0.116,0.073,0.076
2309.0,0.0848545663879549,0.079,0.075,0.043,0.05,0.061
2311.0,0.11354611920744394,0.109,0.159,0.101,0.10099999999999999,0.095
2312.0,0.05029237507251432,0.044000000000000004,0.026000000000000002,0.035,0.021,0.043
2315.0,0.048798630359698905,0.042,0.021,0.016,0.0,0.0
2402.0,0.3474043060834042,0.35,0.312,0.326,0.349,0.27399999999999997
2403.0,0.2712421331325693,0.272,0.284,0.288,0.265,0.278
2405.0,0.40721852761183497,0.41200000000000003,0.413,0.412,0.42700000000000005,0.40299999999999997
2406.0,0.28078158683904275,0.284,0.35600000000000004,0.372,0.40399999999999997,0.41600000000000004
2407.0,0.2765354384861626,0.27399999999999997,0.222,0.148,0.134,0.098
2408.0,0.0786832144772537,0.073,0.083,0.045,0.07400000000000001,0.132
2409.0,0.12480425829503794,0.122,0.115,0.152,0.16699999999999998,0.13699999999999998
2410.0,0.14775888436552465,0.14400000000000002,0.121,0.096,0.153,0.17300000000000001
2411.0,0.22187960903129514,0.22,0.19,0.194,0.147,0.162
2412.0,0.23832246883526653,0.24,0.27899999999999997,0.308,0.353,0.32299999999999995
2413.0,0.425075652688667,0.429,0.35700000000000004,0.363,0.385,0.35700000000000004
2414.0,0.29416318450453105,0.295,0.27899999999999997,0.287,0.255,0.233
2415.0,0.2087165718661882,0.209,0.222,0.264,0.27899999999999997,0.29
2416.0,0.2051339250931232,0.203,0.195,0.174,0.17300000000000001,0.212
2420.0,0.30170701521570253,0.302,0.26,0.241,0.268,0.233
2421.0,0.39223964807758205,0.39399999999999996,0.34600000000000003,0.297,0.292,0.248
2422.0,0.26650788799017977,0.266,0.266,0.231,0.22899999999999998,0.239
2423.0,0.22362293741583725,0.222,0.171,0.177,0.198,0.187
2424.0,0.2085471309458845,0.209,0.26899999999999996,0.287,0.276,0.292
2425.0,0.19689424818505802,0.19399999999999998,0.16399999999999998,0.145,0.136,0.133
2426.0,0.19831501457870288,0.196,0.19399999999999998,0.177,0.152,0.115
2427.0,0.1658746271666131,0.162,0.11800000000000001,0.122,0.07400000000000001,0.051
2428.0,0.21446441065012636,0.214,0.253,0.24,0.252,0.228
2429.0,0.23171831913782484,0.231,0.196,0.215,0.231,0.132
2430.0,0.17084199970180342,0.16899999999999998,0.17300000000000001,0.194,0.184,0.21
2431.0,0.297773603489799,0.298,0.28300000000000003,0.26,0.23800000000000002,0.256
2432.0,0.25391056907753695,0.254,0.243,0.248,0.262,0.311
2433.0,0.21780190440167999,0.217,0.226,0.228,0.222,0.243
2434.0,0.26758075500923606,0.267,0.218,0.214,0.23,0.24
2435.0,0.2646725153923487,0.266,0.29600000000000004,0.295,0.326,0.319
2502.0,0.12092927824598418,0.11699999999999999,0.077,0.116,0.096,0.105
2503.0,0.0744539585835413,0.069,0.061,0.066,0.052000000000000005,0.06
2504.0,0.09016821468647591,0.086,0.071,0.1,0.122,0.102
2505.0,0.2508254764734684,0.251,0.247,0.264,0.245,0.261
2506.0,0.13596408008476898,0.132,0.14300000000000002,0.124,0.096,0.075
2507.0,0.053572429546970765,0.048,0.053,0.056,0.071,0.066
2508.0,0.08716538747803909,0.08199999999999999,0.067,0.068,0.073,0.10099999999999999
2510.0,0.015035965631110846,0.009000000000000001,0.011000000000000001,0.039,0.063,0.071
2511.0,0.05439682299371691,0.049,0.05,0.063,0.075,0.052000000000000005
2512.0,0.1610256946713062,0.157,0.154,0.106,0.109,0.12
2513.0,0.12129863145381001,0.11599999999999999,0.079,0.061,0.05,0.043
2514.0,0.056442653826505026,0.051,0.06,0.063,0.073,0.09
2515.0,0.0898501463447594,0.085,0.076,0.078,0.091,0.102
2516.0,0.054774568814777776,0.049,0.044000000000000004,0.053,0.049,0.024
2517.0,0.015914913181380757,0.009000000000000001,0.013000000000000001,0.008,0.025,0.049
2518.0,0.03431062615336716,0.027999999999999997,0.027999999999999997,0.039,0.025,0.024
2519.0,0.049925723851786126,0.044000000000000004,0.048,0.04,0.063,0.051
2520.0,0.06660752382542492,0.06,0.049,0.011,0.03,0.040999999999999995
2521.01,0.04586429010361786,0.04,0.055,0.048,0.061,0.055
2521.02,0.08949414864177702,0.084,0.06,0.052,0.062,0.079
2522.01,0.06600802957948709,0.06,0.07400000000000001,0.05,0.034,0.065
2522.02,0.05249578133488684,0.047,0.061,0.053,0.09,0.087
2601.0,0.007150470815992714,0.0,0.0,0.0,0.015,0.016
2602.0,0.01782245056617295,0.011000000000000001,0.01,0.017,0.015,0.0
2603.0,0.09480090460465809,0.08900000000000001,0.047,0.047,0.027000000000000003,0.025
2604.0,0.016777439390285767,0.01,0.01,0.019,0.017,0.017
2605.0,0.023767988180838938,0.017,0.013999999999999999,0.014,0.024,0.0
2606.0,0.04021128737042882,0.034,0.008,0.027,0.045,0.07400000000000001
2607.0,0.005607628675647081,0.0,0.024,0.06,0.084,0.061
2608.0,0.023706002934664887,0.017,0.021,0.024,0.015,0.076
2609.0,0.03353413039647513,0.027000000000000003,0.053,0.031,0.027999999999999997,0.054000000000000006
2610.0,0.09192010182953779,0.087,0.086,0.088,0.067,0.0
2705.0,0.0069234242968854555,0.0,0.0,0.021,0.0,0.069
2712.0,0.054928025123674555,0.053,0.051,0.204,0.19,0.133
2713.0,0.0919854599464067,0.086,0.071,0.046,0.022000000000000002,0.011000000000000001
2714.0,0.06657971100598079,0.06,0.027999999999999997,0.023,0.0,0.057999999999999996
2715.0,0.056937935094870024,0.051,0.063,0.052,0.04,0.091
2718.0,0.043600242262729565,0.037000000000000005,0.087,0.035,0.021,0.0
2801.0,0.4130460600141268,0.41700000000000004,0.4,0.386,0.374,0.318
2804.0,0.05577075911942003,0.051,0.059000000000000004,0.091,0.094,0.153
2808.0,0.0963435493243303,0.091,0.081,0.062,0.064,0.044000000000000004
2809.0,0.10368966720975312,0.09699999999999999,0.023,0.0,0.0,0.0
2819.0,0.30969512044164316,0.312,0.297,0.317,0.35700000000000004,0.319
2827.0,0.18635834396640655,0.184,0.14400000000000002,0.149,0.187,0.245
2828.0,0.21681848601142245,0.21600000000000003,0.23800000000000002,0.219,0.244,0.213
2831.0,0.15969858884922608,0.156,0.15,0.125,0.10800000000000001,0.078
2832.0,0.18178063264640884,0.18100000000000002,0.215,0.228,0.248,0.32
2838.0,0.23911541043119197,0.237,0.209,0.167,0.168,0.20800000000000002
2909.0,0.04132295143394266,0.035,0.037000000000000005,0.035,0.03,0.028999999999999998
2912.0,0.11644727169660458,0.111,0.06,0.043,0.063,0.051
2916.0,0.05645453514333136,0.05,0.071,0.03,0.028999999999999998,0.0
2922.0,0.06868464194705089,0.063,0.07400000000000001,0.051,0.066,0.069
2924.0,0.05972921421903179,0.053,0.052000000000000005,0.02,0.006,0.0
2925.0,0.0697292768347215,0.064,0.087,0.06,0.049,0.08800000000000001
3005.0,0.037803255526769886,0.031,0.027000000000000003,0.014,0.015,0.027000000000000003
3006.0,0.07410481858917732,0.069,0.047,0.072,0.073,0.09
3007.0,0.05040666343495143,0.045,0.068,0.082,0.049,0.049
3008.0,0.03556114096226233,0.03,0.046,0.065,0.066,0.067
3009.0,0.03673720975822427,0.03,0.053,0.02,0.024,0.021
3011.0,0.05924593017175223,0.053,0.055,0.038,0.027000000000000003,0.032
3012.0,0.040038270453395315,0.033,0.027000000000000003,0.0,0.013999999999999999,0.043
3016.0,0.045852424923438016,0.04,0.054000000000000006,0.05,0.057999999999999996,0.06
3017.01,0.1108868841942526,0.106,0.10099999999999999,0.079,0.08,0.1
3017.02,0.06626111819849559,0.06,0.031,0.034,0.016,0.013999999999999999
3018.01,0.07532244198625623,0.069,0.03,0.028,0.013000000000000001,0.031
3018.02,0.03937755162388052,0.033,0.03,0.033,0.026000000000000002,0.013999999999999999
3018.03,0.02838419576619857,0.022000000000000002,0.027000000000000003,0.024,0.05,0.046
3102.0,0.2251621970295172,0.223,0.196,0.156,0.18899999999999997,0.14400000000000002
3103.0,0.11644699825277541,0.11599999999999999,0.222,0.272,0.256,0.192
3104.0,0.12122463464530887,0.11599999999999999,0.10300000000000001,0.065,0.062,0.052000000000000005
3105.0,0.08158641980686379,0.076,0.053,0.056,0.047,0.084
3106.0,0.06921544560056314,0.064,0.073,0.073,0.075,0.049
3107.0,0.04356210770516586,0.038,0.054000000000000006,0.061,0.071,0.061
3108.0,0.05992570733186389,0.054000000000000006,0.039,0.044,0.043,0.059000000000000004
3109.0,0.06582231625718976,0.06,0.06,0.047,0.054000000000000006,0.063
3201.0,0.36039911585740914,0.363,0.36700000000000005,0.364,0.292,0.31
3204.0,0.2037628675753763,0.20199999999999999,0.22,0.197,0.183,0.153
3206.0,0.2611957871064309,0.259,0.22,0.173,0.135,0.179
3301.0,0.2818562593387812,0.282,0.247,0.254,0.23600000000000002,0.268
3302.0,0.2252220125656681,0.225,0.221,0.251,0.23399999999999999,0.252
3403.0,0.11851958315465674,0.115,0.11900000000000001,0.15,0.098,0.115
3404.0,0.061996039104858874,0.055999999999999994,0.036000000000000004,0.043,0.034,0.102
3405.0,0.134346448714067,0.129,0.102,0.059,0.049,0.053
3406.0,0.029127131094444626,0.022000000000000002,0.0,0.0,0.0,0.0
3501.0,0.04036629278245849,0.034,0.046,0.018,0.063,0.094
3504.0,0.007283984416130623,0.0,0.0,0.0,0.0,0.0
3510.0,0.10013594681422577,0.095,0.09699999999999999,0.08,0.057,0.047
3511.0,0.007283984416130623,0.0,0.0,0.0,0.0,0.0
3514.0,0.05229079594825111,0.046,0.049,0.042,0.017,0.012
3515.0,0.13417099987196673,0.131,0.14400000000000002,0.175,0.08800000000000001,0.059000000000000004
3602.0,0.023790405040889036,0.017,0.016,0.022,0.006999999999999999,0.0
3801.0,0.12668531844188036,0.124,0.154,0.162,0.17800000000000002,0.102
3802.0,0.09115450383770256,0.085,0.055,0.029,0.028999999999999998,0.027000000000000003
3805.0,0.13766197218141596,0.133,0.17800000000000002,0.104,0.07200000000000001,0.0
3807.0,0.047239045741750044,0.042,0.049,0.065,0.094,0.10800000000000001
3812.0,0.07275911977757894,0.068,0.10099999999999999,0.096,0.092,0.084
3814.0,0.02420466747793595,0.018000000000000002,0.016,0.036,0.045,0.055999999999999994
3815.0,0.09799886238599148,0.091,0.086,0.0,0.0,0.0
3817.0,0.007283984416130623,0.0,0.0,0.0,0.0,0.0
3818.0,0.10310573439761289,0.09699999999999999,0.067,0.021,0.046,0.027000000000000003
3819.0,0.12684055365492045,0.12300000000000001,0.106,0.145,0.059000000000000004,0.051
3901.0,0.22355808344327568,0.22,0.174,0.112,0.109,0.09
3902.0,0.22470895367108043,0.223,0.24100000000000002,0.194,0.188,0.289
3903.0,0.0835176000197004,0.078,0.084,0.058,0.064,0.055
3904.0,0.07436344512573555,0.069,0.042,0.064,0.057,0.063
3905.0,0.12175531406922135,0.11900000000000001,0.151,0.166,0.165,0.20600000000000002
3906.0,0.1499155960630334,0.147,0.174,0.145,0.17600000000000002,0.217
3907.0,0.1799670326643247,0.177,0.17300000000000001,0.149,0.138,0.11599999999999999
4003.0,0.08229297256753719,0.078,0.10099999999999999,0.105,0.11900000000000001,0.131
4004.0,0.03324482280104636,0.027000000000000003,0.019,0.012,0.081,0.064
4005.0,0.07134164501307282,0.066,0.059000000000000004,0.065,0.068,0.027000000000000003
4008.0,0.007283984416130623,0.0,0.0,0.0,0.0,0.0
4101.0,0.12973062153037607,0.125,0.11199999999999999,0.057,0.13,0.11900000000000001
4102.0,0.08191536683786449,0.077,0.125,0.087,0.096,0.064
4105.0,0.18004095445066606,0.177,0.141,0.128,0.155,0.157
4106.0,0.12326500230784895,0.12,0.14,0.156,0.121,0.10300000000000001
4107.0,0.08915919334275889,0.085,0.07200000000000001,0.11,0.105,0.106
4108.0,0.12887734158719563,0.124,0.113,0.074,0.08199999999999999,0.081
4109.0,0.13756946449381596,0.135,0.145,0.163,0.17600000000000002,0.152
4110.0,0.20590466702141696,0.204,0.193,0.188,0.17,0.14
4111.0,0.27918306224455847,0.28,0.316,0.296,0.265,0.256
4112.0,0.19441574110378737,0.192,0.184,0.161,0.17,0.204
4201.0,0.0614267326560489,0.055,0.03,0.021,0.026000000000000002,0.052000000000000005
4202.0,0.07074424732176587,0.065,0.045,0.038,0.069,0.06
4203.0,0.06728153700051154,0.064,0.083,0.129,0.18899999999999997,0.213
4204.0,0.04261035037042006,0.04,0.09,0.2,0.15,0.122
4205.0,0.022232013905538556,0.015,0.013000000000000001,0.0,0.0,0.0
4206.0,0.03004992041634185,0.023,0.015,0.0,0.015,0.124
4207.0,0.033848486312246066,0.027999999999999997,0.036000000000000004,0.057,0.046,0.076
4208.0,0.0553004157247153,0.05,0.077,0.065,0.094,0.095
4212.0,0.13322882928782945,0.129,0.11800000000000001,0.113,0.078,0.025
4301.01,0.06595039533388158,0.061,0.057,0.09300000000000001,0.061,0.062
4301.02,0.03768539459059858,0.032,0.032,0.068,0.038,0.008
4302.0,0.06218653853009195,0.055999999999999994,0.043,0.03,0.040999999999999995,0.037000000000000005
4303.0,0.06676237487618751,0.063,0.06,0.11699999999999999,0.14800000000000002,0.125
4304.0,0.06548591980526666,0.06,0.046,0.045,0.08900000000000001,0.042
4305.0,0.059200858459418776,0.053,0.049,0.035,0.035,0.034
4306.0,0.14160119662143109,0.138,0.13,0.127,0.12,0.095
4307.0,0.048332043970892774,0.043,0.055999999999999994,0.078,0.061,0.065
4308.0,0.09086090755021421,0.08800000000000001,0.11800000000000001,0.17600000000000002,0.14300000000000002,0.14800000000000002
4309.0,0.051836434891194945,0.048,0.062,0.122,0.14300000000000002,0.083
4312.0,0.09398897814406751,0.08900000000000001,0.064,0.071,0.08,0.19399999999999998
4313.01,0.023333069306117702,0.017,0.027999999999999997,0.049,0.012,0.078
4313.02,0.07931579316737102,0.07400000000000001,0.055999999999999994,0.064,0.065,0.057
4314.0,0.07520708775813478,0.07,0.061,0.081,0.05,0.04
4401.01,0.04263737881849158,0.036000000000000004,0.035,0.022000000000000002,0.018000000000000002,0.028999999999999998
4401.02,0.01184318374898952,0.005,0.032,0.018000000000000002,0.026000000000000002,0.028999999999999998
4402.01,0.0407088068767223,0.035,0.048,0.06,0.055999999999999994,0.063
4402.02,0.11273949740670085,0.10800000000000001,0.102,0.087,0.08,0.048
4403.0,0.15743907298239382,0.154,0.163,0.14,0.11599999999999999,0.134
4406.0,0.17260154972467112,0.171,0.198,0.204,0.20199999999999999,0.214
4407.0,0.1352694492481631,0.132,0.15,0.147,0.133,0.152
4408.0,0.02980743061438066,0.024,0.026000000000000002,0.042,0.078,0.078
4409.0,0.12015725115364327,0.11599999999999999,0.122,0.10800000000000001,0.10800000000000001,0.128
4503.0,0.18404852080501483,0.182,0.18,0.184,0.17300000000000001,0.13
4601.0,0.04698492017871727,0.040999999999999995,0.078,0.054000000000000006,0.046,0.066
4602.0,0.10723150521609552,0.10099999999999999,0.08199999999999999,0.038,0.003,0.0
4603.01,0.0837480275313478,0.078,0.057,0.054000000000000006,0.033,0.013000000000000001
4603.02,0.06233353760571597,0.057,0.057999999999999996,0.07,0.066,0.073
4604.0,0.15194165535034404,0.14800000000000002,0.12,0.099,0.12300000000000001,0.105
4605.0,0.08364240409086109,0.08,0.08900000000000001,0.10800000000000001,0.179,0.192
4606.0,0.04500739559965558,0.039,0.044000000000000004,0.040999999999999995,0.054000000000000006,0.024
4607.0,0.007283984416130623,0.0,0.0,0.0,0.0,0.0
4610.0,0.0267842805433006,0.02,0.019,0.012,0.026000000000000002,0.027999999999999997
4701.0,0.11290433316187493,0.107,0.083,0.032,0.047,0.08900000000000001
4801.0,0.1543643775898843,0.151,0.18899999999999997,0.152,0.11599999999999999,0.14
4802.0,0.06049551374877402,0.057,0.09699999999999999,0.14,0.156,0.147
4803.0,0.1987374808085102,0.195,0.14300000000000002,0.11,0.098,0.059000000000000004
4804.0,0.19672489086003914,0.196,0.20199999999999999,0.22699999999999998,0.23800000000000002,0.254
4805.0,0.12213465620195485,0.11800000000000001,0.111,0.098,0.12300000000000001,0.168
4903.0,0.17429469687533972,0.171,0.17,0.141,0.12,0.145
4904.0,0.19313661241771277,0.191,0.17300000000000001,0.17600000000000002,0.168,0.15
4905.0,0.09681815432052077,0.092,0.07,0.062,0.11699999999999999,0.125
4906.0,0.17134029445111237,0.16699999999999998,0.12,0.085,0.09,0.11599999999999999
4907.0,0.08202049677743176,0.077,0.064,0.07,0.08800000000000001,0.062
4908.0,0.1266560788107729,0.12300000000000001,0.084,0.113,0.131,0.126
4909.01,0.10767945203653011,0.10300000000000001,0.092,0.087,0.086,0.055
4909.02,0.11531828733314543,0.111,0.07,0.091,0.102,0.11699999999999999
4910.0,0.05517440230916785,0.049,0.036000000000000004,0.035,0.035,0.043
4911.0,0.15549054406198667,0.151,0.16,0.114,0.049,0.065
4912.0,0.11507122073799843,0.11199999999999999,0.136,0.138,0.182,0.109
4913.0,0.07132356221944426,0.067,0.11,0.124,0.092,0.07200000000000001
4914.0,0.09175240802704548,0.086,0.044000000000000004,0.040999999999999995,0.045,0.048
5001.0,0.1013731571211223,0.096,0.105,0.061,0.07,0.031
5002.0,0.09935752400271215,0.09300000000000001,0.078,0.019,0.03,0.045
5003.0,0.07400980152925939,0.069,0.07400000000000001,0.079,0.083,0.09300000000000001
5101.0,0.12509396270363998,0.12,0.125,0.066,0.08199999999999999,0.11599999999999999
5102.0,0.08564938814910922,0.081,0.109,0.1,0.09,0.11199999999999999
5103.0,0.09344327993196172,0.08800000000000001,0.069,0.055,0.063,0.09
5201.0,0.09267469088658811,0.08800000000000001,0.068,0.099,0.064,0.147
5202.0,0.048065468080993344,0.043,0.051,0.084,0.077,0.092
5203.0,0.10710272851145339,0.10300000000000001,0.132,0.11800000000000001,0.11,0.129
5204.0,0.12703920186167594,0.124,0.141,0.147,0.161,0.129
5205.0,0.2284235874650074,0.226,0.23399999999999999,0.152,0.183,0.157
5206.0,0.07992894916343275,0.077,0.145,0.162,0.184,0.171
5301.0,0.03181098920717967,0.026000000000000002,0.02,0.054000000000000006,0.05,0.055
5302.0,0.06421848337636697,0.057999999999999996,0.044000000000000004,0.026000000000000002,0.044000000000000004,0.042
5303.0,0.11717829263723081,0.113,0.08900000000000001,0.11699999999999999,0.075,0.062
5304.0,0.1510209740565559,0.14800000000000002,0.154,0.147,0.15,0.174
5305.01,0.06806513419069052,0.063,0.07200000000000001,0.07,0.098,0.075
5305.02,0.05651700815798954,0.051,0.083,0.069,0.064,0.08800000000000001
5305.03,0.10567303515723613,0.102,0.078,0.098,0.172,0.149
5306.0,0.10225145003148549,0.098,0.10099999999999999,0.11,0.098,0.064
5401.01,0.007283984416130623,0.0,0.0,0.0,0.0,0.0
5401.02,0.021239143601978826,0.013999999999999999,0.013000000000000001,0.0,0.0,0.0
5501.0,0.2058306257043255,0.204,0.18,0.18600000000000003,0.17600000000000002,0.163
5502.0,0.2325928954017463,0.22899999999999998,0.192,0.12,0.091,0.126
5601.0,0.10892088935357215,0.10400000000000001,0.084,0.055,0.11599999999999999,0.102
5602.0,0.17229925433949048,0.171,0.182,0.213,0.21100000000000002,0.162
5603.0,0.14900055898434342,0.147,0.154,0.183,0.196,0.172
5604.0,0.09719222621693295,0.09699999999999999,0.136,0.23,0.34,0.354
5607.0,0.1761054078809377,0.17300000000000001,0.162,0.157,0.105,0.14400000000000002
5608.0,0.2537696993569086,0.253,0.263,0.237,0.19699999999999998,0.196
5609.0,0.25722226863867276,0.257,0.275,0.237,0.261,0.271
5610.0,0.342744569705129,0.34299999999999997,0.312,0.24600000000000002,0.24600000000000002,0.21
5611.0,0.3158662850880979,0.317,0.32,0.284,0.29600000000000004,0.261
5701.0,0.14052748797307965,0.136,0.146,0.111,0.055999999999999994,0.077
5702.0,0.18923859317767647,0.187,0.131,0.193,0.107,0.152
5703.0,0.1295939601260227,0.126,0.14400000000000002,0.14,0.11199999999999999,0.08800000000000001
5704.0,0.10555572290964386,0.10099999999999999,0.092,0.094,0.08800000000000001,0.07200000000000001
5705.0,0.14243618442555162,0.139,0.14800000000000002,0.13699999999999998,0.127,0.139
5801.0,0.08372352265411045,0.08,0.09300000000000001,0.111,0.166,0.22
5802.0,0.09465372241392098,0.08900000000000001,0.083,0.038,0.078,0.099
5803.0,0.06823965760471545,0.062,0.032,0.03,0.025,0.049
5804.0,0.03753039329202101,0.033,0.03,0.096,0.11199999999999999,0.11699999999999999
5805.01,0.09121697685236074,0.086,0.067,0.068,0.064,0.049
5805.02,0.114654758352217,0.111,0.14,0.136,0.12300000000000001,0.113
5806.0,0.0619801260569348,0.055999999999999994,0.039,0.04,0.043,0.040999999999999995
5807.0,0.054313142499076726,0.048,0.055999999999999994,0.039,0.022000000000000002,0.051
5808.0,0.023451538303342474,0.017,0.016,0.021,0.047,0.047
5905.0,0.18075038170584362,0.179,0.187,0.209,0.16399999999999998,0.184
5906.0,0.07017587186565252,0.065,0.055999999999999994,0.065,0.086,0.11199999999999999
5907.0,0.10068346868684949,0.096,0.10099999999999999,0.095,0.08,0.09300000000000001
6004.0,0.09039807681457401,0.085,0.071,0.063,0.055999999999999994,0.081
6006.0,0.0796921486348763,0.07400000000000001,0.025,0.036000000000000004,0.062,0.059000000000000004
6007.0,0.07931846681820613,0.073,0.037000000000000005,0.02,0.028999999999999998,0.046
6009.0,0.1490218229961101,0.145,0.147,0.124,0.081,0.102
6103.0,0.037893376559712574,0.032,0.049,0.057999999999999996,0.042,0.045
6104.0,0.015932714994732478,0.009000000000000001,0.013000000000000001,0.008,0.023,0.0
6108.0,0.21855305724284918,0.217,0.271,0.2,0.213,0.262
6110.0,0.007283984416130623,0.0,0.0,0.0,0.0,0.0
6111.0,0.027570163108585108,0.021,0.012,0.013000000000000001,0.044000000000000004,0.043
6112.0,0.015004112994405048,0.008,0.006999999999999999,0.009000000000000001,0.011000000000000001,0.013000000000000001
6113.0,0.03610389103751062,0.03,0.05,0.052000000000000005,0.032,0.0
6114.0,0.03797121600397872,0.032,0.025,0.046,0.045,0.009000000000000001
6115.0,0.04045462688784909,0.034,0.026000000000000002,0.024,0.032,0.026000000000000002
6116.0,0.02049677365728209,0.015,0.013000000000000001,0.057,0.085,0.051
6117.0,0.018205557755287625,0.011000000000000001,0.0,0.0,0.0,0.0
6118.0,0.012765174154777072,0.006,0.019,0.021,0.022000000000000002,0.063
6119.0,0.04639499219411266,0.04,0.036000000000000004,0.028999999999999998,0.028999999999999998,0.052000000000000005
6120.0,0.04620442323997831,0.04,0.07200000000000001,0.064,0.0,0.0
6121.0,0.12546645908819432,0.122,0.157,0.11599999999999999,0.182,0.217
6201.0,0.1370014083071734,0.135,0.146,0.187,0.19399999999999998,0.21899999999999997
6202.0,0.17516549796213443,0.172,0.147,0.14400000000000002,0.11699999999999999,0.12
6203.0,0.14135680581874482,0.13699999999999998,0.121,0.10400000000000001,0.076,0.08
6204.0,0.10764087162616723,0.10300000000000001,0.131,0.10300000000000001,0.078,0.092
6301.0,0.038892449896302646,0.035,0.061,0.127,0.13699999999999998,0.22399999999999998
6302.0,0.08870572885487316,0.083,0.07,0.040999999999999995,0.065,0.10400000000000001
6303.0,0.06981573071212807,0.065,0.063,0.068,0.124,0.107
6304.0,0.0477801023662998,0.042,0.032,0.049,0.055999999999999994,0.046
6305.0,0.05342591198475316,0.048,0.077,0.07200000000000001,0.068,0.06
6308.0,0.09475825210374056,0.09,0.083,0.083,0.091,0.055999999999999994
6309.0,0.11620136993725404,0.111,0.125,0.064,0.081,0.09300000000000001
6401.0,0.1557162815047759,0.151,0.12300000000000001,0.085,0.062,0.071
6403.0,0.25292560907630535,0.252,0.28300000000000003,0.24,0.184,0.17
6404.0,0.19786174077805932,0.198,0.23600000000000002,0.29,0.228,0.175
6405.0,0.1703158457220111,0.16899999999999998,0.183,0.21,0.217,0.184
6406.0,0.11200797598393959,0.109,0.11900000000000001,0.146,0.168,0.17
6407.0,0.22413832384039215,0.223,0.205,0.20800000000000002,0.20800000000000002,0.162
6408.0,0.13641010976783208,0.133,0.12300000000000001,0.139,0.11900000000000001,0.095
6501.0,0.12684103330155932,0.12300000000000001,0.14400000000000002,0.145,0.077,0.045
6502.0,0.15661248812435677,0.154,0.16899999999999998,0.14400000000000002,0.204,0.207
6503.01,0.2156095419402907,0.213,0.20600000000000002,0.163,0.138,0.132
6503.02,0.14261435046176282,0.14,0.22,0.19699999999999998,0.13699999999999998,0.15
6504.0,0.08803055060481339,0.083,0.078,0.07400000000000001,0.081,0.047
6505.0,0.12466239690079477,0.12,0.087,0.07400000000000001,0.09699999999999999,0.11
6603.01,0.020014611732613465,0.013000000000000001,0.011000000000000001,0.013000000000000001,0.0,0.0
6603.02,0.023506761184519206,0.018000000000000002,0.028999999999999998,0.07,0.064,0.04
6604.0,0.13996104060826517,0.135,0.073,0.063,0.066,0.077
6605.0,0.04318080205970302,0.037000000000000005,0.026000000000000002,0.033,0.043,0.064
6606.0,0.05640165054255383,0.05,0.023,0.013999999999999999,0.043,0.055
6607.0,0.057922134433504587,0.053,0.052000000000000005,0.076,0.10099999999999999,0.08
6608.0,0.05759834899615567,0.051,0.047,0.021,0.018000000000000002,0.026000000000000002
6609.0,0.06203351902251585,0.057,0.063,0.09699999999999999,0.05,0.04
6610.0,0.12936553133952378,0.126,0.11599999999999999,0.149,0.107,0.109
6611.0,0.11635139842697309,0.113,0.11900000000000001,0.14300000000000002,0.132,0.127
6701.0,0.17498940346024325,0.17,0.11599999999999999,0.046,0.08800000000000001,0.05
6702.0,0.08144277121021043,0.075,0.04,0.022000000000000002,0.011000000000000001,0.0
6703.0,0.02601911330120373,0.019,0.01,0.01,0.0,0.0
6704.0,0.032129734305669046,0.026000000000000002,0.068,0.04,0.064,0.032
6705.0,0.007283984416130623,0.0,0.0,0.0,0.0,0.0
6706.0,0.08822012090411739,0.083,0.069,0.068,0.067,0.0
6707.0,0.028042990783934154,0.022000000000000002,0.046,0.033,0.08,0.10099999999999999
6708.0,0.08743613335933824,0.08199999999999999,0.059000000000000004,0.057,0.06,0.055
6709.0,0.017212687451727895,0.01,0.0,0.0,0.0,0.04
6711.0,0.01806321018446974,0.011000000000000001,0.011000000000000001,0.011000000000000001,0.0,0.0
6712.0,0.018866386233983796,0.012,0.012,0.013999999999999999,0.016,0.015
6713.0,0.08872313198828408,0.084,0.09300000000000001,0.09,0.091,0.062
6714.0,0.05935849643668886,0.055,0.106,0.127,0.09,0.115
6715.0,0.011098977908477473,0.004,0.006,0.008,0.005,0.042
6716.0,0.026224639325935935,0.019,0.018000000000000002,0.0,0.0,0.0
6718.0,0.04149067391891824,0.036000000000000004,0.033,0.08,0.034,0.054000000000000006
6719.0,0.10140947247784096,0.096,0.076,0.059000000000000004,0.055999999999999994,0.07200000000000001
6720.0,0.09175623376434484,0.087,0.105,0.11,0.052000000000000005,0.047
6805.0,0.05307615584317181,0.047,0.073,0.046,0.044000000000000004,0.02
6806.0,0.034906395463203926,0.027999999999999997,0.031,0.018000000000000002,0.0,0.028999999999999998
6809.0,0.02218156648390964,0.015,0.034,0.005,0.006,0.006
6810.0,0.0642719476662541,0.057999999999999996,0.057999999999999996,0.031,0.035,0.019
6811.0,0.035064568585311956,0.028999999999999998,0.033,0.05,0.033,0.051
6812.0,0.04965948519909013,0.043,0.06,0.025,0.016,0.01
6813.0,0.014966242482971185,0.008,0.0,0.01,0.01,0.0
6814.0,0.04089103145974699,0.036000000000000004,0.059000000000000004,0.098,0.079,0.102
6903.0,0.05375658767887154,0.047,0.047,0.015,0.015,0.016
6904.0,0.07122668946489216,0.066,0.067,0.069,0.077,0.1
6905.0,0.10652964667341375,0.10099999999999999,0.064,0.076,0.0,0.0
6909.0,0.034796103929984876,0.028999999999999998,0.025,0.059000000000000004,0.042,0.037000000000000005
6910.0,0.10829079898817368,0.10400000000000001,0.092,0.10300000000000001,0.098,0.032
6911.0,0.043184276493415365,0.037000000000000005,0.036000000000000004,0.042,0.03,0.038
6912.0,0.04237439323088225,0.036000000000000004,0.051,0.034,0.032,0.049
6913.0,0.12208375750563089,0.11900000000000001,0.121,0.14,0.16399999999999998,0.154
6914.0,0.06752107061513266,0.063,0.068,0.095,0.109,0.133
6915.0,0.06144951149875528,0.055999999999999994,0.026000000000000002,0.062,0.054000000000000006,0.091
7001.0,0.2584191234273533,0.259,0.27899999999999997,0.314,0.203,0.198
7002.0,0.1612679138972017,0.159,0.19399999999999998,0.17800000000000002,0.185,0.19899999999999998
7003.01,0.1736840801084051,0.171,0.154,0.141,0.18100000000000002,0.175
7003.02,0.1911794284298502,0.191,0.21,0.268,0.228,0.183
7004.01,0.24216613719625044,0.242,0.23600000000000002,0.254,0.228,0.235
7004.02,0.28066782736636575,0.282,0.27899999999999997,0.272,0.35,0.242
7005.01,0.250585737626868,0.252,0.266,0.285,0.35200000000000004,0.3
7005.02,0.4145393982356954,0.418,0.374,0.366,0.344,0.32799999999999996
7101.0,0.06610574057602009,0.06,0.057999999999999996,0.03,0.054000000000000006,0.0
7102.0,0.03225158612652014,0.026000000000000002,0.046,0.042,0.036000000000000004,0.055999999999999994
7103.0,0.07524075807513889,0.069,0.037000000000000005,0.035,0.012,0.017
7104.0,0.04704572213440114,0.040999999999999995,0.059000000000000004,0.052000000000000005,0.034,0.075
7105.0,0.03763196489205166,0.032,0.040999999999999995,0.05,0.083,0.11
7106.0,0.027678116432767654,0.021,0.021,0.025,0.013000000000000001,0.01
7107.0,0.12228510938982992,0.11699999999999999,0.122,0.073,0.048,0.034
7108.0,0.08330259156809652,0.078,0.09300000000000001,0.066,0.077,0.075
7109.0,0.11821116020988531,0.114,0.10099999999999999,0.1,0.109,0.14300000000000002
7110.0,0.0428151185646373,0.037000000000000005,0.032,0.048,0.057999999999999996,0.055999999999999994
7111.0,0.15523082615556377,0.15,0.1,0.07,0.023,0.01
7112.0,0.10017892456483371,0.096,0.08800000000000001,0.11599999999999999,0.09,0.11800000000000001
7113.0,0.10526256203506215,0.102,0.099,0.153,0.122,0.063
7114.0,0.03713432509318888,0.031,0.027000000000000003,0.04,0.04,0.055999999999999994
7115.0,0.08745401064612952,0.083,0.069,0.067,0.155,0.21899999999999997
7201.0,0.30943510099430527,0.313,0.315,0.38299999999999995,0.379,0.387
7202.0,0.31235342034868574,0.313,0.302,0.271,0.261,0.248
7203.0,0.4011487307132382,0.405,0.42,0.406,0.34299999999999997,0.349
7204.0,0.3588967855703582,0.363,0.375,0.39799999999999996,0.39899999999999997,0.414
7205.0,0.3790271270673753,0.381,0.363,0.32,0.29,0.344
7206.0,0.43249542907302896,0.43700000000000006,0.402,0.40299999999999997,0.38799999999999996,0.278
7207.0,0.23693264785716156,0.23600000000000002,0.24100000000000002,0.239,0.17800000000000002,0.165
7301.0,0.16992120281429557,0.16699999999999998,0.139,0.163,0.10800000000000001,0.085
7302.01,0.07833730100711869,0.073,0.063,0.054000000000000006,0.086,0.07
7302.02,0.1636515974021974,0.161,0.166,0.15,0.18100000000000002,0.11199999999999999
7303.0,0.15908399927238842,0.157,0.13,0.18,0.17300000000000001,0.15
7304.0,0.1320307276956585,0.13,0.166,0.184,0.21,0.195
7305.0,0.13808334054710408,0.134,0.12300000000000001,0.11699999999999999,0.085,0.11699999999999999
7306.0,0.15645510797382015,0.152,0.142,0.077,0.115,0.107
7307.0,0.17050731314776477,0.16699999999999998,0.11699999999999999,0.125,0.105,0.07400000000000001
7401.0,0.36845779418612534,0.37200000000000005,0.40299999999999997,0.38299999999999995,0.371,0.324
7402.0,0.44132416002742914,0.447,0.439,0.44299999999999995,0.452,0.415
7403.0,0.4191375516742285,0.423,0.408,0.39,0.355,0.32
7404.0,0.33591577442172404,0.337,0.317,0.27,0.3,0.218
7501.0,0.13162035271350636,0.128,0.13,0.129,0.122,0.059000000000000004
7502.0,0.21102847834591748,0.21100000000000002,0.242,0.266,0.248,0.292
7503.0,0.3439316498252859,0.348,0.33899999999999997,0.384,0.41700000000000004,0.38299999999999995
7504.0,0.2485728164841683,0.25,0.245,0.298,0.32,0.31
7505.0,0.2521192518443345,0.253,0.222,0.28,0.28,0.17300000000000001
7506.0,0.18582667003679718,0.183,0.14300000000000002,0.139,0.154,0.135
7608.01,0.07354534403973982,0.069,0.057999999999999996,0.099,0.08900000000000001,0.07
7608.02,0.15494300055945792,0.151,0.095,0.091,0.124,0.08800000000000001
7608.03,0.10983167889715993,0.106,0.131,0.124,0.126,0.111
7702.01,0.20411514476624917,0.203,0.22699999999999998,0.221,0.212,0.20199999999999999
7702.02,0.20104621750789814,0.19899999999999998,0.223,0.183,0.182,0.14400000000000002
7703.0,0.24450227248389286,0.245,0.22,0.27399999999999997,0.254,0.226
7704.0,0.15190545772897068,0.149,0.161,0.154,0.152,0.156
7705.0,0.0814812453587062,0.076,0.077,0.067,0.049,0.057
7706.01,0.16073743369797502,0.161,0.18899999999999997,0.258,0.311,0.318
7706.02,0.18356545888818018,0.18100000000000002,0.11800000000000001,0.138,0.175,0.12
7707.0,0.14171526572118678,0.138,0.126,0.12300000000000001,0.113,0.11900000000000001
7708.0,0.12697633642215467,0.124,0.132,0.15,0.158,0.184
7709.01,0.2254418758516084,0.22399999999999998,0.249,0.20800000000000002,0.19399999999999998,0.161
7709.02,0.1723849657968907,0.16899999999999998,0.157,0.13699999999999998,0.113,0.13699999999999998
8001.0,0.3115318102019562,0.312,0.301,0.267,0.249,0.271
8002.0,0.3038434345284563,0.304,0.297,0.26,0.23199999999999998,0.257
8003.0,0.2738772500237062,0.273,0.265,0.21100000000000002,0.22,0.217
8004.0,0.20609289151143706,0.205,0.18,0.213,0.20600000000000002,0.231
8005.0,0.2332231378903349,0.23399999999999999,0.244,0.28,0.294,0.267
8006.0,0.23334682325327272,0.233,0.261,0.257,0.221,0.231
8007.0,0.2895487112162879,0.29,0.29,0.26,0.273,0.248
8008.0,0.21084785788587124,0.21100000000000002,0.251,0.258,0.28800000000000003,0.19899999999999998
8009.0,0.3257015611560534,0.327,0.317,0.28300000000000003,0.307,0.311
8010.0,0.3065305681336835,0.309,0.295,0.34600000000000003,0.321,0.341
8011.0,0.2951612679629112,0.29600000000000004,0.276,0.259,0.307,0.292
8012.0,0.21939694236283594,0.22,0.223,0.27,0.295,0.281
8013.0,0.20013317697704971,0.19899999999999998,0.22,0.209,0.233,0.249
8014.0,0.32332268773762707,0.327,0.386,0.395,0.391,0.42700000000000005
8015.0,0.27570837736880105,0.276,0.281,0.26,0.262,0.26899999999999996
8016.01,0.2764547993303753,0.27699999999999997,0.297,0.27,0.278,0.29600000000000004
8016.03,0.12725590372829698,0.12300000000000001,0.16899999999999998,0.099,0.131,0.154
8016.05,0.3326971843898452,0.33399999999999996,0.315,0.298,0.272,0.281
8016.06,0.36516561228076394,0.368,0.382,0.359,0.331,0.335
8016.07,0.2562681917530796,0.257,0.302,0.27899999999999997,0.3,0.301
8016.08,0.3287510788159018,0.33,0.267,0.265,0.31,0.303
8017.01,0.33961729623198056,0.34299999999999997,0.361,0.37799999999999995,0.366,0.33799999999999997
8017.02,0.3230948709492122,0.326,0.32799999999999996,0.374,0.318,0.3
8018.0,0.34431259193186436,0.34600000000000003,0.299,0.284,0.325,0.34600000000000003
8019.01,0.21408203578734628,0.214,0.191,0.247,0.252,0.22399999999999998
8019.02,0.20989964886636786,0.21100000000000002,0.249,0.278,0.355,0.331
8020.02,0.2952382022292005,0.297,0.3,0.311,0.321,0.34700000000000003
8020.03,0.30144107499698125,0.304,0.34600000000000003,0.35600000000000004,0.34,0.39899999999999997
8020.04,0.10958342538503177,0.10800000000000001,0.135,0.196,0.24,0.27699999999999997
8021.0,0.27760887213445673,0.27899999999999997,0.294,0.298,0.316,0.341
8022.0,0.21850941497076576,0.21899999999999997,0.244,0.268,0.297,0.33
8023.0,0.15821948059341268,0.156,0.168,0.157,0.221,0.233
8024.02,0.19921407979531813,0.19699999999999998,0.187,0.174,0.165,0.184
8024.03,0.24893187798048294,0.248,0.22,0.23199999999999998,0.172,0.161
8024.04,0.16757885872550618,0.16399999999999998,0.149,0.11699999999999999,0.13,0.153
8025.03,0.2552165814571266,0.255,0.259,0.228,0.273,0.187
8025.04,0.24869477788283803,0.249,0.27,0.261,0.278,0.245
8025.05,0.0982487750052623,0.094,0.107,0.105,0.114,0.126
8025.06,0.19445344498297543,0.192,0.163,0.16399999999999998,0.15,0.17600000000000002
8026.05,0.28146152496172006,0.282,0.258,0.26,0.27399999999999997,0.29100000000000004
8026.07,0.29529682503596466,0.293,0.217,0.145,0.149,0.161
8026.08,0.18815615851748058,0.188,0.231,0.254,0.27,0.273
8026.09,0.10854174647259825,0.10300000000000001,0.083,0.061,0.035,0.045
8026.1,0.298181325381754,0.3,0.311,0.308,0.336,0.413
8027.01,0.27939099790967736,0.281,0.263,0.31,0.301,0.314
8027.02,0.27445332485341456,0.276,0.272,0.292,0.337,0.34299999999999997
8028.01,0.3269867379912488,0.33,0.34299999999999997,0.373,0.336,0.319
8028.02,0.3323889987111692,0.33399999999999996,0.354,0.324,0.275,0.29100000000000004
8029.0,0.36662707364281655,0.369,0.345,0.33399999999999996,0.309,0.327
8030.05,0.2407136991393873,0.239,0.207,0.187,0.172,0.22699999999999998
8030.07,0.4427520646230082,0.447,0.434,0.41200000000000003,0.349,0.34600000000000003
8030.08,0.32464087057184654,0.32799999999999996,0.327,0.375,0.365,0.32299999999999995
8030.1,0.3906694852389053,0.39299999999999996,0.363,0.312,0.336,0.332
8030.12,0.24391016690659653,0.242,0.188,0.18,0.152,0.187
8030.13,0.3164599258448688,0.318,0.285,0.309,0.276,0.247
8030.14,0.20919308180013416,0.21,0.20800000000000002,0.273,0.313,0.389
8030.15,0.2762151438669569,0.276,0.264,0.23199999999999998,0.251,0.262
8030.16,0.2842494208109758,0.28300000000000003,0.255,0.205,0.177,0.185
8030.17,0.2481115284287692,0.248,0.258,0.243,0.261,0.264
8031.0,0.39048355604124074,0.39399999999999996,0.39399999999999996,0.366,0.379,0.361
8032.0,0.25197177464261833,0.253,0.259,0.292,0.29100000000000004,0.314
8033.0,0.30580412135765633,0.306,0.281,0.257,0.233,0.23800000000000002
8034.0,0.3238052827928365,0.326,0.313,0.345,0.287,0.27
8035.0,0.25900468503656204,0.26,0.264,0.29100000000000004,0.28600000000000003,0.297
8036.03,0.3760014421284045,0.38,0.34600000000000003,0.37200000000000005,0.41,0.39799999999999996
8036.04,0.27353127925996734,0.275,0.305,0.31,0.31,0.278
8036.05,0.3279076124581405,0.331,0.34700000000000003,0.345,0.4,0.33299999999999996
8036.06,0.05822785974380724,0.053,0.040999999999999995,0.07,0.073,0.066
8036.07,0.47354764607335387,0.479,0.501,0.447,0.423,0.434
8036.08,0.19563121766952843,0.195,0.175,0.22,0.25,0.226
8036.1,0.2710369690548121,0.272,0.28600000000000003,0.28800000000000003,0.289,0.27699999999999997
8036.11,0.21392980734889266,0.212,0.201,0.18,0.18,0.19
8036.12,0.1535480601154891,0.152,0.124,0.203,0.19,0.146
8037.01,0.2853169342376026,0.285,0.281,0.24,0.225,0.22399999999999998
8037.02,0.3077649094750158,0.311,0.34,0.377,0.36700000000000005,0.342
8038.0,0.3484167323319325,0.35100000000000003,0.364,0.34700000000000003,0.331,0.33899999999999997
8039.01,0.19627590941362755,0.195,0.18100000000000002,0.2,0.21899999999999997,0.242
8039.02,0.2600983850427886,0.26,0.244,0.24,0.252,0.235
8040.0,0.2598421798235906,0.259,0.251,0.218,0.215,0.20199999999999999
8041.02,0.34170779667416573,0.34299999999999997,0.325,0.27899999999999997,0.305,0.331
8041.04,0.40363808265427203,0.40700000000000003,0.38299999999999995,0.366,0.34600000000000003,0.313
8041.05,0.48537171248398525,0.494,0.491,0.5589999999999999,0.547,0.504
8041.06,0.2992544564826215,0.301,0.273,0.309,0.307,0.35700000000000004
8041.08,0.25282941967982464,0.25,0.184,0.146,0.106,0.094
8041.09,0.22598363401406518,0.226,0.24600000000000002,0.253,0.268,0.287
8042.01,0.22986844623734953,0.23,0.244,0.256,0.271,0.312
8042.02,0.3756683224774172,0.37799999999999995,0.35700000000000004,0.336,0.299,0.37200000000000005
8043.05,0.2703069827758442,0.27,0.252,0.235,0.23399999999999999,0.215
8043.06,0.18522811300295233,0.183,0.18100000000000002,0.177,0.166,0.125
8043.08,0.2540679612155866,0.253,0.26,0.222,0.191,0.19699999999999998
8043.09,0.22639179971563023,0.225,0.142,0.18,0.20199999999999999,0.16899999999999998
8043.1,0.3699361584386305,0.374,0.39399999999999996,0.415,0.36200000000000004,0.376
8043.11,0.30683573846464807,0.31,0.311,0.36200000000000004,0.375,0.413
8044.03,0.2176488241775044,0.217,0.231,0.23399999999999999,0.23,0.23399999999999999
8044.04,0.2803944911817321,0.28,0.27,0.225,0.244,0.24
8044.05,0.06577276309529162,0.062,0.131,0.14,0.13699999999999998,0.161
8044.06,0.15676019267491828,0.155,0.175,0.18899999999999997,0.215,0.171
8045.05,0.1854643716477237,0.184,0.158,0.19,0.215,0.198
8045.06,0.30565456242951194,0.309,0.32,0.37,0.385,0.442
8045.07,0.44726168501493035,0.45299999999999996,0.456,0.45299999999999996,0.44299999999999995,0.43
8045.08,0.13925173260897963,0.135,0.129,0.087,0.126,0.151
8045.09,0.24633991787531123,0.245,0.266,0.198,0.21600000000000003,0.17800000000000002
8045.1,0.13276504675967787,0.129,0.122,0.127,0.105,0.078
8045.11,0.08031018189268008,0.076,0.125,0.10400000000000001,0.132,0.126
8046.03,0.13188919365704999,0.128,0.125,0.109,0.128,0.157
8046.06,0.3890857004955266,0.392,0.381,0.341,0.355,0.395
8046.07,0.4336177749905511,0.43700000000000006,0.436,0.374,0.33399999999999996,0.36
8046.08,0.2725048878536328,0.272,0.21600000000000003,0.20600000000000002,0.249,0.26899999999999996
8046.09,0.34244216211354306,0.34299999999999997,0.319,0.284,0.21,0.23600000000000002
8046.1,0.2164752355130533,0.215,0.256,0.21100000000000002,0.195,0.191
8046.11,0.2033293460354262,0.201,0.184,0.154,0.18600000000000003,0.213
8047.01,0.19952771147091844,0.198,0.239,0.21600000000000003,0.185,0.222
8047.05,0.21118996987719862,0.21,0.201,0.198,0.23,0.273
8047.06,0.4667130589826962,0.47100000000000003,0.415,0.382,0.38299999999999995,0.34700000000000003
8047.09,0.15008801742916889,0.147,0.122,0.132,0.157,0.11699999999999999
8047.1,0.27930075264713483,0.282,0.29,0.345,0.368,0.35
8047.11,0.20573293941756401,0.205,0.18899999999999997,0.217,0.243,0.193
8047.12,0.33214504540026024,0.336,0.33299999999999996,0.387,0.39399999999999996,0.402
8047.13,0.25992710428963905,0.26,0.28800000000000003,0.252,0.26899999999999996,0.252
8047.14,0.39146995487733016,0.395,0.377,0.385,0.335,0.294
8047.15,0.21797327261578206,0.215,0.182,0.133,0.142,0.142
8047.16,0.3276166900963454,0.331,0.33399999999999996,0.366,0.386,0.391
8048.03,0.34629694560842383,0.35100000000000003,0.349,0.41700000000000004,0.42700000000000005,0.385
8048.04,0.22911620534226718,0.22899999999999998,0.257,0.254,0.254,0.214
8048.05,0.28416766606251354,0.28600000000000003,0.258,0.3,0.33899999999999997,0.33799999999999997
8048.06,0.23297950149516805,0.233,0.226,0.248,0.263,0.23
8048.07,0.1854974479700579,0.184,0.175,0.19899999999999998,0.20199999999999999,0.239
8048.08,0.27810206959752315,0.27699999999999997,0.255,0.214,0.18100000000000002,0.23800000000000002
8048.09,0.39960181489042856,0.40299999999999997,0.38299999999999995,0.348,0.38799999999999996,0.355
8048.1,0.21197939377651,0.21,0.231,0.17600000000000002,0.198,0.22899999999999998
8049.01,0.22659560516340868,0.22699999999999998,0.249,0.264,0.29100000000000004,0.28300000000000003
8049.02,0.37080683553500227,0.374,0.379,0.37200000000000005,0.34,0.39799999999999996
8050.01,0.321401984457359,0.32299999999999995,0.29100000000000004,0.304,0.29100000000000004,0.292
8050.02,0.16851108154169323,0.165,0.147,0.133,0.105,0.096
8051.05,0.19567452664143883,0.192,0.162,0.11699999999999999,0.10300000000000001,0.057
8051.06,0.21746008330787955,0.217,0.239,0.248,0.228,0.19399999999999998
8051.07,0.07391193610009661,0.07,0.095,0.128,0.121,0.099
8051.08,0.1875091511952459,0.185,0.177,0.16399999999999998,0.156,0.2
8051.09,0.21360222430701148,0.213,0.203,0.218,0.256,0.245
8051.1,0.21639667476774266,0.215,0.20600000000000002,0.21,0.182,0.21
8051.11,0.13717988397046338,0.134,0.13699999999999998,0.14300000000000002,0.14300000000000002,0.151
8051.12,0.14108775936836387,0.139,0.187,0.193,0.18899999999999997,0.166
8052.01,0.3090572207786103,0.31,0.32899999999999996,0.292,0.26899999999999996,0.27399999999999997
8052.02,0.30235185932216857,0.304,0.285,0.304,0.309,0.292
8053.01,0.19527449209988434,0.195,0.17800000000000002,0.22699999999999998,0.278,0.267
8053.02,0.3196013024612675,0.321,0.331,0.301,0.295,0.314
8054.01,0.25970903003719514,0.26,0.262,0.264,0.258,0.307
8054.02,0.24682875421706355,0.24600000000000002,0.262,0.23,0.209,0.253
8055.01,0.3311356175296152,0.33299999999999996,0.319,0.315,0.305,0.303
8055.02,0.25838368093963715,0.259,0.256,0.271,0.27899999999999997,0.249
8056.0,0.30715264587191726,0.309,0.3,0.311,0.321,0.33799999999999997
8057.01,0.28799408517299996,0.29,0.301,0.332,0.314,0.305
8057.02,0.37379414426200364,0.376,0.327,0.33299999999999996,0.278,0.263
8058.01,0.2795681722722738,0.281,0.287,0.303,0.306,0.38
8058.02,0.29751118114411335,0.3,0.32799999999999996,0.331,0.375,0.361
8059.01,0.2650794584418711,0.265,0.28300000000000003,0.259,0.23199999999999998,0.24
8059.02,0.28038817020986107,0.281,0.271,0.271,0.268,0.256
8060.01,0.09947716385163431,0.095,0.086,0.083,0.12,0.067
8060.02,0.1065642723823465,0.10300000000000001,0.12300000000000001,0.129,0.145,0.156
8060.03,0.12443619384206886,0.121,0.136,0.141,0.128,0.187
8060.04,0.1319555033272536,0.127,0.1,0.065,0.08199999999999999,0.075
8061.02,0.3229662309129626,0.324,0.321,0.275,0.297,0.267
8061.03,0.27709255029321367,0.27699999999999997,0.28,0.23800000000000002,0.26,0.34
8061.04,0.10107812804175095,0.096,0.08199999999999999,0.07200000000000001,0.071,0.073
8062.01,0.1850418504694335,0.182,0.188,0.153,0.125,0.122
8062.02,0.20014887259337855,0.198,0.188,0.174,0.172,0.158
8063.0,0.25985130624802555,0.26,0.27699999999999997,0.262,0.253,0.3
8064.0,0.2664450553465939,0.267,0.247,0.251,0.3,0.342
8065.01,0.14097481498412445,0.13699999999999998,0.132,0.102,0.128,0.154
8065.02,0.1906538624645082,0.188,0.142,0.154,0.14,0.11699999999999999
8066.0,0.23209578653583288,0.231,0.203,0.188,0.244,0.267
8067.0,0.27132157669981394,0.273,0.28,0.306,0.331,0.371
8068.01,0.24384264968741104,0.243,0.21,0.214,0.21600000000000003,0.221
8068.02,0.2623484206243748,0.261,0.192,0.19699999999999998,0.16899999999999998,0.151
8069.0,0.17093303399888682,0.16899999999999998,0.14400000000000002,0.18,0.187,0.17800000000000002
8070.0,0.20012367243331194,0.198,0.19,0.163,0.19699999999999998,0.20199999999999999
8071.0,0.3637046636718251,0.36700000000000005,0.374,0.36200000000000004,0.374,0.419
8072.0,0.32792514973840126,0.33,0.335,0.33399999999999996,0.302,0.302
8073.0,0.18912673985276235,0.187,0.214,0.193,0.159,0.195
8074.0,0.2284220812785554,0.22699999999999998,0.182,0.18,0.21600000000000003,0.21100000000000002
8075.0,0.3789162767162241,0.38,0.29100000000000004,0.282,0.23,0.264
8076.0,0.2741047603633453,0.273,0.22,0.182,0.22899999999999998,0.24
8077.0,0.1740387463076639,0.172,0.159,0.154,0.23,0.191
8078.0,0.3153858880097965,0.316,0.297,0.27699999999999997,0.24100000000000002,0.259
8079.0,0.32538466961057255,0.32899999999999996,0.395,0.385,0.406,0.426
8080.01,0.37544021662256144,0.37799999999999995,0.353,0.368,0.261,0.22399999999999998
8080.02,0.25724329701193477,0.258,0.253,0.28300000000000003,0.271,0.258
8081.0,0.16166145067821247,0.16,0.17800000000000002,0.22399999999999998,0.156,0.152
8082.0,0.2235239206946191,0.223,0.257,0.254,0.213,0.204
8083.01,0.262032232687064,0.262,0.26,0.248,0.25,0.261
8083.02,0.3091291522365065,0.309,0.276,0.233,0.23800000000000002,0.17
8084.0,0.2862168918828625,0.28800000000000003,0.307,0.312,0.332,0.33399999999999996
8085.0,0.2973721475941584,0.299,0.317,0.305,0.324,0.293
8086.0,0.23923280990056006,0.239,0.23600000000000002,0.213,0.302,0.316
8087.02,0.2493545822025235,0.247,0.171,0.152,0.14400000000000002,0.163
8088.0,0.23579272118437394,0.23600000000000002,0.28600000000000003,0.289,0.231,0.217
8089.0,0.27921772682808277,0.28,0.28600000000000003,0.284,0.27,0.316
8090.0,0.29958519880219625,0.301,0.327,0.302,0.309,0.304
8091.0,0.2719190317204061,0.273,0.218,0.28600000000000003,0.273,0.308
8092.0,0.1453714678739453,0.14300000000000002,0.16399999999999998,0.179,0.17,0.166
8093.0,0.08866786615474512,0.085,0.11699999999999999,0.13,0.14300000000000002,0.135
8094.0,0.213759077912909,0.21100000000000002,0.184,0.14400000000000002,0.149,0.16899999999999998
8095.0,0.19107949578331496,0.19,0.201,0.20600000000000002,0.243,0.218
8096.0,0.20512363936183164,0.204,0.205,0.23800000000000002,0.16699999999999998,0.179
8097.0,0.32876082501404535,0.331,0.33299999999999996,0.324,0.33799999999999997,0.281
8098.0,0.20507004893989583,0.204,0.255,0.213,0.245,0.245
8099.0,0.219972296889404,0.221,0.276,0.311,0.28800000000000003,0.314
8100.0,0.19648929314593355,0.19399999999999998,0.195,0.17,0.14800000000000002,0.172
8101.0,0.2859338967218612,0.28600000000000003,0.273,0.248,0.248,0.21600000000000003
8102.0,0.19166958079345475,0.19,0.184,0.16899999999999998,0.24,0.249
8103.01,0.24087854091046237,0.24100000000000002,0.209,0.25,0.256,0.273
8103.02,0.3082970286991005,0.309,0.315,0.275,0.26899999999999996,0.264
8104.0,0.32887352801873726,0.331,0.295,0.32,0.315,0.297
8105.01,0.2515613897075347,0.25,0.225,0.175,0.212,0.152
8105.02,0.13051160582200078,0.127,0.11900000000000001,0.146,0.09699999999999999,0.102
8106.0,0.12577863744695494,0.122,0.134,0.11599999999999999,0.136,0.151
8107.01,0.1366697813345785,0.134,0.129,0.16399999999999998,0.156,0.157
8107.02,0.2233943213650918,0.221,0.174,0.155,0.156,0.159
8108.0,0.24466862666081626,0.245,0.27,0.259,0.28800000000000003,0.282
8109.0,0.13949334819781326,0.136,0.139,0.113,0.165,0.15
8110.0,0.271912450293215,0.273,0.259,0.297,0.272,0.284
8111.0,0.11812096159755879,0.114,0.109,0.115,0.094,0.096
8112.0,0.17505275044885224,0.172,0.14800000000000002,0.142,0.134,0.162
8113.01,0.17860972287278895,0.177,0.20600000000000002,0.217,0.175,0.19699999999999998
8113.02,0.1016269384300547,0.098,0.15,0.146,0.122,0.102
8114.01,0.24103178361775035,0.239,0.212,0.17800000000000002,0.156,0.14300000000000002
8114.02,0.20425635172408105,0.203,0.22399999999999998,0.21100000000000002,0.214,0.231
8115.0,0.1889451618948432,0.18600000000000003,0.18,0.155,0.125,0.098
8116.0,0.1143368996664712,0.11,0.10400000000000001,0.107,0.086,0.132
8117.01,0.1808093724754837,0.17800000000000002,0.135,0.151,0.133,0.14400000000000002
8117.02,0.15062270197195876,0.14800000000000002,0.17800000000000002,0.159,0.183,0.174
8118.0,0.2863041606366036,0.285,0.262,0.21100000000000002,0.161,0.149
8119.0,0.1465934971487129,0.145,0.17600000000000002,0.18600000000000003,0.248,0.272
8120.0,0.2003514991746584,0.2,0.24600000000000002,0.24600000000000002,0.261,0.245
8121.0,0.3573255272126832,0.359,0.307,0.299,0.28800000000000003,0.272
8122.0,0.19538512505512168,0.196,0.205,0.27,0.307,0.318
8123.01,0.21186011777701164,0.21,0.218,0.201,0.157,0.145
8123.02,0.4654879867500923,0.469,0.36,0.33399999999999996,0.364,0.317
8124.0,0.2906084378083674,0.29100000000000004,0.298,0.27,0.25,0.243
8125.0,0.1623170726727644,0.161,0.191,0.209,0.22899999999999998,0.22699999999999998
8126.0,0.1543579878509312,0.152,0.162,0.174,0.17300000000000001,0.195
8127.0,0.17128779132127053,0.168,0.183,0.136,0.139,0.158
8128.01,0.19979229523696793,0.198,0.19,0.20199999999999999,0.159,0.11699999999999999
8128.02,0.18777160346910346,0.18600000000000003,0.233,0.225,0.147,0.172
8129.0,0.26912745983194986,0.271,0.265,0.302,0.355,0.37200000000000005
8130.0,0.29794731935183416,0.301,0.332,0.381,0.34299999999999997,0.371
8131.0,0.3175064921754712,0.319,0.321,0.308,0.289,0.26
8132.0,0.3173501692547388,0.319,0.33799999999999997,0.299,0.332,0.319
8133.01,0.0712663818057578,0.066,0.066,0.054000000000000006,0.10099999999999999,0.081
8133.02,0.1128769268336774,0.10800000000000001,0.09300000000000001,0.083,0.068,0.099
8134.0,0.058656189176536054,0.055,0.039,0.126,0.139,0.14
8135.0,0.2141371427285825,0.213,0.225,0.213,0.21600000000000003,0.235
8136.0,0.08490150447399179,0.08,0.094,0.081,0.092,0.085
8137.01,0.025584119404322692,0.019,0.016,0.027999999999999997,0.017,0.047
8137.02,0.04003423848312082,0.035,0.08199999999999999,0.08900000000000001,0.092,0.085
8138.01,0.07578672631359412,0.071,0.095,0.10099999999999999,0.07400000000000001,0.09699999999999999
8138.02,0.09229250656832479,0.08800000000000001,0.114,0.11599999999999999,0.096,0.099
8139.0,0.07811607521692422,0.07200000000000001,0.067,0.037000000000000005,0.034,0.037000000000000005
8140.0,0.1701729268231056,0.16699999999999998,0.168,0.156,0.107,0.08900000000000001
8141.0,0.06499010549800802,0.059000000000000004,0.057999999999999996,0.047,0.035,0.033
8142.0,0.08576485828148979,0.081,0.073,0.087,0.085,0.068
8143.0,0.1554250219057773,0.152,0.09300000000000001,0.127,0.111,0.11199999999999999
8144.0,0.057629024322590934,0.054000000000000006,0.076,0.134,0.145,0.1
8145.0,0.11007872721403478,0.107,0.111,0.134,0.18100000000000002,0.152
8146.0,0.13530072063953122,0.131,0.114,0.09300000000000001,0.105,0.096
8147.0,0.19873408112209953,0.19699999999999998,0.198,0.2,0.174,0.11
8148.0,0.2192340073606025,0.218,0.235,0.22899999999999998,0.175,0.17300000000000001
8149.0,0.11483640794498173,0.11,0.091,0.083,0.07,0.057
8150.0,0.19152201820104894,0.18899999999999997,0.19699999999999998,0.152,0.184,0.172
8151.0,0.1183344369756322,0.114,0.127,0.107,0.094,0.095
8152.0,0.1902996089758924,0.187,0.16399999999999998,0.13,0.125,0.155
8153.0,0.1719286810725272,0.172,0.217,0.272,0.267,0.262
8154.0,0.23737627415491575,0.23600000000000002,0.262,0.223,0.16899999999999998,0.159
8155.0,0.1597394700452031,0.158,0.18,0.22699999999999998,0.14400000000000002,0.122
8156.0,0.13440199497816666,0.131,0.141,0.124,0.159,0.188
8157.01,0.3325798788486105,0.33399999999999996,0.311,0.28,0.318,0.315
8157.02,0.2891724635311965,0.29,0.335,0.27899999999999997,0.3,0.289
8158.0,0.3207207169369024,0.32299999999999995,0.33799999999999997,0.33399999999999996,0.332,0.3
8159.0,0.1132125284829429,0.109,0.115,0.107,0.106,0.11
8160.0,0.17220496335082938,0.171,0.157,0.217,0.20199999999999999,0.151
8161.0,0.2191417782995508,0.21600000000000003,0.16399999999999998,0.13699999999999998,0.106,0.12
8162.0,0.16092253114791308,0.158,0.156,0.147,0.154,0.142
8163.0,0.11689617967708445,0.114,0.147,0.14800000000000002,0.18600000000000003,0.19399999999999998
8164.01,0.1677890649018465,0.16399999999999998,0.153,0.113,0.11599999999999999,0.099
8164.02,0.13675187173694245,0.135,0.153,0.196,0.20800000000000002,0.171
8165.0,0.13140967494100975,0.127,0.10099999999999999,0.096,0.084,0.068
8166.0,0.11871459651485047,0.115,0.11199999999999999,0.09699999999999999,0.175,0.132
8167.0,0.13173366557465654,0.128,0.11800000000000001,0.121,0.11900000000000001,0.094
8168.0,0.17903594607281353,0.177,0.188,0.195,0.161,0.157
8169.0,0.16925378088521384,0.168,0.19399999999999998,0.21,0.23,0.31
8170.0,0.20836876361472456,0.20600000000000002,0.17800000000000002,0.158,0.16699999999999998,0.182
8171.01,0.1164133123131597,0.113,0.138,0.142,0.136,0.134
8171.02,0.13877428363185448,0.134,0.113,0.066,0.10099999999999999,0.08199999999999999
8172.0,0.08846156955016572,0.085,0.124,0.13699999999999998,0.156,0.129
8173.0,0.10911320027538851,0.10400000000000001,0.051,0.059000000000000004,0.071,0.17600000000000002
8174.0,0.16930989045399225,0.166,0.162,0.134,0.132,0.128
8175.0,0.13077451013237257,0.127,0.115,0.124,0.10800000000000001,0.08800000000000001
8176.0,0.1330464687268687,0.13,0.125,0.122,0.196,0.162
8177.0,0.1786949507108386,0.17600000000000002,0.182,0.154,0.16399999999999998,0.162
8179.0,0.11726678757106924,0.114,0.11900000000000001,0.11900000000000001,0.187,0.251
8180.0,0.15881997670507347,0.155,0.14800000000000002,0.122,0.1,0.11199999999999999
8181.0,0.25320081633349223,0.253,0.21100000000000002,0.22,0.26899999999999996,0.303
8182.0,0.25724044052084466,0.258,0.266,0.276,0.29100000000000004,0.29600000000000004
8183.0,0.10106090121865921,0.098,0.142,0.163,0.149,0.133
8184.01,0.22301679484239365,0.223,0.21,0.259,0.23800000000000002,0.237
8184.02,0.19349859157299681,0.191,0.152,0.171,0.127,0.125
8185.0,0.30782864104150065,0.309,0.331,0.3,0.281,0.29100000000000004
8186.0,0.27100654167354155,0.27,0.257,0.22399999999999998,0.179,0.212
8187.0,0.2796308299225917,0.282,0.33799999999999997,0.363,0.319,0.289
8188.0,0.20021387885694428,0.2,0.23600000000000002,0.23600000000000002,0.29100000000000004,0.285
8189.0,0.20588448245475707,0.204,0.175,0.192,0.156,0.14300000000000002
8190.0,0.34950137077945687,0.353,0.353,0.375,0.373,0.413
8191.0,0.1412320710016273,0.13699999999999998,0.13,0.114,0.075,0.068
8192.0,0.09733164572457031,0.09300000000000001,0.121,0.10300000000000001,0.11599999999999999,0.114
8193.0,0.2614297642503721,0.262,0.27,0.27,0.28,0.29
8194.0,0.2815492142730912,0.282,0.278,0.27899999999999997,0.237,0.162
8195.0,0.23717409494698186,0.23600000000000002,0.222,0.213,0.192,0.212
8196.0,0.3679992553263636,0.37200000000000005,0.375,0.38,0.415,0.408
8197.0,0.3634195701251066,0.366,0.36200000000000004,0.35100000000000003,0.31,0.35200000000000004
8198.01,0.2862072365686673,0.28800000000000003,0.316,0.321,0.32,0.375
8198.02,0.345447693387948,0.35100000000000003,0.391,0.44,0.498,0.46399999999999997
8199.0,0.27325822792988574,0.276,0.322,0.348,0.387,0.33299999999999996
8200.0,0.20545884485269902,0.204,0.228,0.192,0.22899999999999998,0.214
8201.01,0.27409376915711625,0.27399999999999997,0.239,0.24100000000000002,0.237,0.22
8201.03,0.22354236108259376,0.22399999999999998,0.221,0.29100000000000004,0.23399999999999999,0.231
8201.04,0.18147948592469676,0.18,0.204,0.19899999999999998,0.221,0.22
8202.01,0.244334645306857,0.245,0.262,0.27699999999999997,0.287,0.258
8202.02,0.19236837906423634,0.191,0.20199999999999999,0.217,0.18899999999999997,0.191
8203.0,0.08391747622727595,0.079,0.08,0.076,0.094,0.083
8204.0,0.13122349779818054,0.127,0.132,0.10099999999999999,0.11,0.106
8205.01,0.22056678393863846,0.22,0.195,0.22399999999999998,0.239,0.237
8205.02,0.11531042516589868,0.111,0.11699999999999999,0.08800000000000001,0.131,0.125
8206.03,0.17857690071501583,0.177,0.185,0.207,0.188,0.242
8206.04,0.05307460666867622,0.049,0.07400000000000001,0.12,0.125,0.142
8206.05,0.09771560477076971,0.09300000000000001,0.084,0.099,0.063,0.048
8206.06,0.18241905445716308,0.18,0.182,0.171,0.159,0.182
8207.0,0.1742665931583686,0.172,0.18600000000000003,0.193,0.142,0.14400000000000002
8208.0,0.18316938599049842,0.18100000000000002,0.209,0.184,0.174,0.179
8209.01,0.09056530317004344,0.087,0.10800000000000001,0.135,0.139,0.14300000000000002
8209.02,0.16413705489303515,0.161,0.133,0.139,0.132,0.102
8210.01,0.14628574871402975,0.14300000000000002,0.17600000000000002,0.13699999999999998,0.154,0.16699999999999998
8210.02,0.19509097823936047,0.193,0.174,0.17600000000000002,0.172,0.182
8211.01,0.22528323894464988,0.22399999999999998,0.276,0.22699999999999998,0.188,0.182
8211.02,0.1944147895861341,0.193,0.17800000000000002,0.20600000000000002,0.192,0.13699999999999998
8212.0,0.0769403050941137,0.07200000000000001,0.09300000000000001,0.087,0.08199999999999999,0.11699999999999999
8213.0,0.054496629818742946,0.049,0.05,0.066,0.057999999999999996,0.069
8214.01,0.057460614366091886,0.053,0.1,0.109,0.11199999999999999,0.138
8214.02,0.11425386369099226,0.111,0.127,0.152,0.131,0.105
8215.0,0.03831811565446995,0.033,0.042,0.065,0.08900000000000001,0.08900000000000001
8216.0,0.22848018456309324,0.228,0.262,0.25,0.22399999999999998,0.201
8217.0,0.2621521126341637,0.262,0.23,0.23,0.257,0.252
8218.0,0.3040987713026433,0.305,0.305,0.307,0.228,0.23399999999999999
8219.0,0.23962400660576677,0.24,0.222,0.256,0.28,0.293
8220.0,0.07869893041504382,0.07400000000000001,0.065,0.084,0.1,0.075
8221.01,0.1671161881635387,0.165,0.175,0.175,0.19399999999999998,0.24600000000000002
8221.02,0.17871319395299792,0.177,0.147,0.184,0.19899999999999998,0.163
8222.0,0.24861634917843298,0.249,0.225,0.26899999999999996,0.25,0.264
8223.01,0.15802744370633895,0.157,0.209,0.233,0.22699999999999998,0.207
8223.02,0.1969521506616082,0.195,0.21100000000000002,0.182,0.192,0.245
8224.0,0.1402527020353421,0.138,0.212,0.205,0.16,0.15
8225.0,0.20680769855368086,0.207,0.251,0.262,0.28800000000000003,0.276
8226.01,0.26057098281206825,0.261,0.273,0.27899999999999997,0.249,0.28
8226.02,0.23170223316689587,0.23,0.207,0.18,0.19399999999999998,0.17600000000000002
8227.01,0.19529521136010244,0.193,0.139,0.17,0.14400000000000002,0.151
8227.02,0.18361928253213688,0.18100000000000002,0.196,0.166,0.152,0.142
8228.01,0.1988284353845841,0.19699999999999998,0.2,0.18100000000000002,0.201,0.188
8228.02,0.23222141954971168,0.231,0.221,0.21,0.196,0.22899999999999998
8229.0,0.1217810431190482,0.11800000000000001,0.114,0.124,0.114,0.114
8230.01,0.12830101860882726,0.124,0.131,0.11199999999999999,0.08199999999999999,0.08900000000000001
8230.02,0.1904696777560684,0.187,0.154,0.128,0.105,0.086
8231.01,0.19765504207054352,0.196,0.191,0.195,0.19,0.179
8231.02,0.2302674506125999,0.22899999999999998,0.16399999999999998,0.191,0.20199999999999999,0.21899999999999997
8232.0,0.2610120112072849,0.261,0.266,0.235,0.281,0.25
8233.02,0.15472113595546377,0.152,0.17600000000000002,0.162,0.162,0.154
8233.03,0.19148941119250512,0.18899999999999997,0.18600000000000003,0.174,0.14,0.141
8233.04,0.13303199085162995,0.129,0.11699999999999999,0.10400000000000001,0.11699999999999999,0.096
8234.0,0.10537282305471173,0.10099999999999999,0.134,0.10099999999999999,0.115,0.14
8235.0,0.1284338105973812,0.125,0.13,0.138,0.128,0.099
8236.02,0.16755236538659127,0.166,0.165,0.192,0.21899999999999997,0.198
8236.03,0.05214416068636956,0.046,0.045,0.048,0.02,0.015
8236.04,0.2642723040535141,0.264,0.243,0.22899999999999998,0.25,0.27899999999999997
8236.05,0.26701973304502646,0.267,0.27899999999999997,0.242,0.268,0.309
8237.02,0.194713197791278,0.192,0.17300000000000001,0.156,0.141,0.152
8237.03,0.13578664789543915,0.132,0.08900000000000001,0.106,0.125,0.10400000000000001
8237.04,0.30991665506141597,0.31,0.299,0.233,0.272,0.3
8237.05,0.15752003711301338,0.155,0.172,0.172,0.161,0.172
8238.01,0.31672851887892917,0.318,0.264,0.28300000000000003,0.28600000000000003,0.294
8238.03,0.24964066559177056,0.249,0.214,0.217,0.23,0.22399999999999998
8238.05,0.1521976751363817,0.14800000000000002,0.161,0.10300000000000001,0.106,0.14300000000000002
8238.06,0.1019887472552392,0.09699999999999999,0.083,0.076,0.073,0.129
8239.01,0.23253346559270857,0.233,0.25,0.28300000000000003,0.257,0.27699999999999997
8239.03,0.38221283349874347,0.384,0.384,0.31,0.29600000000000004,0.27399999999999997
8239.04,0.315660752808288,0.317,0.332,0.301,0.292,0.293
8240.03,0.2752596089299931,0.276,0.326,0.29100000000000004,0.27399999999999997,0.271
8240.04,0.2874107117641894,0.289,0.281,0.311,0.299,0.282
8240.05,0.3498996917966358,0.353,0.32899999999999996,0.349,0.36700000000000005,0.359
8240.06,0.3529586080132131,0.35600000000000004,0.32799999999999996,0.35600000000000004,0.344,0.344
8241.05,0.385935337271223,0.389,0.384,0.359,0.341,0.35600000000000004
8241.06,0.29532735767810636,0.297,0.282,0.319,0.287,0.344
8241.07,0.28166783148354946,0.282,0.265,0.272,0.231,0.254
8241.08,0.33011421275934605,0.332,0.313,0.31,0.315,0.308
8241.13,0.38207014247132576,0.386,0.382,0.392,0.376,0.364
8241.14,0.3301231644296899,0.332,0.33,0.309,0.324,0.341
8241.15,0.2907191280928899,0.29100000000000004,0.249,0.266,0.222,0.218
8241.16,0.18836075569114183,0.18600000000000003,0.166,0.16899999999999998,0.157,0.132
8241.17,0.4020774957193205,0.40700000000000003,0.40399999999999997,0.418,0.431,0.39399999999999996
8241.19,0.33801804608888186,0.342,0.34299999999999997,0.384,0.414,0.428
8241.2,0.26033403745759265,0.26,0.245,0.24,0.226,0.22699999999999998
8241.21,0.24720948463308964,0.248,0.271,0.292,0.27399999999999997,0.337
8241.22,0.3351959044097197,0.337,0.34,0.315,0.305,0.264
8241.23,0.2788143314033463,0.281,0.3,0.33299999999999996,0.33899999999999997,0.321
8243.0,0.07446383758440947,0.07,0.061,0.08800000000000001,0.12,0.095
8244.0,0.08685232892593125,0.08199999999999999,0.07400000000000001,0.061,0.125,0.134
8245.03,0.22649528406472222,0.226,0.204,0.231,0.233,0.218
8245.05,0.2883908200349332,0.28800000000000003,0.284,0.258,0.18100000000000002,0.205
8245.06,0.3236194087114689,0.325,0.35600000000000004,0.292,0.319,0.265
8245.07,0.27103943308535783,0.272,0.292,0.294,0.28,0.278
8246.01,0.24738181663582368,0.248,0.23399999999999999,0.263,0.293,0.278
8246.02,0.21063197915817022,0.21100000000000002,0.258,0.278,0.27699999999999997,0.255
8247.01,0.20368180008633444,0.201,0.16,0.154,0.135,0.122
8247.02,0.1306513794382335,0.128,0.14400000000000002,0.16399999999999998,0.17,0.136
8248.0,0.06199844217962833,0.057999999999999996,0.068,0.113,0.13699999999999998,0.122
8249.0,0.15333745339244045,0.152,0.142,0.2,0.228,0.22899999999999998
8250.0,0.1988060854962113,0.198,0.193,0.22699999999999998,0.223,0.16699999999999998
8252.0,0.26791963131781193,0.267,0.321,0.23,0.21,0.22699999999999998
8253.02,0.22009437419233288,0.221,0.29600000000000004,0.314,0.278,0.28800000000000003
8253.03,0.13167122093194217,0.128,0.133,0.11900000000000001,0.13699999999999998,0.147
8253.04,0.2877317034973106,0.289,0.29,0.308,0.273,0.271
8254.0,0.2646457415871919,0.264,0.265,0.222,0.23199999999999998,0.21100000000000002
8255.01,0.11937136053787618,0.11599999999999999,0.11599999999999999,0.14400000000000002,0.124,0.102
8255.03,0.2126086462461484,0.21100000000000002,0.193,0.207,0.161,0.188
8255.04,0.15589574279870594,0.155,0.225,0.233,0.251,0.213
8255.05,0.154877810905921,0.152,0.155,0.142,0.17300000000000001,0.18100000000000002
8256.0,0.10078213123671713,0.096,0.075,0.073,0.099,0.111
8257.0,0.10840272515794064,0.10400000000000001,0.08900000000000001,0.10300000000000001,0.084,0.07400000000000001
8258.01,0.026322642776223946,0.02,0.039,0.035,0.043,0.067
8258.02,0.1535251752857737,0.15,0.147,0.141,0.1,0.09300000000000001
8258.03,0.13132103590738997,0.127,0.10800000000000001,0.092,0.105,0.099
8259.0,0.11169065168121257,0.107,0.099,0.10300000000000001,0.054000000000000006,0.077
8260.0,0.0878319473936093,0.084,0.066,0.114,0.132,0.10099999999999999
8261.0,0.12985566054958492,0.126,0.171,0.134,0.107,0.11599999999999999
8262.01,0.09648400996080671,0.091,0.084,0.067,0.04,0.043
8262.02,0.042686779103988,0.037000000000000005,0.043,0.053,0.068,0.047
8263.01,0.16998711791801047,0.168,0.17300000000000001,0.187,0.182,0.17600000000000002
8263.03,0.1089503181156937,0.107,0.124,0.191,0.204,0.157
8263.04,0.07306347502010598,0.069,0.095,0.10300000000000001,0.153,0.11900000000000001
8264.01,0.17965008879894775,0.177,0.16,0.157,0.152,0.142
8264.02,0.14297372988342316,0.14,0.154,0.151,0.154,0.16399999999999998
8265.0,0.11172579408028951,0.107,0.09,0.078,0.094,0.075
8266.0,0.08118216215651292,0.076,0.078,0.08,0.057999999999999996,0.062
8267.0,0.08009724532161697,0.075,0.086,0.078,0.076,0.063
8268.0,0.031920654711612595,0.025,0.006,0.005,0.013999999999999999,0.0
8269.01,0.016857699877054037,0.011000000000000001,0.045,0.059000000000000004,0.059000000000000004,0.083
8269.02,0.02604524884227716,0.019,0.004,0.006999999999999999,0.0,0.0
8270.0,0.05665278681177169,0.051,0.073,0.055,0.071,0.057
8271.0,0.04670264715194227,0.040999999999999995,0.015,0.043,0.069,0.068
8272.0,0.12354252489538708,0.11900000000000001,0.08900000000000001,0.085,0.091,0.09699999999999999
8273.0,0.14299106818678248,0.139,0.126,0.12,0.087,0.078
8274.0,0.08670448355784378,0.083,0.105,0.133,0.129,0.09300000000000001
8275.0,0.05312854908465552,0.048,0.036000000000000004,0.073,0.08,0.10400000000000001
8276.0,0.039096081175387556,0.033,0.028999999999999998,0.045,0.034,0.034
8277.0,0.09114146756664855,0.086,0.075,0.064,0.084,0.07200000000000001
8278.01,0.1919151198083298,0.18899999999999997,0.196,0.161,0.122,0.129
8278.02,0.2939426299778508,0.293,0.285,0.195,0.237,0.14
8278.04,0.242085223829299,0.24100000000000002,0.244,0.221,0.193,0.149
8278.05,0.2469789904603045,0.24600000000000002,0.23,0.203,0.22899999999999998,0.235
8279.01,0.34062279600480827,0.34299999999999997,0.38299999999999995,0.34299999999999997,0.331,0.365
8279.02,0.13142664106960456,0.127,0.122,0.095,0.094,0.07400000000000001
8280.0,0.10896184370494146,0.105,0.121,0.11800000000000001,0.11900000000000001,0.16399999999999998
8281.0,0.18663883604584908,0.185,0.20199999999999999,0.19699999999999998,0.20199999999999999,0.18100000000000002
8282.01,0.19465842960779198,0.193,0.24600000000000002,0.221,0.168,0.146
8282.02,0.19416893081482714,0.192,0.19,0.18100000000000002,0.162,0.155
8283.0,0.16955260397830776,0.16699999999999998,0.14400000000000002,0.166,0.146,0.147
8284.01,0.21471300817717812,0.214,0.21600000000000003,0.21899999999999997,0.247,0.239
8284.02,0.1673068055989752,0.16399999999999998,0.13699999999999998,0.133,0.124,0.147
8285.03,0.0754703537406234,0.07200000000000001,0.124,0.131,0.177,0.207
8285.04,0.11340530291475169,0.11,0.11,0.142,0.126,0.13699999999999998
8285.05,0.22969310984083138,0.22899999999999998,0.222,0.218,0.242,0.255
8285.06,0.16521000467419433,0.162,0.179,0.141,0.141,0.11800000000000001
8286.01,0.2801469288032996,0.282,0.28800000000000003,0.303,0.353,0.335
8286.02,0.31685466250429595,0.319,0.293,0.309,0.34700000000000003,0.405
8287.01,0.1639126413547667,0.163,0.17,0.21100000000000002,0.259,0.245
8287.02,0.1122646692107985,0.10800000000000001,0.09,0.092,0.11800000000000001,0.168
8288.01,0.218923205775975,0.218,0.235,0.20199999999999999,0.262,0.261
8288.02,0.262847938509596,0.262,0.266,0.231,0.19399999999999998,0.171
8289.0,0.08225664134903016,0.077,0.063,0.055999999999999994,0.08800000000000001,0.069
8290.0,0.04815424537491508,0.042,0.045,0.047,0.024,0.026000000000000002
8291.0,0.0922318127055942,0.087,0.07400000000000001,0.07,0.061,0.04
8292.0,0.11745907789656622,0.114,0.129,0.131,0.147,0.11599999999999999
8293.01,0.15337690359193937,0.15,0.11900000000000001,0.136,0.113,0.128
8293.02,0.0780215948580723,0.073,0.113,0.079,0.09699999999999999,0.045
8294.01,0.07864022273162494,0.07200000000000001,0.026000000000000002,0.013999999999999999,0.0,0.0
8294.02,0.0788663622416692,0.073,0.057,0.044000000000000004,0.043,0.064
8295.0,0.07113986189217435,0.065,0.05,0.039,0.025,0.046
8296.0,0.1600117960658471,0.157,0.14400000000000002,0.146,0.141,0.11900000000000001
8297.0,0.14922251443660442,0.146,0.16399999999999998,0.13699999999999998,0.153,0.14300000000000002
8298.0,0.34646462530885125,0.349,0.373,0.34,0.345,0.299
8299.01,0.25014766565816815,0.249,0.23600000000000002,0.196,0.22399999999999998,0.19699999999999998
8299.02,0.27523671684729567,0.276,0.249,0.263,0.294,0.316
8300.01,0.09929521952274864,0.094,0.079,0.075,0.040999999999999995,0.066
8300.03,0.2977722576805151,0.299,0.27899999999999997,0.29100000000000004,0.28800000000000003,0.295
8300.04,0.3579329359457639,0.361,0.326,0.35700000000000004,0.34,0.35
8300.05,0.3496769089849586,0.35100000000000003,0.29600000000000004,0.275,0.29600000000000004,0.319
8300.06,0.1294358466512472,0.126,0.069,0.11,0.152,0.114
8300.07,0.15180213196164197,0.149,0.114,0.136,0.17600000000000002,0.203
8300.08,0.26936301876990043,0.27,0.245,0.267,0.275,0.287
8301.0,0.1985695440400769,0.198,0.25,0.26,0.213,0.191
8302.01,0.20154055976876534,0.2,0.18,0.203,0.179,0.166
8302.02,0.34268735027611086,0.342,0.282,0.209,0.198,0.2
8303.0,0.07740548865489014,0.07200000000000001,0.057,0.064,0.057,0.05
8304.0,0.14316075518548335,0.139,0.078,0.09,0.10300000000000001,0.158
8305.0,0.05251312589332388,0.046,0.013000000000000001,0.015,0.027000000000000003,0.075
8306.0,0.11585492574627264,0.11199999999999999,0.12300000000000001,0.113,0.136,0.132
8307.0,0.14461381744004642,0.142,0.11,0.152,0.17,0.201
8308.0,0.16634105076176736,0.16399999999999998,0.14800000000000002,0.165,0.17600000000000002,0.121
8309.0,0.3448259734475557,0.349,0.376,0.40299999999999997,0.409,0.353
8310.0,0.3842760494615285,0.387,0.406,0.33399999999999996,0.363,0.365
8311.0,0.11540173944226301,0.113,0.149,0.18600000000000003,0.17,0.185
8312.0,0.10061658585747216,0.095,0.083,0.061,0.033,0.024
8313.0,0.007070362655909969,0.0,0.0,0.0,0.024,0.027000000000000003
8314.0,0.0939399174138218,0.08900000000000001,0.076,0.068,0.09699999999999999,0.081
8315.0,0.2192380739578986,0.217,0.187,0.17,0.154,0.22399999999999998
8316.0,0.06469042463897243,0.06,0.066,0.08900000000000001,0.10300000000000001,0.115
8317.0,0.23307759427317615,0.233,0.248,0.256,0.247,0.252
8318.0,0.2429692054276693,0.242,0.239,0.223,0.19899999999999998,0.201
8319.0,0.25352386948018796,0.256,0.272,0.32799999999999996,0.38799999999999996,0.40299999999999997
8320.0,0.3165598261467484,0.319,0.306,0.34700000000000003,0.313,0.27699999999999997
8321.0,0.18239344753099176,0.18100000000000002,0.21,0.203,0.225,0.215
8322.0,0.33741472012542506,0.33899999999999997,0.27,0.27899999999999997,0.315,0.308
8323.0,0.36778288261078207,0.37200000000000005,0.36700000000000005,0.401,0.395,0.34700000000000003
8324.0,0.31529324592756236,0.315,0.272,0.235,0.209,0.195
8325.0,0.21771673385723433,0.21600000000000003,0.19,0.201,0.155,0.13699999999999998
8326.0,0.3834889167054393,0.387,0.374,0.373,0.361,0.35700000000000004
8329.0,0.20828678469262818,0.20600000000000002,0.18600000000000003,0.18600000000000003,0.126,0.158
8330.0,0.37048842186991826,0.374,0.37,0.365,0.385,0.387
8331.0,0.32577262389408057,0.32799999999999996,0.336,0.331,0.327,0.34600000000000003
8333.0,0.17334035590793537,0.171,0.187,0.165,0.18899999999999997,0.239
8339.0,0.05679247690408227,0.052000000000000005,0.075,0.1,0.081,0.06
8340.0,0.15503819596427662,0.15,0.14300000000000002,0.069,0.067,0.096
8342.0,0.08343963478960639,0.078,0.083,0.054000000000000006,0.08,0.085
8343.0,0.15299761039178777,0.151,0.159,0.19,0.182,0.18600000000000003
8344.0,0.16480104475536927,0.161,0.161,0.115,0.11699999999999999,0.171
8345.0,0.030825633083231243,0.024,0.045,0.019,0.017,0.019
8346.0,0.032763541105406295,0.026000000000000002,0.017,0.018000000000000002,0.011000000000000001,0.035
8347.0,0.014625553915992861,0.008,0.008,0.023,0.027000000000000003,0.081
8348.0,0.03508435291580299,0.027999999999999997,0.0,0.0,0.0,0.017
8349.0,0.02182120167939359,0.015,0.016,0.02,0.009000000000000001,0.012
8350.0,0.03711645008876353,0.031,0.036000000000000004,0.036000000000000004,0.054000000000000006,0.08
8351.0,0.05690499706851915,0.051,0.031,0.045,0.042,0.055999999999999994
8352.0,0.1321238702600277,0.128,0.145,0.09300000000000001,0.142,0.132
8355.0,0.07171517629846229,0.065,0.045,0.011000000000000001,0.012,0.0
8356.0,0.0729363613867107,0.067,0.063,0.061,0.01,0.0
8357.0,0.007283984416130623,0.0,0.0,0.0,0.0,0.0
8358.0,0.2168070497498948,0.217,0.242,0.265,0.27,0.247
8359.0,0.08979507140195797,0.086,0.11900000000000001,0.132,0.125,0.098
8360.0,0.20381330355920838,0.201,0.095,0.121,0.153,0.179
8361.0,0.06687132453715311,0.061,0.039,0.051,0.03,0.015
8362.0,0.24241314404562847,0.245,0.359,0.36200000000000004,0.385,0.385
8363.0,0.14816526804739855,0.145,0.156,0.145,0.141,0.158
8364.0,0.11310076898110312,0.11,0.13,0.146,0.162,0.16399999999999998
8365.0,0.05586684982064676,0.05,0.028999999999999998,0.028999999999999998,0.077,0.111
8366.0,0.19475306699217904,0.191,0.141,0.11699999999999999,0.085,0.043
8367.0,0.0548140739270782,0.049,0.057999999999999996,0.05,0.057,0.015
8368.0,0.033012742269519994,0.027000000000000003,0.01,0.043,0.043,0.042
8369.0,0.08221419411577323,0.079,0.079,0.14800000000000002,0.146,0.222
8370.0,0.07372839618567614,0.069,0.067,0.08900000000000001,0.092,0.04
8371.0,0.12180664195905559,0.11699999999999999,0.08900000000000001,0.086,0.061,0.044000000000000004
8373.0,0.09806985196862641,0.09300000000000001,0.098,0.087,0.053,0.044000000000000004
8374.0,0.03312780743120068,0.027000000000000003,0.033,0.043,0.040999999999999995,0.051
8378.0,0.218795604409777,0.21600000000000003,0.168,0.154,0.114,0.085
8380.0,0.14113475841017706,0.138,0.18,0.16699999999999998,0.11900000000000001,0.094
8381.0,0.09988172387299032,0.096,0.11199999999999999,0.133,0.102,0.113
8382.0,0.14660523398584083,0.146,0.19,0.244,0.253,0.29100000000000004
8383.0,0.1264586786888778,0.12300000000000001,0.128,0.14,0.122,0.12
8386.0,0.007283984416130623,0.0,0.0,0.0,0.0,0.0
8387.0,0.016066482759431476,0.009000000000000001,0.009000000000000001,0.006999999999999999,0.008,0.013999999999999999
8388.0,0.033928978811027966,0.027000000000000003,0.036000000000000004,0.009000000000000001,0.018000000000000002,0.06
8390.0,0.32951707106368633,0.331,0.312,0.295,0.299,0.258
8391.0,0.22498654112435149,0.225,0.225,0.24600000000000002,0.272,0.255
8392.0,0.07108295337160489,0.066,0.07,0.075,0.083,0.107
8395.0,0.12846957284152927,0.127,0.129,0.214,0.2,0.19
8396.0,0.14862121712646803,0.146,0.13699999999999998,0.16899999999999998,0.146,0.14
8397.0,0.12768998104508575,0.124,0.091,0.11699999999999999,0.122,0.115
8398.0,0.21360813623041192,0.212,0.209,0.209,0.16399999999999998,0.14
8399.0,0.24098726294772455,0.24,0.20199999999999999,0.209,0.20800000000000002,0.153
8400.0,0.2292962387888591,0.22899999999999998,0.214,0.221,0.27699999999999997,0.276
8401.0,0.069051807751979,0.063,0.024,0.037000000000000005,0.027999999999999997,0.022000000000000002
8402.0,0.15314017566905902,0.15,0.12,0.135,0.142,0.106
8403.0,0.11812014025404356,0.114,0.107,0.113,0.09699999999999999,0.055999999999999994
8404.0,0.12660301060792117,0.122,0.10099999999999999,0.092,0.07400000000000001,0.08900000000000001
8407.0,0.07767212156353534,0.07200000000000001,0.059000000000000004,0.05,0.055,0.066
8408.0,0.017912380708378077,0.012,0.013000000000000001,0.047,0.06,0.10099999999999999
8410.0,0.21202248560029086,0.212,0.2,0.239,0.28,0.281
8411.0,0.09276996801992406,0.08800000000000001,0.106,0.08,0.10800000000000001,0.10099999999999999
8412.0,0.05364970364336894,0.048,0.04,0.054000000000000006,0.06,0.07
8413.0,0.11412622998013854,0.109,0.07200000000000001,0.08,0.035,0.075
8414.0,0.044130135519864576,0.037000000000000005,0.026000000000000002,0.0,0.0,0.0
8415.0,0.024116778463525345,0.019,0.035,0.086,0.079,0.064
8416.0,0.15251503205862246,0.14800000000000002,0.11199999999999999,0.08800000000000001,0.076,0.0
8417.0,0.05211657777299478,0.046,0.028999999999999998,0.040999999999999995,0.028999999999999998,0.039
8418.0,0.09370165230395887,0.08800000000000001,0.068,0.048,0.047,0.054000000000000006
8419.0,0.4359484090579282,0.43799999999999994,0.365,0.304,0.285,0.287
8420.0,0.23604404727506234,0.237,0.267,0.285,0.313,0.27399999999999997
8421.0,0.05548128226315873,0.05,0.067,0.066,0.067,0.055
8422.0,0.36613629182743035,0.36700000000000005,0.276,0.27399999999999997,0.22399999999999998,0.20199999999999999
8423.0,0.3402382682947893,0.34299999999999997,0.308,0.335,0.354,0.307
8424.0,0.08958372488748977,0.084,0.066,0.055,0.049,0.051
8425.0,0.04078774422078897,0.034,0.012,0.011000000000000001,0.013000000000000001,0.015
8426.0,0.20419148790563207,0.203,0.18100000000000002,0.213,0.19699999999999998,0.225
8428.0,0.03695724600285085,0.031,0.057,0.052000000000000005,0.051,0.084
8429.0,0.04474406862570935,0.038,0.023,0.012,0.018000000000000002,0.01
8430.0,0.01689705266266894,0.01,0.024,0.016,0.016,0.043
8431.0,0.0731708486551789,0.069,0.138,0.126,0.11699999999999999,0.142
8432.0,0.08671296363203136,0.08199999999999999,0.09699999999999999,0.095,0.086,0.09699999999999999
8433.0,0.07838191729562369,0.07200000000000001,0.038,0.032,0.0,0.0
8434.0,0.10400426263830408,0.099,0.098,0.065,0.098,0.024
8435.0,0.009799750010751236,0.003,0.017,0.013000000000000001,0.035,0.037000000000000005
8436.0,0.08409530163896942,0.079,0.044000000000000004,0.049,0.109,0.09300000000000001
8437.0,0.26299725969329135,0.264,0.252,0.292,0.276,0.27699999999999997
8438.0,0.11473664593908547,0.109,0.055,0.047,0.022000000000000002,0.086
8439.0,0.09453413125840388,0.09,0.11599999999999999,0.085,0.128,0.125
9800.0,0.007283984416130623,0.0,0.0,0.0,0.0,0.0
9801.0,0.007283984416130623,0.0,0.0,0.0,0.0,0.0
9900.0,0.007283984416130623,0.0,0.0,0.0,0.0,0.0
