tract,percent_non_citizen_2016,percent_non_citizen_2015,percent_non_citizen_2014,percent_non_citizen_2013,percent_non_citizen_2012,percent_non_citizen_2011
101.0,9.272940597049471,9.352,8.546,9.787,9.142000000000001,6.3420000000000005
102.01,25.324756467434284,26.311,21.333000000000002,24.576,22.349,22.393
102.02,19.214428604474527,19.748,19.145,19.048,16.347,17.688
103.0,20.16791985812207,20.734,19.668,22.076999999999998,20.465999999999998,15.043
104.0,6.085898774479983,5.9270000000000005,6.977,9.203,10.597000000000001,13.743
105.01,8.824659283325698,8.861,8.823,11.95,15.369000000000002,16.733
105.02,24.32639950878866,25.081,25.500999999999998,22.872,18.912,19.275
105.03,11.60367626756312,11.923,10.368,9.161,11.439,6.751
106.0,15.426108576335524,15.904000000000002,15.277000000000001,13.835,17.727,20.660999999999998
107.01,24.162295595532584,24.805999999999997,25.494,27.111,23.045,22.029
107.02,30.87215351157542,31.919,30.793000000000003,35.272,34.946,33.783
201.0,13.172269635466733,13.388,13.258,15.495,15.527000000000001,11.815999999999999
202.0,17.072997840971126,17.456,15.651,19.707,15.092,10.321
203.01,7.099174996636309,7.157,5.803,5.102,5.311,6.625
203.02,20.319600138495915,20.385,28.08,32.233000000000004,29.584,28.125999999999998
204.0,16.42524302792237,16.799,16.698,17.9,16.906,12.944
205.0,23.94459112059252,24.646,25.799,25.331,24.745,24.372
206.01,35.17715980180484,36.777,31.313000000000002,29.265,28.217,22.068
206.02,25.20929983999161,26.039,25.011999999999997,27.263,27.483,27.548000000000002
207.01,8.342069030936852,8.318,9.72,7.343999999999999,5.355,9.491
207.02,17.250567991698553,17.694000000000003,17.894000000000002,19.125999999999998,21.482,22.186999999999998
208.01,15.00643611018291,15.588,10.35,14.613,18.55,20.903000000000002
208.02,41.72018823857089,43.074,46.398999999999994,45.842,40.283,33.434
209.01,31.210819525547855,31.994,36.525,38.299,35.119,39.168
209.02,13.643484461182044,13.742,16.352999999999998,22.725,29.072,29.641
301.01,19.85423997969771,20.454,20.955,20.259,23.326,24.802
301.02,15.286204476161354,15.764000000000001,12.991,17.962,23.766,24.904
301.03,16.658899128501474,17.0,17.292,17.774,14.088,13.917
301.04,17.120266323671927,17.522000000000002,19.062,17.449,18.073,15.088
302.0,9.718957995547962,9.783,9.386000000000001,11.543,11.204,6.919
303.0,14.142688778410207,14.423,14.464,16.104,17.244,22.557
304.0,15.29448902476911,15.652999999999999,16.698,17.767,23.495,18.034000000000002
305.0,10.465985961097804,10.373,12.49,16.363,14.22,13.909
306.01,19.950029745652735,20.565,19.333,19.849,19.042,22.7
306.03,35.323405073246086,36.715,32.031,39.614000000000004,40.306,40.223
306.04,21.76282744244552,22.302,23.945,27.308000000000003,29.9,24.886
307.01,16.655650552218688,17.374000000000002,13.379000000000001,10.187999999999999,12.017999999999999,14.262
307.02,17.788284288567617,18.6,15.548,14.239,25.160999999999998,9.58
307.03,5.17921704335796,5.08,4.769,4.9239999999999995,5.497999999999999,5.622000000000001
307.06,17.951178022118498,18.278,20.694000000000003,19.916,16.93,20.14
308.0,7.158929100623412,7.256,7.65,3.8569999999999998,8.585,7.841
309.0,6.851605904112501,6.837999999999999,5.675,7.013999999999999,6.6770000000000005,4.873
310.0,10.925395283826983,10.997,11.925,12.585,11.478,14.599
311.0,14.355461213586917,14.812000000000001,9.357000000000001,15.658,15.081,19.854
312.0,7.964282131554815,8.019,7.778,8.811,12.577,13.717
313.0,12.003384676425192,11.929,15.498,19.076,18.076,20.605
314.0,4.977471799845472,4.791,6.065,6.097,6.8389999999999995,8.306000000000001
315.01,11.165556708936561,11.333,11.837,14.333,20.339000000000002,22.193
315.02,15.127485006346943,15.222000000000001,20.178,17.718,14.588,16.53
317.0,8.39942646537604,8.356,8.046,10.969000000000001,8.845,10.991
318.0,13.441987244225407,13.42,19.045,18.602,18.247,19.11
319.0,8.247003326213477,8.259,5.732,13.248,14.085,9.655
321.0,12.49946092666963,12.623,14.245999999999999,14.007,12.6,11.024000000000001
401.0,11.71753741837188,12.015,9.955,9.72,9.626,6.056
402.01,10.699047527108775,10.895999999999999,11.977,10.055,15.369000000000002,20.69
402.02,20.25603101278667,20.879,20.67,20.848000000000003,22.878,23.018
403.0,11.89745584554899,11.950999999999999,12.800999999999998,17.014,16.308,12.445
404.01,7.187066388310601,7.178,6.206,8.182,8.69,5.707000000000001
404.02,8.515480544881848,8.449,9.104,12.164000000000001,11.789000000000001,14.057
406.0,5.90204916827402,5.749,7.265,9.015,12.460999999999999,16.616
407.0,5.737981286454535,5.497999999999999,8.082,8.586,8.542,8.759
408.0,3.2303662702182403,2.932,4.959,4.247,4.564,4.0569999999999995
409.0,6.404649328288801,6.459,6.138,6.854,15.02,9.027000000000001
501.0,4.189032133285481,3.978,4.904,4.769,4.861000000000001,4.369
502.0,4.523576378230418,4.283,5.605,6.349,5.986000000000001,5.837999999999999
503.0,5.96593390821377,5.952000000000001,4.4430000000000005,4.544,4.037,4.082
505.0,4.0562118689917295,3.9160000000000004,3.187,2.94,2.209,2.4330000000000003
506.0,1.733109148064954,1.4340000000000002,2.734,1.8780000000000001,4.2219999999999995,2.675
507.0,3.207572976821266,3.025,2.6239999999999997,2.285,2.452,2.508
508.0,2.28931399762505,2.0140000000000002,1.261,3.0389999999999997,1.485,1.744
509.0,5.0188274794892145,4.916,5.301,2.859,2.4819999999999998,2.186
510.0,7.378947536930493,7.335,7.95,5.932,3.3510000000000004,3.0869999999999997
511.0,8.792535688038548,8.802999999999999,8.388,8.913,5.402,5.957999999999999
512.0,1.993201543452541,1.7109999999999999,1.921,1.595,1.018,1.6130000000000002
513.0,3.362966479869821,3.185,2.912,2.6010000000000004,3.092,2.531
514.0,6.041236645405875,6.086,3.45,3.54,2.759,4.17
601.0,2.905639360488321,2.654,2.542,2.75,0.8959999999999999,0.9470000000000001
602.0,10.983902229616032,11.302999999999999,7.761,8.828,9.133,9.71
603.0,4.578334261134536,4.4030000000000005,5.227,3.333,1.7080000000000002,0.878
604.0,7.361399513398528,7.354,6.67,6.824,5.268,5.861000000000001
605.0,4.753550703380811,4.428,7.611000000000001,7.347,5.603,5.556
608.0,8.588727365367554,8.613999999999999,9.152999999999999,9.578,11.175,10.514000000000001
609.0,5.091227198903973,4.862,7.65,7.29,9.648,12.824000000000002
610.0,6.611267648253635,6.539,7.343,7.656000000000001,9.732000000000001,9.277000000000001
611.0,1.6427414891099676,1.3869999999999998,0.993,1.197,2.2030000000000003,1.33
612.0,2.6826857585153725,2.403,3.266,3.179,3.252,4.709
615.0,5.73274659308664,5.697,5.593999999999999,3.205,3.4810000000000003,2.9819999999999998
618.0,15.495716129109603,15.860999999999999,16.018,14.148,12.100999999999999,10.66
619.01,8.24014369262456,8.355,6.737,7.035,7.978,10.485
619.02,9.519839843613095,9.738,8.85,5.834,7.69,5.474
620.0,4.887190308083145,4.795,4.315,3.765,4.151,4.409
621.0,5.577744126727555,5.507999999999999,4.122,4.407,1.96,2.565
622.0,2.487803325527992,2.262,1.172,2.5610000000000004,2.04,2.29
623.0,3.438818281574574,3.228,2.972,2.998,1.465,1.3090000000000002
624.0,0.9986826026228367,0.659,0.74,2.926,4.783,4.378
625.0,1.0255136631054684,0.723,0.9690000000000001,0.722,2.1719999999999997,1.9180000000000001
626.0,5.88338148492806,5.8260000000000005,5.524,4.93,5.064,4.021
627.0,4.691940654029846,4.58,5.005,4.117,6.604,4.486000000000001
628.0,4.986021980983645,4.857,4.351,4.986000000000001,4.072,3.841
629.0,2.4545949954106483,2.205,2.5380000000000003,1.636,1.4469999999999998,1.355
630.0,8.447111498408747,8.576,6.972,6.0760000000000005,5.629,3.142
631.0,5.140087830595183,4.808,8.045,9.186,7.95,11.681
632.0,11.618433438435142,11.725999999999999,13.359000000000002,11.152999999999999,8.701,11.616
633.01,5.444849606877237,5.309,7.045,6.617000000000001,10.427,10.27
633.02,8.870618646940379,9.031,7.167000000000001,6.04,5.117,5.528
633.03,2.250253444066927,1.801,5.704,5.725,6.617999999999999,3.2760000000000002
634.0,3.6673669878223367,3.4219999999999997,4.124,3.9130000000000003,2.367,2.307
701.01,4.209213827881644,4.063,3.611,3.6310000000000002,3.3810000000000002,3.722
701.02,9.675028594184203,9.763,8.998,9.342,6.83,5.541
701.03,5.183443977112792,4.85,6.372999999999999,11.365,9.189,6.232
702.0,5.993327134979668,5.875,6.1979999999999995,6.325,5.141,3.2110000000000003
703.0,4.172119480834416,4.0280000000000005,3.7539999999999996,3.785,4.481,4.287
704.0,5.351794821005835,5.212000000000001,5.087,6.542999999999999,6.26,4.428
705.0,2.177319034390222,1.849,2.349,4.353,4.379,5.09
706.0,2.5888567593001675,2.331,3.114,2.294,2.8569999999999998,5.135
707.0,4.296051711416188,4.075,5.599,4.138,3.4339999999999997,4.6080000000000005
710.0,3.7273108287966004,3.4739999999999998,4.933,4.811,5.432,4.559
711.0,4.765587995220219,4.684,4.57,3.13,4.7219999999999995,4.851
712.0,2.6596201582465606,2.455,1.786,2.965,4.623,4.548
713.0,5.664937077613261,5.5889999999999995,5.565,4.106,3.4130000000000003,3.148
714.0,7.690171733210775,7.556,9.846,8.251,5.053999999999999,5.925
715.0,4.732236722858996,4.563,4.956,5.843,6.6160000000000005,6.622999999999999
716.0,2.8079560486398494,2.221,8.571,8.637,7.031000000000001,7.167000000000001
717.0,7.831237711690702,7.916,6.398,5.942,5.377999999999999,4.212
718.0,2.8991023555301187,2.653,2.397,3.761,3.4810000000000003,3.307
801.0,2.6552215100639973,2.345,2.7939999999999996,5.445,5.922999999999999,5.202000000000001
802.01,5.245491397767707,5.156000000000001,5.41,4.563,6.228,6.4510000000000005
802.02,7.339381453818415,7.151,11.039000000000001,9.372,9.302999999999999,7.93
803.0,4.16196010698782,3.972,3.9960000000000004,5.7379999999999995,6.8260000000000005,6.066
804.0,6.877700577051119,6.907,7.0920000000000005,2.864,2.315,2.3680000000000003
810.0,14.452218205524293,14.959000000000001,11.565999999999999,11.509,12.487,12.347000000000001
811.0,8.985101224825492,9.027999999999999,9.652999999999999,9.83,11.312999999999999,8.865
812.01,11.003171235260607,11.362,8.765,5.449,5.582999999999999,5.815
812.02,2.782162125934882,2.562,2.701,2.693,4.092,4.547
813.0,13.590121470503297,13.953,11.894,11.474,9.522,7.856
814.01,9.425553787690887,9.285,13.394,14.534,15.844000000000001,17.261
814.02,12.646831786261805,13.325,4.352,6.2620000000000005,7.636,7.612
814.03,16.51626106372308,16.982,15.448,15.488,13.71,11.985
815.0,10.826711692735463,10.91,12.364,11.94,12.347000000000001,13.719000000000001
816.0,5.5644311846740075,5.2989999999999995,9.347999999999999,9.777999999999999,13.815999999999999,15.474
817.0,13.086563007492561,13.327,12.753,16.186,18.363,20.54
818.0,5.0217775487870995,4.887,4.7410000000000005,5.1770000000000005,4.776,4.016
819.0,5.9591960431792765,5.916,5.816,3.392,2.347,0.0
901.0,4.689164395862328,4.532,4.2,4.132,1.825,1.0270000000000001
902.0,4.284754660530064,4.1530000000000005,3.372,3.5860000000000003,3.177,1.23
903.0,1.018496186076816,0.68,0.981,1.1179999999999999,0.807,0.6729999999999999
1001.0,8.76185408422054,8.874,7.077000000000001,8.148,7.6339999999999995,6.05
1002.0,3.444147530683117,3.0980000000000003,5.587000000000001,8.243,11.102,8.668
1003.0,2.286321409507993,2.04,2.189,2.11,3.237,2.384
1004.0,3.1137435273921477,2.81,4.163,3.8160000000000003,2.182,2.37
1005.0,5.164995726045026,5.145,3.821,3.2739999999999996,4.736000000000001,8.507
1006.0,6.562374965594068,6.537000000000001,6.681,6.987,10.097999999999999,9.589
1007.0,6.567582354698042,6.412000000000001,7.496,8.948,7.968,10.442
1101.0,5.6308433580379695,5.615,4.592,5.59,9.172,7.292000000000001
1102.0,10.613979467226189,10.769,9.977,13.273,16.612000000000002,16.125
1103.0,10.070903387551542,10.177,8.638,12.693,12.72,11.545
1104.0,12.851202721670669,12.952,13.99,16.646,14.533,10.819
1105.01,7.805082673488174,7.7989999999999995,7.765,9.427,11.1,7.992999999999999
1105.02,13.786278348280625,14.16,12.123,13.991,15.585999999999999,15.610999999999999
1201.0,2.0830630156906427,1.8159999999999998,2.079,1.7790000000000001,2.21,2.886
1202.0,5.709726596928242,5.629,4.899,5.015,3.529,4.736000000000001
1203.0,5.7710145431954825,5.767,4.871,2.533,2.073,3.534
1204.0,7.586778391816497,7.6,7.138999999999999,6.611000000000001,5.593,4.867
1301.0,7.030548325212293,7.002999999999999,8.24,5.593999999999999,6.7139999999999995,8.164
1302.0,16.787941084155854,17.16,18.836,17.32,17.590999999999998,7.462999999999999
1303.0,16.21206782392094,16.673,15.418,17.230999999999998,19.750999999999998,22.41
1401.0,35.568046598174284,36.783,36.259,39.291,35.371,39.315
1402.0,29.041403110186742,29.99,31.636999999999997,32.844,37.106,42.06100000000001
1403.01,33.31923505537611,34.596,30.968000000000004,37.24,38.444,37.23
1403.02,26.83877883378438,27.775,26.789,26.583000000000002,25.488000000000003,24.614
1404.0,13.232572772142934,13.253,16.463,20.185,20.7,18.107
1405.0,22.008548655365054,22.564,25.309,25.596,28.096,27.03
1406.01,40.00657177136477,41.545,41.361000000000004,43.443999999999996,47.556000000000004,43.251000000000005
1406.02,28.914040747458046,29.816999999999997,30.958000000000002,34.302,37.010999999999996,34.858000000000004
1407.01,23.186903777991773,23.997,21.886999999999997,24.39,26.31,29.142
1407.02,32.76028457116091,34.124,31.11,27.99,25.735,27.773000000000003
1408.0,16.83848767106,16.977,21.889,21.923000000000002,19.71,20.254
1502.0,14.56395720026621,14.902000000000001,14.972999999999999,13.735,13.463,11.585999999999999
1503.0,7.379292548127112,7.315,8.065,8.579,8.761000000000001,6.811
1504.01,7.028498211564768,7.0089999999999995,6.285,7.983,8.789,10.445
1504.02,14.421439247636558,14.918,11.745999999999999,10.626,10.243,10.532
1505.01,8.37454824991143,8.446,8.255,7.375,8.347000000000001,12.335
1505.02,11.59610769300906,11.758,11.399000000000001,12.845,12.298,9.764
1506.0,8.028182818224138,8.074,6.774,7.91,7.068,11.437000000000001
1507.0,14.04564089934463,14.311,14.196,15.762,15.48,13.540999999999999
1508.0,18.802711208778106,19.438,17.538,16.414,15.991,18.165
1510.01,21.623097615174984,22.226999999999997,23.168000000000003,20.941999999999997,17.808,19.272000000000002
1510.02,24.32969370046586,25.131999999999998,23.543000000000003,25.685,24.651,24.680999999999997
1511.0,22.964737947519026,23.730999999999998,23.113000000000003,23.204,24.741999999999997,26.9
1512.0,24.14176540429044,25.078000000000003,21.576,22.659000000000002,23.116999999999997,26.55
1601.0,16.336534583927293,16.84,14.812999999999999,11.863,7.156000000000001,9.072000000000001
1602.0,4.077158028245988,3.551,10.309000000000001,9.785,8.912,8.884
1603.0,22.689755431618977,23.381,24.478,21.613000000000003,20.763,19.058
1604.0,20.3214090778053,20.935,21.1,20.11,20.930999999999997,22.680999999999997
1605.01,30.878417836102287,32.138000000000005,28.635,30.703000000000003,33.113,32.818000000000005
1605.02,26.043920746472217,26.822,26.27,31.463,31.313000000000002,26.884
1606.01,25.57393178649439,26.146,28.732,32.583,29.035,17.864
1606.02,17.742699220986864,18.413,15.565999999999999,12.243,11.105,13.52
1607.0,16.50682754526236,16.969,17.111,12.173,9.083,7.4110000000000005
1608.0,20.050863235296184,20.684,19.729,20.779,22.73,19.829
1609.0,8.83961537083927,9.06,8.495,3.8480000000000003,6.93,9.843
1610.0,5.884179052849584,5.807,5.968,5.619,6.417999999999999,5.667000000000001
1611.0,7.29623605995317,7.295,7.206,6.456,6.43,4.8260000000000005
1612.0,21.039482883919298,21.728,22.523000000000003,19.377,22.293000000000003,20.866999999999997
1613.0,27.678504140323263,28.656,28.1,25.72,23.165,20.756
1701.0,13.847334740170872,14.048,14.965,14.9,12.120999999999999,10.599
1702.0,16.779756262059003,16.875,22.858,24.045,24.609,24.947
1703.0,13.279803418674614,13.689,11.285,14.373,20.595,21.958000000000002
1704.0,16.230738753054048,16.653,15.511,16.308,14.956,12.227
1705.0,11.352749673010958,11.515999999999998,11.866,10.577,9.552999999999999,9.76
1706.0,11.671454650429432,11.745999999999999,11.607999999999999,14.825999999999999,11.25,10.72
1707.0,18.26417192415596,18.776,18.827,19.409000000000002,21.739,22.445999999999998
1708.0,14.566011475460634,15.046,13.227,9.709,9.163,8.97
1709.0,10.767415126224146,10.989,9.08,10.747,11.777999999999999,16.648
1710.0,11.793811686441549,11.96,11.687000000000001,14.59,16.141,14.994000000000002
1711.0,14.179108934765763,14.454,16.796,13.557,15.557,16.912
1801.0,17.456398896042174,17.852999999999998,18.942,19.785999999999998,20.858,22.724
1901.0,27.221096045440483,28.229,25.0,29.276999999999997,30.26,35.283
1902.0,23.39809117973602,23.967,27.204,25.673000000000002,23.664,26.930999999999997
1903.0,24.812385203788338,25.544,25.289,28.733,27.923000000000002,28.809
1904.01,27.340293096057387,28.177,31.389,27.891,28.779,28.55
1904.02,20.164832980384247,20.954,18.074,15.915999999999999,16.730999999999998,19.72
1906.01,21.198235284184648,21.619,24.744,27.361,27.826999999999998,29.961
1906.02,23.95742490515486,24.862,23.362,20.706,21.462,21.534000000000002
1907.01,26.457409428852706,27.776,20.573,21.149,26.576,27.980999999999998
1907.02,31.72604856345589,32.856,34.106,29.25,27.093000000000004,23.375
1908.0,18.247797318410576,18.549,19.779,25.285999999999998,24.314,33.981
1909.0,18.70684572508445,19.375999999999998,17.758,15.088,16.163,12.449000000000002
1910.0,24.5513739559971,25.090999999999998,29.024,28.590999999999998,24.853,29.022
1911.0,24.16855653534865,25.073,23.639,20.447,19.951,21.660999999999998
1912.0,33.38682296298481,34.696,34.994,31.564,35.153,33.589
1913.01,26.369560288396784,27.145,26.796999999999997,33.015,33.85,29.919
1913.02,28.384229167968215,29.572,28.596999999999998,22.889,26.467,31.311
2001.0,14.585467486276043,14.847999999999999,17.184,15.050999999999998,16.421,20.473
2002.0,21.339490895937658,21.869,26.55,22.816,26.974,28.165
2003.0,28.66586676119433,29.761999999999997,28.53,26.401,26.838,23.301
2004.01,20.851071630616183,21.555999999999997,18.249000000000002,22.4,22.621,25.771
2004.02,18.61599053256596,18.9,24.25,22.345,23.313000000000002,24.044
2101.0,13.456099175303454,13.764000000000001,12.272,16.863,20.893,20.798000000000002
2104.0,23.71951152375062,24.475,24.488000000000003,25.909000000000002,28.454,29.224
2105.01,40.305349754642116,41.976000000000006,41.36600000000001,36.422,37.048,35.402
2105.02,27.155444223264233,27.924,30.984,30.598000000000003,31.265,31.709
2106.01,34.54644836149214,35.948,36.986,33.036,41.29,39.274
2106.02,26.726395501071863,27.842,24.891,26.265,33.303000000000004,28.375
2107.0,19.298430798195596,19.483,23.151999999999997,30.796,30.212,24.471
2108.0,16.332511412552485,17.192999999999998,8.074,12.422,17.49,16.519000000000002
2109.0,15.252133366556393,15.664000000000001,15.203,13.775,14.200999999999999,10.043
2203.0,6.26730428938815,6.321000000000001,6.559,4.505,11.093,9.652999999999999
2204.0,9.537738074673726,9.714,7.836,7.066,5.521,6.789
2205.0,6.668429439746333,6.604,6.301,7.982,8.333,6.955
2206.01,10.9203911683565,11.282,9.023,7.246,11.355,9.881
2206.02,9.862014540937038,10.092,7.164,9.222999999999999,10.665999999999999,12.262
2207.01,15.079213731005002,15.355,18.358,18.573,25.144000000000002,21.456
2207.02,18.005205543978498,18.293,21.374000000000002,24.022,25.565,21.476
2209.01,20.29802054107906,20.89,21.230999999999998,19.868,19.34,15.822000000000001
2209.02,23.355960923239955,23.915,27.128,25.429000000000002,22.526,22.250999999999998
2210.0,22.197420362098796,22.768,25.261,21.95,18.695,16.757
2211.0,10.727350557744689,11.214,6.154,4.2989999999999995,7.44,7.662999999999999
2212.0,9.364840933015639,9.295,10.93,14.494000000000002,15.418,9.793
2213.0,14.906926260500564,15.238,15.532,15.328,15.76,15.252
2214.0,17.58734187784509,17.963,19.221,22.655,26.224,28.039
2215.0,11.590419455454729,11.877,11.383,9.351,12.068,11.762
2216.0,4.518549012611653,4.189,7.024,7.602,6.3020000000000005,4.621
2222.0,3.445014007670838,3.24,3.9210000000000003,3.384,4.882,6.44
2225.0,16.759658421509393,17.292,14.888,15.597000000000001,15.492,14.11
2226.0,11.185824234359425,11.385,10.232000000000001,10.513,9.331,9.126
2227.0,13.399171381498794,13.559000000000001,14.173,16.078,13.659,20.564
2228.0,19.11105521754383,19.634,20.513,24.39,32.577,26.21
2229.0,15.582973624721058,16.054000000000002,15.718,16.145,22.840999999999998,26.653000000000002
2301.0,11.336086744403097,11.374,14.095,16.625,21.131999999999998,18.647000000000002
2302.0,17.206043567101183,17.666,19.016,14.661,14.409,8.947000000000001
2303.0,17.97846316349834,18.266,22.136999999999997,22.125999999999998,22.768,26.695
2304.0,18.406336964475855,19.073,15.154000000000002,15.629000000000001,13.623,11.328
2305.0,18.421347689578425,18.879,21.456,20.152,24.699,29.247
2306.0,13.22193686391894,13.615,9.476,16.325,20.686999999999998,19.725
2307.0,18.87225777959881,19.410999999999998,17.346,20.578000000000003,18.849,19.885
2308.0,9.911885124405385,9.847000000000001,10.377,17.507,18.098,22.412
2309.0,9.876093851193897,9.943999999999999,9.583,11.267000000000001,10.12,9.089
2311.0,10.213352118885313,10.595,7.09,3.08,3.0839999999999996,0.0
2312.0,9.934898919261837,10.263,5.957999999999999,4.234,1.758,3.2760000000000002
2315.0,1.6401783992845296,1.38,1.4069999999999998,0.064,0.055999999999999994,0.054000000000000006
2402.0,5.161156567622429,5.043,5.1739999999999995,4.641,4.56,2.864
2403.0,7.007542595177427,7.041,5.777,4.762,3.4219999999999997,3.412
2405.0,7.303365869730062,7.064,9.796,10.503,6.142,4.705
2406.0,14.767291495071063,14.875,13.507,20.701,10.454,8.675
2407.0,10.73283755075185,10.484000000000002,15.277000000000001,22.765,23.877,22.339000000000002
2408.0,14.436577849057276,14.464,19.218,20.336,19.24,16.183
2409.0,11.180040439090037,11.481,11.245999999999999,8.621,13.811,11.83
2410.0,6.604814003261578,6.6129999999999995,6.729,4.611000000000001,6.307,5.546
2411.0,4.940704065174981,4.53,12.552999999999999,6.7,8.013,8.331
2412.0,11.76309546561168,11.979000000000001,11.065999999999999,12.245,12.530999999999999,8.369
2413.0,3.7995476221564255,3.708,2.9819999999999998,1.7930000000000001,3.9960000000000004,3.596
2414.0,5.339120015779678,5.257999999999999,5.479,3.145,2.793,1.845
2415.0,6.742362834381143,6.754,7.046,3.096,2.548,3.218
2416.0,9.61096613151844,10.033,5.73,4.239,9.845,10.458
2420.0,5.768538707581299,5.691,6.372999999999999,4.426,5.171,7.442
2421.0,5.562680689733532,5.586,5.044,3.069,7.079,4.032
2422.0,4.98248265179762,4.89,4.258,4.843,5.9910000000000005,5.218
2423.0,3.0276246518025625,2.668,4.829,5.0489999999999995,3.5589999999999997,8.083
2424.0,20.08529436816682,20.534000000000002,22.386,22.000999999999998,19.046,16.447
2425.0,16.81433106928015,17.282,18.712,15.558,19.209,19.762999999999998
2426.0,8.249900547860404,8.46,4.5169999999999995,5.267,4.992,6.303999999999999
2427.0,8.268932906572935,8.437000000000001,5.388,5.13,3.6430000000000002,4.071000000000001
2428.0,12.105714646249247,12.353,10.693,9.89,5.597,8.347999999999999
2429.0,5.27697602183349,4.891,11.056,10.067,12.265,14.43
2430.0,9.405799403709501,9.222999999999999,15.972000000000001,11.779000000000002,12.115,10.54
2431.0,12.198408984625345,11.997,18.736,22.092,22.838,23.883000000000003
2432.0,17.540958677029145,18.02,16.986,19.028,19.565,30.703000000000003
2433.0,9.488937958600905,9.602,8.287,9.607000000000001,8.887,6.599
2434.0,9.599794671290987,9.592,13.367,12.107000000000001,17.497,15.382
2435.0,7.443370583440162,7.5329999999999995,6.379,3.883,3.313,3.657
2502.0,8.175594608790153,8.252,7.716,7.015,7.986000000000001,5.808
2503.0,7.309549053496906,7.465,5.6339999999999995,4.002,7.303,12.011
2504.0,6.427259470442583,6.356,6.6739999999999995,5.859,5.17,4.503
2505.0,5.1835501379668605,5.091,5.063,5.465,7.905,7.801
2506.0,0.3484339720250764,0.0,0.0,0.327,0.705,0.6809999999999999
2507.0,2.0175431440633815,1.756,1.806,1.186,0.97,0.209
2508.0,6.120104339601524,6.175,4.02,2.799,2.333,1.5419999999999998
2510.0,1.3013113124174005,0.982,1.713,1.074,1.636,1.771
2511.0,1.1493221723925782,0.8009999999999999,1.266,1.5019999999999998,0.8109999999999999,0.8809999999999999
2512.0,2.8819461766220806,2.7230000000000003,0.617,1.537,0.0,0.6970000000000001
2513.0,3.329645512651302,3.2569999999999997,0.6970000000000001,0.405,0.042,0.47
2514.0,1.4799069806621978,1.2209999999999999,0.69,0.785,1.442,0.635
2515.0,0.3470764778279811,0.0,0.0,0.0,0.0,0.14300000000000002
2516.0,3.869075463321106,3.605,4.391,4.281000000000001,1.197,1.082
2517.0,7.159364542921418,7.24,5.651,4.018,3.41,4.195
2518.0,1.3067396171235761,1.06,0.0,0.0,0.0,0.0
2519.0,0.3643833531118827,0.0,0.317,0.33399999999999996,0.247,0.637
2520.0,0.6804536254104352,0.303,1.052,1.239,1.021,1.472
2521.01,2.6480144971117516,2.4330000000000003,1.175,2.804,2.245,1.237
2521.02,2.770060058870695,2.517,2.5989999999999998,1.9869999999999999,0.0,0.0
2522.01,0.35314425213279954,0.0,0.133,0.10800000000000001,0.113,0.138
2522.02,0.8352193405459163,0.531,0.24600000000000002,0.0,0.0,0.33
2601.0,0.3470764778279811,0.0,0.0,0.0,0.0,0.0
2602.0,1.062265704226471,0.732,0.79,0.8640000000000001,0.0,0.0
2603.0,0.3470764778279811,0.0,0.0,0.0,0.0,0.0
2604.0,0.5834127958682698,0.249,0.319,0.066,0.066,0.084
2605.0,0.8223396145208268,0.501,0.599,0.11,0.0,0.0
2606.0,0.3470764778279811,0.0,0.0,0.0,0.0,0.0
2607.0,4.029092419353594,3.8710000000000004,5.2170000000000005,0.9,0.706,0.74
2608.0,0.3470764778279811,0.0,0.0,0.0,0.0,0.0
2609.0,1.0703457896219777,0.7809999999999999,0.5379999999999999,0.0,0.0,0.0
2610.0,0.3470764778279811,0.0,0.0,0.0,0.0,0.0
2705.0,3.2518106501782933,3.142,0.8290000000000001,1.3530000000000002,0.723,2.285
2712.0,0.3470764778279811,0.0,0.0,0.0,0.0,0.0
2713.0,0.3470764778279811,0.0,0.0,0.0,0.0,0.0
2714.0,0.35108223154969276,0.0,0.087,0.073,0.077,0.645
2715.0,0.3470764778279811,0.0,0.0,0.0,0.0,0.0
2718.0,0.3470764778279811,0.0,0.0,0.0,0.0,0.0
2801.0,6.242125763618341,6.196000000000001,5.242000000000001,7.312,8.54,7.9239999999999995
2804.0,1.3577202121291947,1.057,1.025,1.585,2.211,1.7919999999999998
2808.0,0.3470764778279811,0.0,0.0,0.0,0.0,0.0
2809.0,1.571332222755219,1.239,1.392,2.177,0.866,0.945
2819.0,37.39596914326955,38.993,37.282,27.764,22.08,21.173000000000002
2827.0,9.02298276633895,9.221,6.827999999999999,5.8660000000000005,5.388999999999999,7.364
2828.0,17.444958660702127,18.062,17.827,14.214,19.525,13.529000000000002
2831.0,18.904072927066238,19.403,19.180999999999997,19.546,17.507,19.92
2832.0,5.8056102620816565,5.805,3.5789999999999997,5.294,5.976,6.471
2838.0,5.02169146612238,4.921,4.752,4.001,4.1930000000000005,3.4389999999999996
2909.0,0.7711010489859247,0.451,0.522,0.0,0.0,1.307
2912.0,0.3470764778279811,0.0,0.0,0.0,0.0,0.0
2916.0,20.694038970873166,20.838,26.368000000000002,30.011999999999997,22.935,21.074
2922.0,0.3470764778279811,0.0,0.0,0.0,0.0,0.667
2924.0,1.0017889237192816,0.695,0.847,0.0,0.0,0.0
2925.0,0.5978457177987833,0.24,0.585,0.478,0.0,0.0
3005.0,38.90743366099433,40.391,40.564,41.343,44.633,43.742
3006.0,27.205638589882895,27.895,32.107,30.918000000000003,28.89,28.245
3007.0,29.268852237839205,30.101999999999997,31.87,36.058,36.194,38.991
3008.0,32.36613865819295,33.184,38.768,42.608000000000004,44.961999999999996,49.033
3009.0,35.39359336441605,36.486999999999995,40.5,40.816,41.662,43.254
3011.0,33.144447937589014,34.176,37.304,39.301,42.431000000000004,45.251000000000005
3012.0,25.307529026078775,25.691999999999997,31.125999999999998,38.466,38.148,39.589
3016.0,28.266246756318033,28.928,34.545,34.906,34.859,33.917
3017.01,34.49630641220476,35.626999999999995,36.245,39.446999999999996,37.591,32.089
3017.02,36.700054224961015,38.162,38.035,40.585,51.166000000000004,49.141000000000005
3018.01,38.240971845420205,39.608000000000004,40.415,41.523999999999994,41.599,41.919
3018.02,34.41145033140694,35.852,32.24,36.635,43.125,44.674
3018.03,40.36166252526062,42.093,39.929,37.605,40.434,42.336000000000006
3102.0,8.293209332497153,8.35,7.5360000000000005,6.934,5.2410000000000005,4.371
3103.0,23.00882579511019,23.909000000000002,19.089000000000002,19.188,14.544,7.809
3104.0,23.276840401978667,24.324,20.195999999999998,16.602,18.635,18.929000000000002
3105.0,26.015872154609752,26.795,31.069000000000003,30.711,40.446,42.882
3106.0,23.767129961827443,24.479,23.848000000000003,27.462,27.587,25.495
3107.0,25.548888956261926,26.25,31.506999999999998,31.24,40.766999999999996,42.611000000000004
3108.0,31.310634998872636,32.291,34.135999999999996,37.796,41.086999999999996,39.925
3109.0,27.983486152966258,29.061999999999998,26.752,30.491,36.553000000000004,35.379
3201.0,15.819911452602188,16.399,13.062000000000001,12.181,12.735999999999999,13.135
3204.0,12.44750345882294,12.687999999999999,12.089,10.216000000000001,6.662000000000001,6.824
3206.0,15.999803024146916,16.427,15.659,16.289,17.192999999999998,17.089000000000002
3301.0,9.631070582432633,9.752,9.157,10.229,11.892999999999999,11.759
3302.0,6.714698244445676,6.702000000000001,6.337000000000001,6.486000000000001,7.877000000000001,7.91
3403.0,22.16380357913426,23.107,21.625999999999998,16.570999999999998,22.586,21.246
3404.0,40.604082740493745,42.294,37.931,37.288000000000004,30.706,30.685
3405.0,22.719558124648145,23.45,23.045,24.355,26.741999999999997,30.598000000000003
3406.0,1.3630441866487542,1.091,0.938,0.0,0.0,0.0
3501.0,37.53304810772319,39.413000000000004,32.076,27.474,27.778000000000002,23.769000000000002
3504.0,0.3470764778279811,0.0,0.0,0.0,0.0,0.0
3510.0,22.01457745583513,22.609,21.059,27.936999999999998,26.947,22.858
3511.0,0.3470764778279811,0.0,0.0,0.0,0.0,0.0
3514.0,0.45538469301579043,0.0,0.0,5.846,6.369,8.107999999999999
3515.0,23.22316729209841,23.714000000000002,34.217,23.794,30.682,22.221999999999998
3602.0,15.628884229973675,16.062,15.47,11.163,7.143,4.352
3801.0,0.8721156270174532,0.519,1.0979999999999999,0.975,0.762,0.748
3802.0,1.3896994180698812,1.064,1.199,1.3019999999999998,0.0,0.0
3805.0,0.6785348624926412,0.358,0.244,0.0,0.0,0.0
3807.0,2.228784080552333,1.939,2.549,1.899,1.006,0.7
3812.0,1.492353422384863,1.244,0.925,0.946,2.985,3.218
3814.0,0.3353630840820655,0.0,0.0,0.0,0.8690000000000001,0.996
3815.0,0.3470764778279811,0.0,0.0,0.0,0.0,0.0
3817.0,0.3470764778279811,0.0,0.0,0.0,0.0,0.0
3818.0,1.783223581696238,1.5319999999999998,1.633,0.0,0.0,0.0
3819.0,1.7599788657719349,1.494,1.392,0.899,0.8490000000000001,0.0
3901.0,5.2580449059961705,5.164,5.051,4.36,4.532,2.687
3902.0,3.5156464294398964,3.27,3.299,4.525,3.0789999999999997,7.611000000000001
3903.0,1.7669424517516747,1.514,0.825,1.31,1.422,1.7919999999999998
3904.0,1.2423635222350744,0.9279999999999999,1.3869999999999998,0.94,1.324,1.785
3905.0,4.753668088480455,4.6419999999999995,4.078,4.627,5.375,3.887
3906.0,6.461436486272937,6.079,10.071,14.779000000000002,13.595,11.634
3907.0,20.171746545318243,20.958000000000002,18.447,14.83,14.644,15.175
4003.0,0.8459368949076203,0.531,0.602,0.0,0.0,0.0
4004.0,0.3470764778279811,0.0,0.0,0.0,0.0,0.0
4005.0,0.3470764778279811,0.0,0.0,0.0,0.0,0.0
4008.0,0.3470764778279811,0.0,0.0,0.0,0.0,0.0
4101.0,16.019180297463468,16.203,21.421,16.249000000000002,13.481,14.12
4102.0,28.034255046456856,29.081,28.125,26.296,26.793000000000003,25.046
4105.0,6.229281177207253,6.093999999999999,6.957999999999999,6.247999999999999,3.853,3.3369999999999997
4106.0,8.992434211423774,9.039,8.457,9.471,7.952000000000001,10.845999999999998
4107.0,12.045734995895549,11.927,18.07,15.575,11.918,12.022
4108.0,12.790547142850814,12.995999999999999,14.558,13.439,15.355,12.915999999999999
4109.0,10.110258001275719,10.335999999999999,9.579,6.756,7.952999999999999,10.216000000000001
4110.0,10.934297926526076,11.175999999999998,8.904,10.71,11.472999999999999,12.164000000000001
4111.0,18.077252945006393,18.844,11.71,15.895999999999999,15.622,17.195999999999998
4112.0,12.598151989983679,12.955,11.354000000000001,11.196,14.192,13.854000000000001
4201.0,3.477980343883922,3.236,4.085,3.9360000000000004,3.8939999999999997,2.648
4202.0,4.85398708877449,4.687,4.159,6.537000000000001,5.8420000000000005,2.262
4203.0,10.233232202245574,10.419,10.637,9.475,13.467,12.030999999999999
4204.0,7.0817664562655835,6.656000000000001,10.362,15.774000000000001,9.43,11.314
4205.0,1.9581101822149587,1.681,1.525,1.3019999999999998,0.0,0.0
4206.0,0.5358149666013364,0.188,0.243,0.436,0.242,0.0
4207.0,4.1193659772629285,3.937,4.066,3.5060000000000002,2.292,1.171
4208.0,1.8708755159749537,1.614,1.091,1.09,0.48,0.9740000000000001
4212.0,1.2296362740229405,0.9209999999999999,0.996,0.975,1.011,0.0
4301.01,0.3470764778279811,0.0,0.0,0.0,0.0,0.0
4301.02,2.8764032484207966,2.415,7.117999999999999,6.223,5.79,8.37
4302.0,1.0787465651396544,0.7090000000000001,1.6440000000000001,1.679,1.148,1.044
4303.0,0.3527249500270407,0.0,0.0,0.373,0.5,0.44799999999999995
4304.0,3.0198061756896197,2.733,3.014,3.553,0.765,3.553
4305.0,3.5411170372867704,3.299,4.288,3.46,2.722,2.025
4306.0,0.3470764778279811,0.0,0.0,0.0,0.0,0.0
4307.0,1.6556576804633925,1.374,1.29,1.7919999999999998,2.501,1.4369999999999998
4308.0,1.2846624266055282,1.014,0.65,0.0,0.0,0.0
4309.0,1.4514413402804496,1.205,0.446,0.0,0.0,0.0
4312.0,1.8850627895175376,1.547,3.0989999999999998,2.551,3.012,1.78
4313.01,2.466032104432872,2.173,2.602,3.6919999999999997,3.658,3.034
4313.02,2.963917769365303,2.708,3.117,2.3930000000000002,0.604,0.146
4314.0,0.6762547015315629,0.244,1.949,2.519,2.5269999999999997,2.269
4401.01,0.609323243320683,0.278,0.187,0.239,0.223,0.616
4401.02,1.285664705806656,1.0270000000000001,0.032,0.23600000000000002,0.0,0.0
4402.01,0.3470764778279811,0.0,0.0,0.0,0.0,0.0
4402.02,0.6639463823123757,0.35,0.0,0.0,0.0,0.0
4403.0,0.369500066387216,0.022000000000000002,0.045,0.044000000000000004,0.023,0.021
4406.0,1.3023094480125328,1.0070000000000001,0.924,0.835,0.89,0.0
4407.0,3.8425800286524843,3.818,0.9329999999999999,0.818,1.213,0.561
4408.0,1.8643051168985816,1.6059999999999999,1.294,1.035,0.748,0.0
4409.0,0.3470764778279811,0.0,0.0,0.0,0.0,0.0
4503.0,1.6654748074709502,1.386,1.13,1.8840000000000001,2.448,2.23
4601.0,5.027276971735703,4.905,4.842,5.193,5.8420000000000005,8.897
4602.0,9.942360092779571,10.186,6.2829999999999995,11.890999999999998,15.625,12.039000000000001
4603.01,10.85767556697311,11.097999999999999,9.019,10.415999999999999,11.450999999999999,12.122
4603.02,12.044313008215356,12.407,7.986000000000001,9.827,7.577999999999999,10.33
4604.0,1.1276198498967192,0.8140000000000001,0.888,0.877,0.91,0.858
4605.0,0.3829894631302106,0.0,1.021,1.0,2.08,2.217
4606.0,9.359577838422348,9.599,7.769,4.215,3.84,0.077
4607.0,14.289559353842336,14.386,17.063,20.599,20.743000000000002,20.43
4610.0,7.1412317574989235,7.222,5.997999999999999,2.722,1.128,0.9420000000000001
4701.0,0.34343725589956575,0.0,0.0,0.38799999999999996,1.226,1.156
4801.0,0.3470764778279811,0.0,0.0,0.0,0.0,0.0
4802.0,0.3470764778279811,0.0,0.0,0.0,0.0,0.0
4803.0,0.9626488391504201,0.6659999999999999,0.419,0.0,0.0,0.07200000000000001
4804.0,0.36738789124204196,0.0,0.7040000000000001,1.6780000000000002,4.2,3.687
4805.0,6.958066103716388,7.006,4.448,5.33,3.173,1.504
4903.0,5.926219849358528,5.732,7.9910000000000005,4.688,0.486,0.28600000000000003
4904.0,1.0442736655085048,0.753,0.514,0.0,0.0,0.0
4905.0,3.2822772526034325,3.133,2.3930000000000002,1.794,2.438,1.7109999999999999
4906.0,0.2962735077147983,0.0,0.0,0.0,3.7689999999999997,1.814
4907.0,2.962626868748375,2.821,1.281,1.141,1.104,0.568
4908.0,1.1784003748638354,0.8759999999999999,0.955,0.977,1.703,1.39
4909.01,0.4610598190843272,0.09,0.688,0.633,0.685,0.828
4909.02,0.5337483320382308,0.19399999999999998,0.207,0.281,0.336,0.0
4910.0,0.34706929038284945,0.0,0.0,0.098,0.242,0.145
4911.0,0.3437066867618374,0.0,0.0,0.0,0.25,0.255
4912.0,0.8604057230927005,0.5670000000000001,0.0,0.0,0.0,0.254
4913.0,0.8698360820857496,0.539,0.8959999999999999,0.414,0.441,0.324
4914.0,1.1883204636685485,0.894,0.7040000000000001,0.44799999999999995,0.312,0.166
5001.0,0.3470764778279811,0.0,0.0,0.0,0.0,0.419
5002.0,0.9414857364061897,0.602,0.861,1.335,1.548,1.078
5003.0,7.80713399036074,7.665,9.649,10.105,7.8260000000000005,10.968
5101.0,14.50461856477985,14.597000000000001,17.279,21.238000000000003,21.017,24.331
5102.0,5.130269021485735,5.063,3.804,3.447,2.193,1.5419999999999998
5103.0,1.098027336013018,0.818,0.39799999999999996,0.05,0.242,0.374
5201.0,24.107791208997092,25.011999999999997,24.846,19.262,20.137999999999998,19.804000000000002
5202.0,15.723394298003079,16.117,17.305999999999997,18.409000000000002,25.78,24.544
5203.0,17.597999339846382,17.984,18.165,20.915,20.198,24.095
5204.0,13.346343776811961,13.520999999999999,15.502,14.752,14.727,19.512999999999998
5205.0,10.631327458751803,10.997,6.2,6.671,5.936,7.25
5206.0,15.70589187816189,16.354,14.319,8.075,10.863,16.678
5301.0,15.255654240765713,15.635,15.83,14.548,15.297,12.248
5302.0,0.3549199687808331,0.0,0.163,0.157,0.16899999999999998,0.168
5303.0,0.3470764778279811,0.0,0.0,0.0,0.0,0.0
5304.0,1.2864766605236957,1.01,0.397,0.39299999999999996,0.0,0.0
5305.01,0.3470764778279811,0.0,0.0,0.0,0.0,0.0
5305.02,0.4682866571860868,0.0,0.0,5.952000000000001,5.672999999999999,6.56
5305.03,1.3089559571980183,1.006,0.7190000000000001,0.887,0.0,0.0
5306.0,1.8429110341955055,1.569,1.88,1.5030000000000001,2.312,1.128
5401.01,2.6143429708022365,2.408,0.35700000000000004,2.302,0.0,0.0
5401.02,0.3470764778279811,0.0,0.0,0.0,0.0,0.0
5501.0,4.135228023927953,4.093999999999999,2.116,2.133,3.9219999999999997,6.082000000000001
5502.0,1.5067093427176863,1.082,2.094,5.452999999999999,4.755,4.603
5601.0,17.122068836503317,17.766,14.014000000000001,12.585999999999999,11.071,15.042
5602.0,6.245458181700184,6.295,4.437,3.339,3.355,2.063
5603.0,18.59513770610593,19.242,16.005,15.765,13.203,12.005999999999998
5604.0,22.184467041187382,22.805999999999997,22.724,23.599,20.605,11.477
5607.0,16.109149663013604,16.406,17.011,19.712,19.124000000000002,22.009
5608.0,10.239333857693953,10.538,6.906000000000001,6.8389999999999995,6.178999999999999,5.2589999999999995
5609.0,4.195079763030378,3.969,4.91,5.691,6.093,5.875
5610.0,1.9693351043066947,1.6880000000000002,1.145,3.512,4.234,5.825
5611.0,5.8089519807178025,5.704,6.001,6.301,6.835,6.791
5701.0,31.336523833868952,32.741,28.627,23.146,20.99,12.407
5702.0,27.67389480325616,28.726,25.772,26.248,24.31,20.97
5703.0,24.974386442785118,25.645,27.631,29.009,28.599,27.153000000000002
5704.0,23.575287330065898,24.465999999999998,24.108,20.53,24.447,16.474
5705.0,24.45475466402351,24.938000000000002,28.818,30.921999999999997,27.028000000000002,33.95
5801.0,29.760354304911594,30.891,27.57,28.589000000000002,24.717,19.427
5802.0,22.927016110707285,23.311,31.785999999999998,26.554000000000002,26.956,34.064
5803.0,31.16093439928857,32.297,31.276999999999997,32.652,33.536,40.528
5804.0,24.276648520027635,25.101999999999997,22.933000000000003,25.295,24.248,22.045
5805.01,35.33765431448554,36.874,32.852,31.611,32.043,27.688000000000002
5805.02,29.99970447996892,31.160999999999998,32.23,25.755,28.52,31.546
5806.0,30.355743544274418,31.396,30.443,31.795,28.781,29.026
5807.0,27.206538364947114,28.026,28.894000000000002,31.759,32.518,31.197
5808.0,37.33310774230752,38.57,38.832,46.188,47.19,46.618
5905.0,20.34446899165569,20.88,21.77,22.163,22.081,23.21
5906.0,16.465609165433847,16.805,17.324,18.703,17.691,16.671
5907.0,17.813757358746933,18.301,18.46,16.262,14.677,15.31
6004.0,21.946526906719086,22.568,24.895,20.709,20.0,20.17
6006.0,25.767796205311527,26.705,23.456,27.284000000000002,27.358,23.674
6007.0,11.272278199932202,11.47,11.545,10.507,11.544,14.321
6009.0,12.429807865242704,12.507,15.254000000000001,15.728,16.468,21.733
6103.0,27.83869443476975,28.897,27.829,28.659000000000002,34.104,34.984
6104.0,33.877478937333294,34.951,36.11,36.385999999999996,30.253,30.985
6108.0,0.6239697535343997,0.309,0.0,0.0,0.212,0.455
6110.0,16.14407237126251,16.756,13.889000000000001,11.719000000000001,13.374,15.674000000000001
6111.0,38.59809492955628,40.06,36.343,42.824,39.571999999999996,33.635999999999996
6112.0,28.917011184077822,29.836,31.496,31.997,33.589,30.621
6113.0,42.316766316629916,44.341,36.922,35.702,34.972,31.721999999999998
6114.0,33.55600235151315,34.655,36.936,38.122,40.344,40.18
6115.0,36.28825975753512,37.36,42.243,40.689,37.504,42.397
6116.0,11.883697700556445,12.032,17.332,8.14,11.024000000000001,11.908
6117.0,15.800883903765078,16.496,9.213,10.879000000000001,8.857999999999999,13.187999999999999
6118.0,22.90048945520516,23.785,23.945999999999998,13.828,11.894,15.681
6119.0,6.451484449131715,6.515,5.896,3.9739999999999998,7.67,5.317
6120.0,2.6241205404289887,2.356,2.7739999999999996,3.0039999999999996,2.91,0.305
6121.0,3.266226109457741,3.0189999999999997,3.464,2.458,0.0,0.0
6201.0,24.30735904402753,25.13,23.987,23.863000000000003,22.676,21.609
6202.0,27.055043290656073,27.991999999999997,29.308000000000003,27.771,32.571999999999996,25.930999999999997
6203.0,16.306606738298115,16.646,16.255,20.871,21.761999999999997,22.283
6204.0,23.51250565082144,24.198,23.13,28.555,28.693,26.451
6301.0,33.56762546620616,35.024,30.660999999999998,27.315,23.623,20.172
6302.0,25.601066623654084,25.868000000000002,35.679,38.150999999999996,37.585,36.527
6303.0,32.06228636511697,33.194,32.126999999999995,35.451,35.709,32.433
6304.0,36.210426432616266,37.571,37.425,34.364000000000004,31.105,27.526
6305.0,35.99635680522538,36.955999999999996,41.453,42.888999999999996,35.681,33.535
6308.0,31.06894804884032,32.044000000000004,35.448,36.443000000000005,42.023999999999994,42.64
6309.0,31.471372924078132,32.317,37.972,37.395,38.488,43.026
6401.0,19.483466880018547,20.194000000000003,17.805,20.924,27.973000000000003,37.005
6403.0,6.643837225737905,6.455,8.68,9.124,8.277000000000001,5.8660000000000005
6404.0,5.022630903905765,4.843999999999999,5.311,6.734,6.934,4.956
6405.0,6.674262064251975,6.757000000000001,5.938,3.279,5.778,7.121
6406.0,14.994363620903611,15.119000000000002,18.412,19.525,18.054000000000002,13.394
6407.0,15.40480509427968,15.74,17.651,16.235,19.508,21.415
6408.0,14.66831868806472,14.992,15.293,13.575,12.085999999999999,10.638
6501.0,27.12478579430023,27.885,28.846999999999998,31.238000000000003,27.724,30.430999999999997
6502.0,16.909194252384538,17.418,15.443,16.697,16.811,16.465
6503.01,20.06493266833006,20.559,20.526,22.569000000000003,19.480999999999998,21.081999999999997
6503.02,23.020037837570754,23.711,25.82,24.441,28.39,29.517
6504.0,25.924190669614127,26.494,30.45,32.575,30.241,29.043000000000003
6505.0,17.34344852794817,17.676,21.115,18.262999999999998,18.45,21.162
6603.01,24.954866038958308,25.905,25.475,17.997,15.562000000000001,15.838
6603.02,31.841174390347334,33.12,30.32,29.980999999999998,29.629,25.319000000000003
6604.0,29.552836085718717,30.569000000000003,31.23,31.17,33.019,31.599
6605.0,31.267060264770123,32.379,31.585,29.884,25.038,24.823
6606.0,11.39868960776083,11.561,11.745999999999999,10.222999999999999,8.027000000000001,12.056
6607.0,0.9457250195236793,0.626,0.56,0.45299999999999996,0.0,0.0
6608.0,18.64592403489695,19.164,19.012,20.213,21.872,16.441
6609.0,3.2481497590512816,3.005,4.315,2.983,3.595,6.138
6610.0,4.472855910761349,4.436,2.519,2.5839999999999996,3.8560000000000003,3.489
6611.0,12.175401132414622,12.57,10.267000000000001,9.02,11.907,13.62
6701.0,1.1210899400831673,0.83,0.75,0.0,0.0,0.33399999999999996
6702.0,5.857544741844022,5.727,6.396,6.037999999999999,5.0089999999999995,0.0
6703.0,2.975490457616919,2.8310000000000004,2.1719999999999997,0.0,0.0,0.0
6704.0,4.644175604559467,4.58,2.745,2.701,1.611,1.2309999999999999
6705.0,7.140701033327699,7.276,6.058,1.65,2.287,2.476
6706.0,4.522863977547548,4.3839999999999995,4.218,4.553999999999999,5.3020000000000005,0.0
6707.0,1.0767826007263297,0.8059999999999999,0.0,0.0,0.0,0.0
6708.0,1.3327102521906897,1.078,0.11800000000000001,0.3,0.285,0.0
6709.0,0.3470764778279811,0.0,0.0,0.0,0.0,0.0
6711.0,1.3301587988540398,1.035,1.077,0.787,0.9279999999999999,1.001
6712.0,0.305129318636624,0.0,0.0,0.0,3.112,2.8689999999999998
6713.0,1.834306569329737,1.601,0.594,0.599,0.0,0.0
6714.0,1.305790476221343,0.937,2.253,2.289,2.481,2.454
6715.0,4.469069398726629,4.416,3.319,1.18,1.121,1.395
6716.0,3.3278801741354247,3.153,2.8369999999999997,2.176,2.331,0.0
6718.0,2.4827480077945343,2.381,0.0,0.0,1.48,0.9570000000000001
6719.0,0.41339343117640287,0.0,1.371,1.3769999999999998,1.535,1.422
6720.0,0.8884713432041753,0.598,0.0,0.0,0.0,0.0
6805.0,0.7922485551385341,0.47100000000000003,0.623,0.0,0.0,0.0
6806.0,2.265049994533501,2.008,1.568,1.591,0.0,0.0
6809.0,1.9056566604711647,1.693,0.561,0.38299999999999995,0.28,0.777
6810.0,0.3470764778279811,0.0,0.0,0.0,0.0,0.0
6811.0,1.006165879155522,0.728,0.0,0.0,0.0,0.0
6812.0,1.2017198773516053,0.9440000000000001,0.0,0.0,0.0,0.0
6813.0,3.67905732676775,3.592,2.657,0.0,0.0,0.0
6814.0,0.9681414906173945,0.6859999999999999,0.0,0.0,0.0,0.0
6903.0,0.3762935855557777,0.0,0.131,1.401,1.577,1.442
6904.0,0.3470764778279811,0.0,0.0,0.0,0.0,0.28
6905.0,0.3470764778279811,0.0,0.0,0.0,0.0,0.0
6909.0,0.5654653568093885,0.226,0.225,0.21100000000000002,0.0,0.0
6910.0,2.541144706153135,2.27,2.627,3.122,3.252,0.0
6911.0,0.3470764778279811,0.0,0.0,0.0,0.0,0.0
6912.0,0.5516839018664759,0.226,0.0,0.0,0.0,0.0
6913.0,2.427345108795221,2.144,2.217,2.525,0.845,1.004
6914.0,0.3607673029222804,0.0,0.184,0.34,0.233,0.43
6915.0,0.7516002770073313,0.44,0.47100000000000003,0.0,0.594,0.607
7001.0,6.417518039635771,6.412000000000001,5.651,4.615,4.303999999999999,4.336
7002.0,18.709789836655332,19.262999999999998,18.914,17.951,17.991,19.982
7003.01,14.774242580427048,15.152000000000001,13.164000000000001,14.314,12.04,11.187000000000001
7003.02,10.944890378891934,10.895999999999999,15.213,13.004000000000001,11.624,9.717
7004.01,4.861938512329697,4.6160000000000005,6.692,6.335,5.643,6.197
7004.02,6.296514090356307,6.226,5.859,5.982,4.621,3.391
7005.01,2.5721991363677934,2.4,0.8390000000000001,0.9790000000000001,0.406,0.0
7005.02,2.5322443417221407,2.34,1.3659999999999999,1.25,1.185,0.0
7101.0,1.6829510517244024,1.395,1.351,1.525,1.365,1.982
7102.0,0.3470764778279811,0.0,0.0,0.0,0.0,0.19699999999999998
7103.0,2.178885231461579,1.614,7.8389999999999995,6.3389999999999995,5.6339999999999995,4.271
7104.0,1.2288732362243544,0.9570000000000001,0.511,0.0,0.0,0.6970000000000001
7105.0,0.76042748985424,0.43200000000000005,0.484,0.231,0.0,0.0
7106.0,0.3470764778279811,0.0,0.0,0.0,0.0,0.0
7107.0,1.3709738165897234,1.056,0.965,1.864,1.714,0.03
7108.0,0.7665453914156686,0.441,0.325,0.314,0.0,0.27699999999999997
7109.0,0.3470764778279811,0.0,0.0,0.0,0.0,0.0
7110.0,1.5634740747430784,1.2690000000000001,1.19,1.492,1.325,1.084
7111.0,0.3418330829290615,0.0,0.0,0.0,0.389,0.507
7112.0,0.3470764778279811,0.0,0.0,0.0,0.0,3.298
7113.0,1.4937235615802469,1.19,1.266,1.265,0.804,0.122
7114.0,0.5948269418588717,0.256,0.222,0.28,0.0,0.0
7115.0,0.34212962454288215,0.0,0.0,0.0,0.36700000000000005,0.282
7201.0,3.07232865015052,2.9410000000000003,1.465,0.677,0.293,0.0
7202.0,1.256124928167067,0.951,1.013,0.9,0.914,0.405
7203.0,0.5668116669231165,0.249,0.0,0.45799999999999996,1.551,1.014
7204.0,0.8407701567013028,0.517,0.557,0.47100000000000003,0.503,0.536
7205.0,0.9327996521485398,0.634,0.228,0.27899999999999997,0.326,0.28600000000000003
7206.0,0.5272323135963499,0.175,0.23399999999999999,0.782,0.838,0.713
7207.0,0.9737615586913851,0.6759999999999999,0.321,0.273,0.301,2.642
7301.0,0.5420606472480687,0.2,0.275,0.32799999999999996,0.39,0.503
7302.01,0.36244242166393026,0.016,0.017,0.018000000000000002,0.017,0.017
7302.02,0.5906853246371984,0.18,1.696,1.3559999999999999,1.146,1.554
7303.0,0.8276520149118871,0.512,0.40700000000000003,0.384,0.591,0.0
7304.0,0.9964098084455694,0.672,0.526,0.993,0.584,0.509
7305.0,0.37022778883666585,0.024,0.023,0.022000000000000002,0.0,0.47600000000000003
7306.0,2.865326912503504,2.625,2.455,2.184,0.35,0.34600000000000003
7307.0,0.627106612347899,0.299,0.31,0.0,0.0,0.0
7401.0,0.3470764778279811,0.0,0.0,0.0,0.0,0.37
7402.0,3.462202961409509,3.2939999999999996,3.345,1.6159999999999999,1.591,1.712
7403.0,0.8449512391388969,0.509,0.789,1.127,1.79,1.768
7404.0,0.9155274672984506,0.597,0.79,0.722,1.469,1.693
7501.0,0.6436661169214781,0.29600000000000004,0.34,0.679,0.31,0.217
7502.0,0.6851382511580848,0.361,0.313,0.311,0.632,0.287
7503.0,2.8471416616027456,2.668,2.296,0.746,0.6890000000000001,0.485
7504.0,0.6934874143666466,0.317,1.569,1.047,1.676,2.037
7505.0,0.5217836075973359,0.17800000000000002,0.11,0.97,1.63,1.561
7506.0,1.1092928255059737,0.8340000000000001,0.0,0.354,0.341,0.355
7608.01,18.605768800538712,18.852,23.46,24.298000000000002,23.895,24.166
7608.02,7.3952255565474445,7.287000000000001,8.122,9.539,8.191,6.89
7608.03,20.755367224936066,21.11,25.398000000000003,27.428,28.121,29.834
7702.01,7.64606163887454,7.477,8.191,13.838,13.09,13.665999999999999
7702.02,3.150660925228698,3.031,1.682,3.319,7.521,9.958
7703.0,9.86044663841835,10.081,7.965,7.157,6.742000000000001,5.688
7704.0,18.581116269769517,19.101,19.338,18.123,18.027,13.572000000000001
7705.0,33.93385800217607,35.056,35.969,38.531,38.093,36.435
7706.01,9.288506920174767,9.338,9.105,8.077,4.082,10.206
7706.02,23.00286925286352,23.959,17.98,19.903,17.629,26.62
7707.0,8.006303813202788,7.95,8.34,9.067,6.711,9.452
7708.0,19.600298998972306,20.151,21.98,19.788,22.943,23.455
7709.01,13.399411105429936,13.627,13.767000000000001,14.919,14.446,12.758
7709.02,8.847537105335743,9.014,9.337,7.96,15.265,13.935
8001.0,3.7449467371547076,3.6860000000000004,2.083,0.7170000000000001,1.91,1.22
8002.0,4.380016345318724,4.283,3.017,3.111,2.878,2.082
8003.0,3.5270593769185363,3.4139999999999997,1.601,1.786,1.3630000000000002,2.595
8004.0,4.768034490712689,4.624,4.09,4.28,2.272,1.406
8005.0,2.3365322817208893,2.1319999999999997,1.082,1.1320000000000001,0.809,1.113
8006.0,5.620233903883995,5.609,5.235,2.171,2.568,2.536
8007.0,4.942386412490494,4.7139999999999995,5.545,7.74,7.157,5.651
8008.0,2.3171534806966854,2.102,1.854,0.992,1.611,1.838
8009.0,10.602340814036687,10.770999999999999,10.648,9.347000000000001,9.435,5.841
8010.0,9.284312364017227,9.424,7.825,8.302,7.865,4.118
8011.0,4.125929751581564,4.0,3.267,3.366,3.907,2.887
8012.0,3.8862606641019632,3.735,3.445,2.6519999999999997,2.5269999999999997,1.8459999999999999
8013.0,5.7280490568079525,5.6610000000000005,4.408,5.857,5.297000000000001,6.683
8014.0,7.561633242556346,7.513,8.32,6.7989999999999995,4.716,7.746
8015.0,5.233321947208772,5.019,6.815,7.672999999999999,8.73,7.809
8016.01,6.875380254177396,6.893,5.388999999999999,5.754,4.864,5.033
8016.03,22.074849976670933,22.651999999999997,23.656999999999996,25.363000000000003,24.824,23.901
8016.05,6.296134873667313,6.226,7.305,6.405,8.921,8.152000000000001
8016.06,6.539947616182447,6.486000000000001,6.69,5.572,4.87,2.975
8016.07,15.260595438948746,15.745999999999999,11.965,12.161,7.872000000000001,12.844000000000001
8016.08,4.863504217697808,4.843,3.884,3.0460000000000003,6.398,5.853
8017.01,4.50184395026058,4.28,4.763,5.273,2.865,2.474
8017.02,6.297410888278226,6.2,6.867000000000001,6.827999999999999,7.144,5.255
8018.0,3.70039543351379,3.5210000000000004,3.6189999999999998,3.447,4.29,5.3389999999999995
8019.01,10.091280076272424,10.071,12.505999999999998,12.395999999999999,11.995999999999999,10.338
8019.02,1.712460227704082,1.389,1.89,2.263,1.795,2.088
8020.02,5.646004507771494,5.567,5.187,4.8180000000000005,4.25,4.426
8020.03,12.770050902719808,12.901,13.968,14.758,12.427,8.482000000000001
8020.04,20.712279704900098,21.224,23.730999999999998,21.834,21.468000000000004,21.135
8021.0,1.6491035382846513,1.3359999999999999,1.379,1.784,0.614,0.413
8022.0,4.044571572068307,3.8960000000000004,3.611,3.4739999999999998,3.992,4.06
8023.0,8.441634464874154,8.607999999999999,5.837000000000001,5.553,4.361000000000001,5.697
8024.02,17.68440164080885,18.006,19.274,22.774,22.323,18.784000000000002
8024.03,11.9992802326988,12.259,11.325,9.437000000000001,7.475,6.121
8024.04,26.99667591160953,27.741,30.711,28.758000000000003,25.609,21.488000000000003
8025.03,19.183754603495586,19.986,16.980999999999998,13.36,15.76,14.62
8025.04,14.57110775738524,14.683,17.87,19.227999999999998,18.227999999999998,17.462
8025.05,31.133710092673333,32.408,29.893,29.99,33.361,35.126
8025.06,28.309787186760545,29.302,26.584,29.445999999999998,25.515,21.715999999999998
8026.05,7.542311470675746,7.396,9.606,10.163,9.452,12.033
8026.07,4.636527529531926,4.275,5.568,12.114,11.190999999999999,22.986
8026.08,11.237329649722621,11.5,10.950999999999999,7.888,8.372,9.753
8026.09,33.83246468696638,34.941,36.977,38.045,38.945,41.263999999999996
8026.1,12.573538323053398,12.877,9.603,11.148,6.75,5.291
8027.01,15.378404115435442,15.87,15.472999999999999,10.125,10.279000000000002,11.43
8027.02,7.888220157860157,7.811,8.902000000000001,9.652000000000001,8.832,10.414000000000001
8028.01,9.518190228762268,9.63,9.246,8.716000000000001,8.544,7.888
8028.02,3.4895481939335413,3.162,6.03,5.909,7.271,8.113
8029.0,2.0083156355228136,1.765,1.619,1.655,2.997,3.279
8030.05,5.049360076264984,5.0,3.426,3.594,3.4819999999999998,1.4269999999999998
8030.07,3.341502295338578,3.057,2.7489999999999997,7.582000000000001,7.996,10.115
8030.08,4.648541552342389,4.494,3.28,6.742999999999999,6.665,7.375
8030.1,5.376869896857308,5.164,6.279,8.5,8.66,8.736
8030.12,13.33231096643575,12.95,23.156999999999996,29.149,29.987,27.539
8030.13,9.457586981088935,9.526,10.437999999999999,7.457000000000001,5.615,8.603
8030.14,21.87240779733728,22.686,20.206,21.169,24.085,22.859
8030.15,6.8612324213287845,6.82,5.557,7.9510000000000005,6.7989999999999995,7.047000000000001
8030.16,27.186613670982837,28.33,25.031999999999996,21.842,21.354,17.243
8030.17,13.385539919697129,13.85,10.665,11.115,14.152000000000001,13.873
8031.0,3.582212718046605,3.395,2.7319999999999998,3.8569999999999998,3.6239999999999997,3.801
8032.0,2.3950087999495517,2.161,2.153,1.495,1.705,2.5810000000000004
8033.0,7.588982108253224,7.555,6.457999999999999,9.344,7.62,9.23
8034.0,2.518150453287931,2.326,2.5660000000000003,3.135,8.615,7.712999999999999
8035.0,5.525668857303081,5.385,5.595,6.276,5.457000000000001,1.966
8036.03,7.616280017096925,7.647,7.405,6.547999999999999,7.0,6.881
8036.04,3.839544505340857,3.562,5.483,4.9239999999999995,4.523,4.248
8036.05,11.810816387114418,12.005999999999998,10.842,11.130999999999998,7.559,9.285
8036.06,42.63177638045497,44.461999999999996,42.298,37.842,37.009,38.053000000000004
8036.07,2.7812655227578307,2.512,3.964,2.682,3.594,3.823
8036.08,10.928689043511683,11.173,9.958,8.691,9.067,10.829
8036.1,13.207236163179664,13.584000000000001,11.854000000000001,11.435,12.958,10.974
8036.11,28.143405198395733,29.081,27.375999999999998,29.345,24.535,22.467
8036.12,31.30828509637989,32.225,38.242,32.278,32.403,25.618000000000002
8037.01,4.984941105501709,4.637,7.75,9.445,7.954,7.704
8037.02,7.3214465786949745,7.313,7.813,6.106,6.2620000000000005,7.941
8038.0,5.301155212224406,5.14,5.44,6.816,6.642,6.733
8039.01,10.08807858115041,10.179,12.102,7.809,7.2829999999999995,8.147
8039.02,5.836678745451772,5.797000000000001,5.093999999999999,3.948,3.201,5.904
8040.0,9.13261483985997,9.196,9.182,9.402999999999999,9.549,10.495
8041.02,4.0371340668337,3.8989999999999996,3.3680000000000003,2.6430000000000002,2.155,1.546
8041.04,12.507240316734885,12.577,12.895999999999999,18.057000000000002,15.897,14.850999999999999
8041.05,4.8646116608029,4.705,4.583,5.421,4.46,3.49
8041.06,7.032168852898231,6.976,7.819,7.896,9.512,9.475
8041.08,36.607167695069315,38.075,37.641,35.001,37.575,35.128
8041.09,3.115806654601436,2.904,1.8719999999999999,3.071,1.39,2.5810000000000004
8042.01,1.8374195623513667,1.5030000000000001,2.228,2.396,1.264,1.992
8042.02,5.091493482153426,4.968,6.06,4.034,5.1739999999999995,5.734
8043.05,14.63410410948695,14.865,16.717,15.065,12.946,13.56
8043.06,12.494861141621193,12.78,12.007,10.485999999999999,9.81,12.707
8043.08,15.966421522210162,16.559,12.372,14.569,16.956,14.044
8043.09,16.755827759783827,16.997,20.02,20.463,19.414,14.475
8043.1,9.885490978751085,9.812999999999999,12.834000000000001,13.573,13.567,17.583
8043.11,17.146349342058556,17.871,13.706,13.880999999999998,18.825,15.827
8044.03,16.60758181100784,16.977999999999998,16.711,18.283,16.374000000000002,16.366
8044.04,17.170493831119316,17.156,23.845,28.77,28.340999999999998,21.07
8044.05,22.48715252814877,22.835,30.954,27.415,27.881,28.38
8044.06,16.709091113205282,17.067,18.098,20.829,24.191999999999997,29.945
8045.05,2.6482546929590396,2.2969999999999997,4.244,5.997999999999999,7.817,8.952
8045.06,3.260983772652816,2.992,2.727,5.311,3.9589999999999996,8.367
8045.07,6.566400029286295,6.457000000000001,7.17,8.215,8.544,8.002
8045.08,23.093989118957573,23.89,20.94,23.775,22.386,20.308
8045.09,19.931795807370925,20.612,19.646,20.671,26.276,27.719
8045.1,31.617691973291315,32.454,37.181999999999995,37.897,36.306999999999995,39.87
8045.11,35.1415291698436,36.492,36.549,34.01,35.104,31.495
8046.03,24.63638715710725,25.642,21.495,24.156,27.811,26.447
8046.06,4.745675908750647,4.572,4.686,4.87,3.2230000000000003,3.148
8046.07,4.252848847088773,4.063,4.672,5.018,5.931,6.8
8046.08,12.043150226262307,12.532,7.502999999999999,9.307,13.7,13.265999999999998
8046.09,15.054964680776417,15.397,14.672,14.783,12.193,12.607000000000001
8046.1,11.716899280739712,12.061,9.668,8.901,10.104,10.685
8046.11,5.658279550283056,5.571000000000001,4.936,5.869,5.6370000000000005,5.727
8047.01,13.327736947136644,13.460999999999999,15.366,16.699,16.570999999999998,19.132
8047.05,13.34692391556795,13.504000000000001,16.535,14.552999999999999,15.359000000000002,17.087
8047.06,5.9240274603286585,5.858,5.4670000000000005,4.834,3.8339999999999996,3.205
8047.09,18.408971091223464,18.942999999999998,19.131,16.518,15.769,16.017
8047.1,9.62501605476098,9.881,8.491,6.417999999999999,10.129,9.071
8047.11,24.84332955314357,25.91,23.718000000000004,18.242,20.851999999999997,22.331
8047.12,9.573946068362227,9.658,9.717,8.388,6.532,10.152000000000001
8047.13,33.24468333761311,34.821999999999996,30.744,24.318,26.815,28.051
8047.14,7.754706830673321,7.965,4.893,2.46,2.406,5.898
8047.15,31.022927896060523,31.906999999999996,32.089,42.036,42.515,47.453
8047.16,14.972306894528575,15.228,15.582,16.327,12.811,14.04
8048.03,6.146270609101626,6.111000000000001,5.478,4.742,4.137,3.908
8048.04,14.838484619646252,15.149000000000001,15.47,14.935,13.753,13.31
8048.05,8.67745847289265,8.656,8.207,13.205,14.237,11.775
8048.06,13.647827255579509,13.812000000000001,17.579,16.018,19.664,17.023
8048.07,5.484276804119898,5.3389999999999995,6.016,6.622000000000001,7.231,5.617999999999999
8048.08,9.319879171710665,9.642000000000001,5.3229999999999995,3.0980000000000003,1.4580000000000002,0.29
8048.09,5.512940974010464,5.3260000000000005,7.211,6.242000000000001,5.9639999999999995,4.623
8048.1,7.651459151863807,7.587999999999999,8.522,9.408,9.969,10.593
8049.01,4.851069110060281,4.71,4.989,4.806,5.192,4.415
8049.02,10.693172995042021,10.81,9.786,11.15,7.832999999999999,8.02
8050.01,2.2804168669888387,2.009,2.1830000000000003,3.6910000000000003,5.475,4.427
8050.02,27.606837091610913,28.291,32.586,33.685,33.611,32.795
8051.05,27.8326497340299,28.624000000000002,34.397,31.88,38.821999999999996,36.909
8051.06,11.224396806274115,11.436,10.795,9.855,9.531,9.302999999999999
8051.07,27.528505891492188,28.309,31.684,31.651,33.605,32.226
8051.08,31.71550558503185,32.564,38.55,39.645,43.801,40.986000000000004
8051.09,5.581957104849627,5.45,5.922999999999999,6.287999999999999,6.409,8.81
8051.1,6.554141958880925,6.412999999999999,6.194,10.87,10.86,9.954
8051.11,28.681323613405212,29.543000000000003,29.875,32.973,30.179000000000002,32.097
8051.12,7.568455099567137,7.428999999999999,10.35,9.293,9.247,10.48
8052.01,7.992485468797092,8.123,6.365,5.1080000000000005,5.19,5.428999999999999
8052.02,13.122829638792627,13.487,11.652000000000001,11.261,11.825,12.475
8053.01,8.871422874097751,8.728,11.402999999999999,13.877,13.477,15.719000000000001
8053.02,7.316342319075897,7.095,12.788,9.949,12.579,9.863
8054.01,10.698928695972237,10.890999999999998,7.928,11.015,8.363999999999999,7.437
8054.02,8.225550372896244,8.033999999999999,12.547,13.439,16.256,16.705
8055.01,6.262053322146112,6.236000000000001,4.416,5.297999999999999,2.9410000000000003,2.485
8055.02,0.39752639486769675,0.025,0.431,2.246,4.433,4.3469999999999995
8056.0,1.556439694992048,1.266,1.261,1.449,1.6980000000000002,1.604
8057.01,2.967759588013555,2.762,2.524,2.795,3.612,2.5340000000000003
8057.02,5.432645657219278,5.226,5.371,6.43,1.558,1.577
8058.01,4.293824381674712,4.154,4.319,3.833,5.295,6.751
8058.02,1.2696564931187964,0.782,1.1740000000000002,8.781,8.337,8.004
8059.01,9.080118634892047,9.218,7.768,7.881,8.013,7.047000000000001
8059.02,11.402825377589785,11.435,13.012,13.325,9.728,8.954
8060.01,23.93037750955019,24.358,30.096999999999998,31.201999999999998,30.521,31.895
8060.02,28.92678342492499,29.851999999999997,31.421999999999997,31.675,32.98,34.196999999999996
8060.03,23.5251221532602,24.395,23.601999999999997,22.423000000000002,26.934,25.859
8060.04,22.27542551329934,22.66,27.636999999999997,29.473000000000003,29.497,29.041
8061.02,4.132202369750189,3.866,6.957000000000001,7.095,11.870999999999999,17.163
8061.03,8.492992269764008,8.458,8.873,9.86,7.869,8.578
8061.04,22.66352803160415,23.151,23.983,28.991,24.334,23.857
8062.01,9.748625806292184,9.914,7.562,10.0,9.926,9.826
8062.02,5.789213191687933,5.596,7.577999999999999,7.72,8.064,6.551
8063.0,8.268957378822634,8.198,9.829,10.078,9.699,7.229
8064.0,12.83257857285995,13.147,11.345999999999998,10.232000000000001,7.303,1.982
8065.01,21.19080214186144,21.776999999999997,22.588,25.414,29.378,28.035999999999998
8065.02,20.908868954930604,21.549,20.814,20.398,18.659000000000002,14.364
8066.0,11.560170150716237,11.645,12.835,11.767999999999999,7.928,13.159
8067.0,4.522817866454001,4.415,3.865,3.31,3.534,8.138
8068.01,7.9401424333793,7.942,6.9110000000000005,9.107000000000001,7.989,9.079
8068.02,12.968510637786956,12.796,19.055999999999997,18.366,10.905,9.64
8069.0,10.443747943848006,10.335999999999999,12.679,16.482,14.1,14.829
8070.0,17.174260340091955,17.794,16.930999999999997,13.41,17.625,18.445999999999998
8071.0,4.771595412298172,4.593999999999999,5.312,4.631,3.5869999999999997,3.779
8072.0,12.53312164381491,12.625,15.216,14.952,14.732000000000001,11.905999999999999
8073.0,15.261783578497177,15.475,16.579,20.472,20.365,21.548000000000002
8074.0,17.041655254931257,17.262,21.84,22.552,25.22,25.375
8075.0,7.855853419111647,7.898,7.419,7.459,8.361,8.828
8076.0,12.948734878247034,13.265999999999998,11.263,12.504000000000001,12.091,12.099
8077.0,18.16765677336562,18.627,19.058,16.386,11.959000000000001,14.061
8078.0,9.897768118632278,10.05,9.002,8.853,8.386000000000001,7.707000000000001
8079.0,7.565886938551402,7.603,6.382000000000001,6.657,5.767,3.443
8080.01,6.568408652514343,6.481,6.04,7.553,5.852,5.7589999999999995
8080.02,8.218470883660755,8.266,7.678999999999999,8.298,8.824,8.002
8081.0,5.882360400359925,5.837000000000001,5.011,4.98,4.856,4.652
8082.0,12.39722489088461,12.542,13.607000000000001,14.19,13.767999999999999,14.334000000000001
8083.01,8.387174857306148,8.34,9.117,10.16,9.078,10.261
8083.02,8.356917445329765,8.415,7.347,7.468,5.774,9.117
8084.0,6.369286479165917,6.332999999999999,6.246,5.24,5.445,7.635
8085.0,2.626288278810461,2.345,3.806,3.803,6.284,6.031000000000001
8086.0,4.2257154420375596,4.048,4.175,4.573,4.73,3.391
8087.02,11.315321865973095,11.513,10.837,10.784,10.34,10.068
8088.0,10.571231271253659,10.785,10.533,6.031000000000001,4.256,4.422
8089.0,5.102695112373134,4.947,5.655,5.058,4.551,3.969
8090.0,3.134327646131658,2.925,3.122,2.469,2.735,2.517
8091.0,4.247838804127751,4.188,2.6010000000000004,1.2570000000000001,0.8059999999999999,1.85
8092.0,11.203267920271731,11.42,9.703,12.196,13.353,12.929
8093.0,14.967109913137925,15.409,12.607999999999999,14.919,15.242,13.325999999999999
8094.0,21.025429723045114,21.645,19.887999999999998,22.43,19.398,15.841
8095.0,15.61524804189223,16.027,15.228,14.57,13.658,10.539000000000001
8096.0,7.70327237086876,7.542000000000001,11.082,9.578,9.172,15.335999999999999
8097.0,14.480479477873688,14.811,16.394000000000002,15.24,20.426,17.098
8098.0,9.43403484969582,9.369,10.81,13.173,11.732000000000001,10.822000000000001
8099.0,11.636455465307058,11.937000000000001,8.873,10.837,10.738,7.039
8100.0,10.914493824090277,10.940999999999999,14.193,12.807,14.138,11.779000000000002
8101.0,9.975609133773476,10.113999999999999,9.227,9.165,8.181000000000001,7.607
8102.0,12.614073777762203,12.745,15.07,12.347999999999999,10.044,8.92
8103.01,10.176162049689706,10.238,11.28,11.860999999999999,12.859000000000002,13.668
8103.02,6.250989244579294,6.186,6.227,7.0,8.642000000000001,10.165
8104.0,4.624771116271494,4.485,4.999,4.007,4.922,5.0489999999999995
8105.01,4.583855679491276,4.224,6.131,11.341,11.026,11.857000000000001
8105.02,14.736665188255301,15.195,13.369000000000002,13.463,16.077,15.020999999999999
8106.0,11.114468938158906,11.251,12.06,12.56,14.751,16.302
8107.01,14.891458346505999,15.145999999999999,15.874,19.88,22.708000000000002,22.508000000000003
8107.02,10.52571249220089,10.456,13.224,17.393,19.541,15.849
8108.0,11.635415420210707,11.78,11.695,12.029000000000002,9.51,10.822000000000001
8109.0,16.262984816537838,16.844,14.405,12.68,13.982999999999999,11.177
8110.0,2.806234921309567,2.594,2.798,2.167,3.3760000000000003,3.0839999999999996
8111.0,21.171108351989595,21.79,21.522,21.511999999999997,19.717,21.689
8112.0,9.647496428939336,9.677,11.72,10.53,12.103,14.491
8113.01,14.61313775582253,14.811,16.308,20.335,22.945999999999998,23.256999999999998
8113.02,16.658395067592373,16.977999999999998,19.105,21.811,26.644000000000002,29.497
8114.01,16.68455685407011,16.939,18.061,22.348000000000003,21.075,21.664
8114.02,19.90936822568697,20.471,22.37,17.189,15.974,18.229
8115.0,15.496632096978654,15.818,16.58,17.035999999999998,17.516,17.449
8116.0,18.157587012335064,18.574,21.682,17.729,18.316,20.623
8117.01,22.668784238529817,23.357,25.085,25.691999999999997,32.113,30.878
8117.02,18.660321795245892,19.135,18.483,19.645,16.275,21.21
8118.0,10.078393071600582,10.267999999999999,8.02,10.354000000000001,11.133,10.325999999999999
8119.0,2.8631561930936362,2.588,3.286,3.43,2.952,2.698
8120.0,2.283778613790255,1.95,3.5439999999999996,3.263,3.248,5.445
8121.0,2.4777978800269724,2.1519999999999997,4.022,3.78,4.763,4.809
8122.0,1.5445382113704662,1.222,1.682,2.335,2.7489999999999997,3.2910000000000004
8123.01,9.681765019222663,10.011000000000001,5.57,6.195,7.577000000000001,11.64
8123.02,5.8604131198899445,5.655,7.539,7.109,5.152,6.611000000000001
8124.0,3.4843949136640977,3.312,2.958,1.8030000000000002,0.75,0.9109999999999999
8125.0,1.849661367431758,1.515,2.67,2.3680000000000003,2.08,3.5860000000000003
8126.0,9.761166537376965,9.815,11.635,9.2,9.472000000000001,8.702
8127.0,5.605669452049738,5.505,6.149,5.767,7.565,8.052
8128.01,11.102428481435563,11.248,12.062000000000001,10.93,11.431,8.115
8128.02,6.0751309097948285,6.011,6.672000000000001,6.626,10.007,9.692
8129.0,3.3820343410744482,3.1860000000000004,3.554,2.544,3.0380000000000003,3.5060000000000002
8130.0,4.883645923201877,4.754,4.802,3.955,3.216,3.202
8131.0,5.766936712402922,5.691,5.189,5.727,5.851,4.565
8132.0,3.192119585165826,3.051,2.508,1.2919999999999998,2.639,2.9360000000000004
8133.01,32.59899248066724,33.556999999999995,35.995,40.428000000000004,41.175,37.048
8133.02,33.513182071855,34.616,38.468,37.580999999999996,42.99,39.488
8134.0,27.92881876065516,28.846999999999998,29.745,29.39,30.14,30.918000000000003
8135.0,26.353222827322043,27.340999999999998,27.6,24.225,28.362,28.865
8136.0,32.301938169648786,33.505,33.289,32.068000000000005,33.078,33.468
8137.01,31.067890128170752,32.228,30.62,33.178000000000004,35.633,37.631
8137.02,27.50394773411491,28.474,27.778000000000002,27.736,28.139,34.034
8138.01,34.94981908645983,36.406,32.692,33.521,33.731,31.796
8138.02,25.56209461907634,26.404,26.569000000000003,28.491999999999997,32.330999999999996,30.095
8139.0,28.991948336886047,30.008000000000003,29.802,27.866,25.62,24.609
8140.0,22.328025480246453,23.108,21.004,22.092,22.684,23.598000000000003
8141.0,36.73386793607138,38.257,35.044000000000004,33.785,31.603,34.28
8142.0,27.417497588620463,28.358,27.615,28.381999999999998,27.989,31.345
8143.0,23.428855554890845,23.89,27.235,32.665,33.507,36.614000000000004
8144.0,20.00489226382242,20.485,21.199,23.558000000000003,22.905,21.451999999999998
8145.0,20.248029276181818,20.809,22.052,21.713,23.988000000000003,28.53
8146.0,15.859536218996762,16.245,16.0,16.333,16.245,18.182000000000002
8147.0,17.994466835679027,18.294,20.055,24.226999999999997,23.988000000000003,23.092
8148.0,8.701106831572147,8.638,9.339,13.575999999999999,14.716,12.907
8149.0,11.33148084331614,11.624,9.298,9.96,11.129000000000001,11.135
8150.0,23.273186145214332,24.127,21.918000000000003,18.653,14.574000000000002,15.843
8151.0,15.469250100532292,15.843,14.703,16.865,16.613,16.674
8152.0,9.804960038667879,9.874,10.365,9.971,9.249,15.915999999999999
8153.0,12.181454973611578,12.414000000000001,17.347,10.158,19.597,18.277
8154.0,6.090284002930738,5.85,8.292,9.145,7.894,7.11
8155.0,16.14000613733727,16.8,13.665,10.129,12.213,10.827
8156.0,1.9177668037516205,1.5719999999999998,3.2230000000000003,2.394,2.155,3.7430000000000003
8157.01,2.3506200025250297,2.102,2.608,2.884,5.474,5.582999999999999
8157.02,5.969625985521581,5.777,8.654,6.367000000000001,5.906000000000001,3.455
8158.0,5.0724127080407415,5.079,2.826,2.021,1.8619999999999999,0.946
8159.0,11.975891926151931,12.167,11.190999999999999,12.199000000000002,9.537,3.772
8160.0,4.509612100844817,4.282,6.007000000000001,6.5760000000000005,8.412,8.737
8161.0,5.5712599451834635,5.481,5.295,5.085,4.918,3.907
8162.0,9.656910181756025,9.73,9.467,10.887,10.812000000000001,10.855
8163.0,20.46671071973026,21.006999999999998,22.781,21.184,21.388,21.163
8164.01,26.951084200966527,27.469,31.559,39.054,37.985,41.592
8164.02,31.626998204425753,32.265,42.365,39.321,38.007,33.728
8165.0,23.262109022290062,23.961,25.29,23.701999999999998,24.218000000000004,24.276999999999997
8166.0,34.59310945451005,36.014,32.264,32.668,30.808000000000003,27.614
8167.0,22.852353151951583,23.674,22.811,22.183000000000003,26.061,20.452
8168.0,9.926394732639572,10.076,9.06,10.284,11.664000000000001,11.95
8169.0,5.675034968998318,5.603,5.343999999999999,5.176,5.747000000000001,7.104
8170.0,6.866893747837733,6.977,4.729,4.352,6.207000000000001,6.595
8171.01,1.9130946736821386,1.625,2.552,2.72,5.3660000000000005,8.64
8171.02,1.3938861506577649,1.133,0.40399999999999997,0.40700000000000003,0.34299999999999997,0.389
8172.0,4.873054734916942,4.668,7.726,4.556,6.237,3.6460000000000004
8173.0,9.092486666511418,9.176,9.508,8.317,9.235,3.438
8174.0,17.817696203349904,18.379,17.169,18.018,21.066999999999997,22.899
8175.0,8.411976423775457,8.486,8.54,6.68,7.181,6.685
8176.0,4.444710890589985,4.335,2.22,3.29,0.23199999999999998,0.508
8177.0,3.993169303814417,3.845,2.73,3.7039999999999997,2.9789999999999996,3.008
8179.0,2.783896362237857,2.502,3.1189999999999998,4.398,5.0680000000000005,4.8
8180.0,2.642863567327699,2.46,1.3259999999999998,1.608,1.831,4.503
8181.0,5.149826134919287,4.99,4.468,6.803,5.591,8.54
8182.0,7.665059544732994,7.587000000000001,8.037,10.021,9.32,7.011
8183.0,12.48820236109665,12.807,10.763,11.014000000000001,10.64,9.792
8184.01,1.760958928205964,1.501,1.869,1.962,4.931,9.506
8184.02,5.567475830240149,5.377999999999999,5.835,8.558,8.044,5.867000000000001
8185.0,2.0644846453108814,1.7819999999999998,1.9080000000000001,1.827,1.041,3.258
8186.0,7.130756869646755,6.9110000000000005,8.38,8.883,1.517,0.6859999999999999
8187.0,2.5219872407796444,2.23,2.35,4.23,4.098,5.763999999999999
8188.0,0.8836424348083294,0.54,0.87,1.574,2.2840000000000003,2.6489999999999996
8189.0,4.774758884907292,4.6610000000000005,4.5889999999999995,4.052,4.811,2.635
8190.0,1.0865874303381378,0.794,0.305,0.397,0.126,0.8370000000000001
8191.0,10.036988660050351,9.953,13.469000000000001,12.439,10.355,10.092
8192.0,6.749696499527205,6.452999999999999,10.309000000000001,11.966,10.93,10.594000000000001
8193.0,1.2525622234532972,0.9470000000000001,0.363,1.715,1.466,1.5590000000000002
8194.0,4.060160708170571,3.925,3.67,3.323,4.543,8.555
8195.0,3.848894592246318,3.392,8.721,9.06,9.834,7.896
8196.0,2.22121218357729,2.005,1.065,1.073,0.6509999999999999,0.866
8197.0,1.6487897869571124,1.358,1.621,1.061,0.8740000000000001,0.945
8198.01,0.34477154073873884,0.0,0.0,0.0,0.171,0.8420000000000001
8198.02,0.8007895775374658,0.41700000000000004,0.91,3.062,3.925,4.9110000000000005
8199.0,0.89954619716184,0.579,0.585,0.688,0.904,1.036
8200.0,6.2135684993920774,6.151,5.377999999999999,6.394,5.678,2.9989999999999997
8201.01,1.9872195576397333,1.739,1.7530000000000001,0.769,0.932,0.69
8201.03,4.674461354765168,4.498,6.267,5.956,9.743,14.289000000000001
8201.04,2.267255809332227,2.002,2.45,2.972,4.806,5.581
8202.01,4.3805324486910955,4.237,3.648,3.552,2.246,2.526
8202.02,18.813240930789355,19.432000000000002,18.602999999999998,16.982,18.585,17.504
8203.0,21.36514790930898,21.809,22.314,30.736,31.094,31.215999999999998
8204.0,23.596522936520586,24.340999999999998,23.750999999999998,23.219,20.304000000000002,22.738000000000003
8205.01,9.237261635868448,9.359,7.604,9.196,8.699,8.693999999999999
8205.02,15.52587064353344,15.968,12.588,13.879000000000001,8.727,8.923
8206.03,9.784268767071161,9.588,13.72,15.349,12.319,11.725999999999999
8206.04,14.205144704793819,14.800999999999998,9.754,10.890999999999998,14.635,17.526
8206.05,7.182731343706814,7.231,6.932,6.266,9.472000000000001,12.529000000000002
8206.06,7.830450616172223,7.752999999999999,9.605,10.147,12.012,12.032
8207.0,6.232597910353367,6.114,7.401,7.654,9.404,7.058
8208.0,18.51682308098183,19.008,19.986,20.526999999999997,23.921,18.076
8209.01,16.82756699041944,17.169,18.839000000000002,19.675,21.065,19.53
8209.02,14.815807853237173,15.055,17.428,16.028,16.188,20.791999999999998
8210.01,11.877842834153808,11.982999999999999,13.94,14.040999999999999,15.130999999999998,14.677999999999999
8210.02,7.683705264601054,7.672999999999999,7.656000000000001,7.359,6.303,9.809
8211.01,17.33622014063316,17.824,16.777,16.765,15.547,16.359
8211.02,10.963433441822001,10.91,12.789000000000001,15.214,11.22,11.577
8212.0,9.606616057299304,9.776,8.686,8.683,10.458,8.936
8213.0,12.639586750607453,12.91,12.318,11.546,11.110999999999999,9.911
8214.01,2.425208324685495,2.2680000000000002,2.331,4.168,13.635,9.865
8214.02,0.9243170720271477,0.597,0.8340000000000001,0.741,0.9620000000000001,1.247
8215.0,1.6731472366184286,1.3459999999999999,2.327,1.8459999999999999,1.7719999999999998,1.486
8216.0,2.0405433258280987,1.7890000000000001,1.666,1.226,1.266,2.004
8217.0,1.1057995557352829,0.762,1.771,1.3719999999999999,2.228,2.1790000000000003
8218.0,2.402410285678759,2.142,2.0269999999999997,2.544,2.1830000000000003,2.34
8219.0,3.8403769479963326,3.798,1.246,1.3090000000000002,1.942,2.352
8220.0,3.1254905458122093,2.87,2.478,4.913,4.28,3.4360000000000004
8221.01,2.196967376835461,1.831,2.19,5.482,4.138999999999999,4.229
8221.02,6.054590248501901,5.843,8.418,7.892,7.266,7.396
8222.0,4.280766353071273,4.019,6.233,6.072,6.9879999999999995,4.9830000000000005
8223.01,3.4332712132599332,3.227,2.476,4.109,3.4389999999999996,4.468999999999999
8223.02,4.967369666624797,4.88,4.15,4.353,4.992,3.758
8224.0,10.463949229280942,10.48,11.460999999999999,13.550999999999998,12.331,13.052
8225.0,3.862601007103366,3.676,3.323,4.316,4.147,5.825
8226.01,4.161095671824906,4.075,2.481,2.396,2.19,2.891
8226.02,5.219237936179664,5.1610000000000005,4.66,3.077,3.175,4.1
8227.01,6.693125155044924,6.831,4.074,2.8810000000000002,4.205,3.6039999999999996
8227.02,8.21386530491393,8.132,9.843,8.844,6.343999999999999,6.672999999999999
8228.01,8.460488144830128,8.566,7.314,7.055,7.141,6.2860000000000005
8228.02,1.9053878156557948,1.6130000000000002,2.294,1.5419999999999998,1.653,2.309
8229.0,6.69332930539151,6.6370000000000005,8.561,4.747,5.779,5.9479999999999995
8230.01,9.833911587550553,9.95,8.87,11.058,11.545,10.947000000000001
8230.02,6.868624886605444,6.801,7.477,7.055,7.055,11.425999999999998
8231.01,12.34468437185743,12.527000000000001,12.309000000000001,13.020999999999999,10.879000000000001,12.833
8231.02,5.440480391954012,5.06,9.135,10.161,7.4270000000000005,6.957999999999999
8232.0,5.925877871890385,6.013,3.227,2.503,3.361,2.138
8233.02,6.791425116722254,6.7379999999999995,7.251,6.434,6.516,4.91
8233.03,7.870835908224143,7.88,7.625,7.059,5.515,5.434
8233.04,7.98732442340085,8.026,7.185,6.862,5.211,5.364
8234.0,8.334186994424979,8.096,13.112,13.789000000000001,14.485,15.915999999999999
8235.0,10.97657130192203,10.940999999999999,14.624,12.950999999999999,10.85,9.894
8236.02,2.4170820594105193,2.135,2.65,2.012,0.705,0.6459999999999999
8236.03,12.659352543245594,12.797,12.752,17.417,17.49,15.392000000000001
8236.04,1.5211686707845296,1.171,1.561,3.3760000000000003,3.352,4.177
8236.05,1.1774601931766566,0.847,0.773,2.487,3.139,4.268
8237.02,11.734574241880646,11.999,10.7,10.437000000000001,10.718,11.059000000000001
8237.03,14.261378329460936,14.51,15.134,13.288,8.84,11.536
8237.04,9.092265107758143,9.082,9.506,9.797,6.58,4.0760000000000005
8237.05,8.889764001834466,8.951,8.435,10.919,13.177,17.076
8238.01,2.7889148141603277,2.465,3.801,4.905,4.9830000000000005,3.947
8238.03,11.297148698494189,11.539000000000001,10.697000000000001,9.879,10.892000000000001,10.13
8238.05,11.060950053957605,11.45,9.834,5.454,9.607000000000001,8.663
8238.06,11.495938854012126,11.84,8.699,7.231,5.374,2.1590000000000003
8239.01,2.78061606829464,2.511,2.623,3.484,2.556,3.522
8239.03,0.5990340876075448,0.212,0.573,2.1390000000000002,2.097,1.964
8239.04,4.028456664516913,3.8110000000000004,4.23,4.069,2.327,2.108
8240.03,2.840528921518221,2.617,3.028,2.2030000000000003,2.9789999999999996,3.594
8240.04,1.76994257723595,1.476,1.9069999999999998,2.343,3.609,5.181
8240.05,5.766652193370861,5.625,6.785,5.624,4.75,3.782
8240.06,1.9534671251286633,1.696,1.4,1.143,0.6809999999999999,0.997
8241.05,3.770387571576,3.611,2.9539999999999997,2.6860000000000004,1.7819999999999998,1.916
8241.06,3.5687380265551147,3.282,4.644,4.49,2.864,4.194
8241.07,3.3778933933427724,3.195,2.705,3.112,3.4530000000000003,3.9739999999999998
8241.08,3.146710965024053,2.965,3.175,2.5610000000000004,4.848,6.336
8241.13,4.222025340419663,4.0360000000000005,4.3260000000000005,4.019,3.17,3.43
8241.14,2.762990454547756,2.431,3.5010000000000003,5.199,4.677,4.754
8241.15,4.732667866823624,4.575,4.47,5.206,4.735,10.113
8241.16,11.046517888157036,11.215,10.833,8.073,3.5780000000000003,6.808
8241.17,3.9121097367416064,3.7030000000000003,3.835,3.818,2.204,2.122
8241.19,6.879091531762147,7.007000000000001,3.3,3.42,1.829,1.205
8241.2,4.070561321151308,3.8810000000000002,4.157,4.08,3.7689999999999997,2.274
8241.21,1.744559990970589,1.41,1.9709999999999999,2.7889999999999997,2.301,2.392
8241.22,0.7752226277062223,0.42700000000000005,0.29600000000000004,1.8159999999999998,2.052,3.0
8241.23,3.3352178849608918,3.1430000000000002,2.0,4.188,4.203,3.903
8243.0,1.37140665387548,1.082,1.515,1.382,3.469,2.571
8244.0,1.5491323217293291,1.147,2.469,3.707,2.509,0.758
8245.03,3.1190377574128063,2.875,3.06,3.58,3.11,1.905
8245.05,3.8045524655479865,3.6830000000000003,2.542,2.19,1.9409999999999998,4.004
8245.06,4.124463881351653,3.9539999999999997,3.475,4.938,5.263999999999999,3.0010000000000003
8245.07,5.860455767840787,5.816,4.743,4.9110000000000005,4.302,4.409
8246.01,1.2165895588288311,0.8590000000000001,1.665,1.8159999999999998,1.381,2.057
8246.02,1.8645796242399668,1.445,3.685,3.4939999999999998,1.3130000000000002,2.305
8247.01,5.037008809445394,4.8580000000000005,5.52,6.261,6.109,4.967
8247.02,6.664603310179896,6.664,5.858,5.33,5.122999999999999,8.243
8248.0,14.583865914710564,14.703,17.711,20.730999999999998,21.973000000000003,22.05
8249.0,2.6697693253632266,2.4819999999999998,1.4080000000000001,2.7230000000000003,4.243,5.501
8250.0,5.5849684622985984,5.593999999999999,1.9869999999999999,5.914,6.145,5.438
8252.0,3.9814605371567007,3.659,3.545,10.293,9.41,9.265
8253.02,7.895765624344059,8.007,5.476,6.68,6.462000000000001,8.41
8253.03,3.774078304914992,3.38,6.0520000000000005,7.891,5.737,9.568
8253.04,4.035732917693512,3.9739999999999998,1.859,1.716,1.642,0.7190000000000001
8254.0,1.9491142485283857,1.625,2.595,2.548,2.366,2.0909999999999997
8255.01,0.7537147595084897,0.431,0.43700000000000006,0.158,0.146,0.18600000000000003
8255.03,1.2255737072573507,0.8909999999999999,1.053,2.3680000000000003,2.8569999999999998,2.702
8255.04,0.4323982632482126,0.0,1.8780000000000001,2.0269999999999997,2.859,2.7230000000000003
8255.05,2.056652352560402,1.825,1.172,1.005,0.841,0.285
8256.0,2.3873747173801045,2.154,1.479,2.6830000000000003,3.2230000000000003,3.065
8257.0,5.415457439133082,5.303,4.899,5.702000000000001,5.157,4.604
8258.01,4.807844906498377,4.592,4.184,5.685,0.841,0.595
8258.02,4.067329039775872,3.971,4.07,1.984,4.695,3.235
8258.03,4.56083059013049,4.397,4.6160000000000005,4.038,2.9760000000000004,3.66
8259.0,6.137054896179997,6.162000000000001,4.8580000000000005,4.795,6.992000000000001,6.254
8260.0,9.504796785584915,9.357999999999999,12.868,14.725,14.164000000000001,11.265
8261.0,4.477775910239528,4.374,2.655,4.857,5.231,9.789
8262.01,0.8864978318679454,0.588,0.35200000000000004,0.026000000000000002,0.325,0.436
8262.02,5.515424508030419,5.419,5.856,5.516,7.211,2.149
8263.01,3.434349272051681,3.2030000000000003,2.8089999999999997,3.3680000000000003,0.665,0.5770000000000001
8263.03,2.388060586242265,2.218,0.845,0.373,0.363,0.025
8263.04,1.7254636427740517,1.406,1.4880000000000002,2.603,1.912,1.195
8264.01,1.3938687475790714,1.077,1.3530000000000002,1.13,0.484,0.315
8264.02,2.068645424044581,1.796,1.9780000000000002,1.577,1.213,1.784
8265.0,0.7522768230729597,0.434,0.21600000000000003,0.174,0.0,0.0
8266.0,0.8559122894727462,0.534,0.564,0.40399999999999997,0.37200000000000005,0.555
8267.0,0.7342335035081673,0.365,1.1909999999999998,0.8340000000000001,0.508,0.5489999999999999
8268.0,19.64168359003797,20.422,18.838,12.927,14.152000000000001,12.413
8269.01,0.3812013762452765,0.0,0.0,3.795,6.819,6.188
8269.02,1.2859700980506859,1.006,0.917,0.09699999999999999,0.201,0.067
8270.0,3.473762993969844,3.2910000000000004,3.641,1.588,1.124,0.027000000000000003
8271.0,1.098352027695562,0.773,1.08,0.9840000000000001,1.02,1.774
8272.0,6.5514626092129795,6.568,5.012,5.726,6.155,7.074
8273.0,2.0131060878183815,1.7380000000000002,0.6679999999999999,3.987,4.45,3.511
8274.0,1.8891649223291491,1.6340000000000001,0.0,2.705,2.009,2.255
8275.0,12.533529035536038,12.749,15.034,10.372,11.339,12.134
8276.0,1.0244608800551211,0.721,0.36700000000000005,0.409,0.0,0.0
8277.0,1.2559540911746236,0.963,0.619,1.099,1.3430000000000002,2.2969999999999997
8278.01,5.509962421615467,5.309,5.808,6.355,2.188,1.8030000000000002
8278.02,1.8247483008431669,1.554,1.499,1.5590000000000002,1.939,2.915
8278.04,2.389139168423592,2.175,1.8130000000000002,1.2009999999999998,1.597,3.926
8278.05,0.5990665706031755,0.23399999999999999,0.5820000000000001,1.261,1.429,2.024
8279.01,0.606214259382654,0.273,0.285,0.203,0.248,0.804
8279.02,3.940342361389475,3.6910000000000003,4.863,5.052,4.64,4.441
8280.0,3.7147741241466234,3.573,2.6439999999999997,2.83,3.0180000000000002,4.627
8281.0,5.224891846828057,5.296,1.097,2.316,1.99,2.095
8282.01,1.6255831376346408,1.375,0.723,0.7509999999999999,0.968,1.2009999999999998
8282.02,6.402679269122499,6.4639999999999995,4.3660000000000005,3.81,4.044,3.096
8283.0,1.7984337153579562,1.595,0.6709999999999999,0.331,1.77,2.22
8284.01,1.6506368940658713,1.3730000000000002,1.331,1.262,1.5919999999999999,1.4909999999999999
8284.02,2.3829046851276656,2.0580000000000003,3.266,4.123,4.646,4.03
8285.03,0.9173923282141871,0.623,0.146,0.184,0.313,1.983
8285.04,1.2454401664449843,0.992,0.495,0.0,1.0859999999999999,1.255
8285.05,3.3746204515676776,3.1910000000000003,3.0669999999999997,2.354,2.3680000000000003,2.4
8285.06,2.562584576387436,2.343,1.567,2.18,1.876,3.398
8286.01,2.496035414788382,2.231,2.021,2.862,1.985,1.865
8286.02,1.5853342427715864,1.3030000000000002,1.178,0.856,0.39299999999999996,0.344
8287.01,3.421672395053541,3.237,2.775,2.2359999999999998,1.024,3.97
8287.02,2.5630476841710994,2.385,1.669,0.40299999999999997,0.512,0.303
8288.01,2.338657774880483,2.0069999999999997,3.4589999999999996,3.366,3.069,3.282
8288.02,5.2185878841586915,5.153,5.257000000000001,2.766,3.253,3.272
8289.0,9.16798859231317,9.22,10.046,9.913,11.722999999999999,11.902999999999999
8290.0,0.3470764778279811,0.0,0.0,0.0,0.0,0.0
8291.0,6.877783337830652,6.625,9.939,14.145999999999999,17.525,19.989
8292.0,12.698595027008425,13.059000000000001,10.972000000000001,9.611,8.967,11.612
8293.01,3.203563436945318,2.904,3.875,7.207000000000001,9.544,10.077
8293.02,10.924849856350185,10.985,11.999,11.635,8.537,9.545
8294.01,1.5110824191537042,1.195,1.36,1.9569999999999999,1.767,1.1740000000000002
8294.02,1.7994773865517188,1.518,0.862,2.186,1.518,1.195
8295.0,7.532774233830249,7.59,5.922000000000001,7.989,9.605,8.823
8296.0,3.4591870964094245,3.2030000000000003,4.0089999999999995,3.992,3.04,5.013999999999999
8297.0,1.9247141560404635,1.7209999999999999,0.528,0.247,0.33799999999999997,0.354
8298.0,1.5906316607300595,1.3130000000000002,1.406,0.8390000000000001,1.139,0.927
8299.01,1.1071808714167988,0.8170000000000001,0.536,0.479,0.861,1.83
8299.02,1.8334510038655485,1.574,2.415,1.3940000000000001,4.276,3.5789999999999997
8300.01,3.306892197144857,3.089,4.551,1.084,0.727,0.7509999999999999
8300.03,0.993476963045538,0.648,0.9309999999999999,1.5659999999999998,1.506,0.523
8300.04,2.2892285368657666,2.049,1.857,1.633,1.709,0.7440000000000001
8300.05,2.285005265124231,2.1,0.74,0.648,0.526,1.219
8300.06,1.609467617505271,1.318,1.635,1.238,1.5719999999999998,1.5959999999999999
8300.07,1.7567483611552317,1.419,2.3,2.056,0.93,1.25
8300.08,2.0106890558569246,1.758,1.7409999999999999,0.7879999999999999,0.48700000000000004,0.0
8301.0,1.4220902966599833,1.124,1.0590000000000002,1.073,0.75,1.048
8302.01,0.4361215510121602,0.0,1.9609999999999999,2.059,2.847,4.22
8302.02,2.566659477021009,2.384,1.357,1.028,1.02,0.9670000000000001
8303.0,0.3670751054424829,0.021,0.021,0.02,0.023,0.433
8304.0,1.0671646541506568,0.762,0.7340000000000001,0.96,1.7630000000000001,3.012
8305.0,30.037218617373483,31.169,25.732,34.174,32.505,32.589
8306.0,21.246656183106182,21.773000000000003,24.535999999999998,24.469,26.988000000000003,27.822
8307.0,9.033181809887305,8.998,10.98,11.405999999999999,12.578,13.389000000000001
8308.0,6.098900243598195,6.045,5.0,7.551,9.072000000000001,10.762
8309.0,6.93931273468767,6.981,4.637,6.946000000000001,7.289,11.751
8310.0,4.301360331865306,4.159,3.267,4.516,4.405,4.513999999999999
8311.0,21.698204408587642,22.549,19.6,18.053,18.776,17.424
8312.0,29.50249790169729,30.576,28.324,28.956,25.278000000000002,25.1
8313.0,12.726550540637854,12.44,22.055999999999997,22.901,22.819000000000003,10.204
8314.0,4.130105327339332,3.928,5.142,4.338,5.343999999999999,7.112
8315.0,26.382780416657795,26.97,30.932,31.964000000000002,27.761,27.489
8316.0,15.840819938975288,16.000999999999998,19.691,20.058,18.667,20.047
8317.0,16.081969421205706,16.506,16.299,18.792,24.0,21.232
8318.0,13.715787673171413,14.067,13.835999999999999,13.592,17.412,16.288
8319.0,4.92169374189132,4.849,3.7039999999999997,2.9619999999999997,1.875,0.883
8320.0,5.6201144170988435,5.417000000000001,6.877999999999999,6.653,4.394,5.824
8321.0,7.499184999310076,7.557,5.935,7.018,7.517,7.8229999999999995
8322.0,7.997393168802664,7.899,7.497999999999999,10.662,5.996,9.131
8323.0,5.274927693365813,5.093999999999999,4.405,10.255,11.66,12.058
8324.0,15.3741970200742,15.937999999999999,10.982999999999999,14.759,16.548,15.796
8325.0,4.158060628657219,4.027,3.736,3.137,3.82,3.5069999999999997
8326.0,4.54449626495552,4.407,3.9739999999999998,5.5520000000000005,7.156000000000001,6.857
8329.0,9.320542158620162,9.222999999999999,10.141,17.026,18.345,13.936
8330.0,5.3983441830210195,5.32,4.769,4.775,4.994,4.188
8331.0,3.7984940794729054,3.5780000000000003,4.085,4.625,4.784,4.436
8333.0,14.984091052035694,15.718,9.787,13.542,25.043000000000003,27.375999999999998
8339.0,11.681055850310536,11.755,12.667,18.694000000000003,23.038,21.851999999999997
8340.0,0.35718040002530205,0.0,0.304,0.28800000000000003,0.639,0.573
8342.0,3.558601605174241,3.4739999999999998,1.536,0.946,0.838,0.040999999999999995
8343.0,1.8571469285970998,1.62,1.113,0.442,0.354,0.27699999999999997
8344.0,0.9250208107540965,0.631,0.5720000000000001,0.152,1.157,1.035
8345.0,1.6145528907186324,1.25,3.263,2.224,2.693,2.74
8346.0,3.3466747097497693,3.1889999999999996,2.5580000000000003,1.746,1.672,0.0
8347.0,1.9946457358792238,1.7630000000000001,1.709,0.0,0.0,1.151
8348.0,0.6079113921394296,0.27399999999999997,0.218,0.331,0.355,0.361
8349.0,0.3470764778279811,0.0,0.0,0.0,0.0,0.0
8350.0,11.6539768197555,11.764000000000001,12.167,13.513,11.769,10.773
8351.0,29.46719721220846,30.439,31.413,30.936,30.473000000000003,28.97
8352.0,18.920976185018873,19.074,25.601,26.738000000000003,26.215,25.281999999999996
8355.0,4.982122115623074,4.871,5.273,5.178,7.834,7.066
8356.0,0.3470764778279811,0.0,0.0,0.0,0.0,0.0
8357.0,0.3470764778279811,0.0,0.0,0.0,0.0,0.0
8358.0,0.8738221684431026,0.48100000000000004,1.77,1.876,1.804,1.6640000000000001
8359.0,0.5314692634348848,0.153,0.0,2.318,2.3080000000000003,2.698
8360.0,0.9996973372723179,0.685,0.601,0.64,0.511,0.042
8361.0,2.0305390799599268,1.768,1.528,1.3090000000000002,0.494,0.109
8362.0,11.487515048695922,11.674000000000001,11.572000000000001,11.341,11.392999999999999,11.093
8363.0,6.395829992610349,6.474,5.812,0.507,0.315,0.157
8364.0,2.0003014562579233,1.694,2.3680000000000003,2.408,2.351,2.535
8365.0,5.131391105221926,5.022,4.308,4.435,2.9160000000000004,3.022
8366.0,7.5260182588229245,7.566,7.461,6.063,7.186,9.462
8367.0,4.215997207217612,4.0569999999999995,3.503,4.27,3.8080000000000003,2.424
8368.0,0.3470764778279811,0.0,0.0,0.0,0.0,0.0
8369.0,1.6498063578636923,1.4,1.288,0.598,1.735,1.828
8370.0,1.0035763317719117,0.6679999999999999,0.40700000000000003,2.737,3.815,1.063
8371.0,2.5408229904732336,2.305,2.218,1.3519999999999999,0.35200000000000004,0.34600000000000003
8373.0,0.6352081690443296,0.327,0.278,0.295,1.935,1.396
8374.0,1.3274284357042148,1.067,0.787,0.75,2.541,4.046
8378.0,4.528671868384212,4.349,4.798,3.964,2.362,2.489
8380.0,3.4618684124281733,3.142,5.0680000000000005,5.44,4.677,5.126
8381.0,10.328588076886835,10.332,12.847000000000001,12.796,13.668,15.084000000000001
8382.0,17.257082622257748,17.572,18.328,20.312,16.695999999999998,16.507
8383.0,7.042786218971505,6.63,12.882,14.357999999999999,12.715,17.584
8386.0,1.0358831532098947,0.728,0.855,0.789,1.649,0.377
8387.0,2.586229597027418,2.323,2.556,1.7890000000000001,0.024,0.025
8388.0,9.099162275814056,9.22,8.137,7.636,6.955,11.863
8390.0,9.379238763644299,9.539,8.236,7.667000000000001,7.9,7.944
8391.0,17.039076882157353,17.461,17.793,17.072,16.236,16.296
8392.0,13.704047409239656,14.104000000000001,12.095,10.960999999999999,10.397,7.01
8395.0,6.520339626031289,6.595,4.641,3.017,2.7739999999999996,2.035
8396.0,3.0012844980662767,2.7489999999999997,3.168,3.2260000000000004,2.752,2.967
8397.0,13.483856059199404,13.635,14.289000000000001,16.496,13.77,14.794
8398.0,11.485580377208143,11.637,12.777999999999999,10.716,10.205,11.040999999999999
8399.0,5.262238265107045,5.22,3.783,3.31,2.563,1.895
8400.0,10.694593523164604,11.055,7.321000000000001,9.299,14.117,12.447000000000001
8401.0,34.509560964855694,36.188,29.923000000000002,26.070999999999998,27.21,31.049
8402.0,22.008106117998643,22.596999999999998,24.488000000000003,23.006,22.13,22.48
8403.0,16.3980765520476,16.447,22.788,24.97,26.301,28.38
8404.0,17.055290618149584,17.283,20.66,22.646,23.215,23.237
8407.0,28.98287259648783,29.728,32.948,35.545,33.434,32.842
8408.0,31.210419007566223,32.14,36.209,33.88,33.361,30.818
8410.0,15.091914478035093,15.625,9.663,11.901,6.477,4.633
8411.0,36.26729459123279,37.834,32.681999999999995,33.665,32.235,33.961
8412.0,25.88494615248657,26.473000000000003,31.838,30.816,30.508000000000003,27.654
8413.0,22.617468414625094,23.076999999999998,25.586,29.021,26.435,26.166
8414.0,3.355896914847191,3.298,0.764,0.0,0.0,0.0
8415.0,1.6789261792233936,1.3869999999999998,1.4969999999999999,1.216,0.691,0.0
8416.0,0.3470764778279811,0.0,0.0,0.0,0.0,0.0
8417.0,13.291603170248608,13.628,12.647,10.378,8.821,11.103
8418.0,0.8629903555273496,0.539,0.41600000000000004,0.46399999999999997,0.0,0.0
8419.0,8.141317329838587,8.12,9.144,8.415,8.302,7.027
8420.0,21.467493896518874,22.406999999999996,17.799,16.361,18.163,19.027
8421.0,7.272304717696714,7.2989999999999995,6.435,7.221,8.637,9.48
8422.0,5.982981347119955,6.006,4.352,3.2680000000000002,3.052,2.6010000000000004
8423.0,6.492021312050487,6.473,5.945,5.724,6.263,4.4639999999999995
8424.0,0.5909942231573689,0.258,0.237,0.174,0.191,0.0
8425.0,0.9086112605389901,0.612,0.168,0.122,0.122,0.15
8426.0,10.633944269103925,10.862,9.463,9.869,11.842,10.105
8428.0,38.03638483659329,39.444,38.544000000000004,37.75,32.284,33.23
8429.0,3.4755780841392174,3.234,2.8939999999999997,4.111000000000001,1.709,2.115
8430.0,1.8475892508469876,1.615,1.275,0.0,0.0,0.0
8431.0,1.909613442383147,1.6569999999999998,1.232,1.219,1.127,1.153
8432.0,26.66782696234641,27.66,24.366999999999997,29.136999999999997,31.33,31.916999999999998
8433.0,19.390452959507776,20.13,21.105999999999998,12.788,17.901,22.357
8434.0,3.083006223925288,2.81,1.849,5.093999999999999,2.443,3.678
8435.0,7.952684369549016,7.968,7.015,9.18,9.217,9.026
8436.0,4.427932158653343,4.32,3.986,2.517,2.509,2.864
8437.0,6.640820559296293,6.516,8.161,7.98,8.62,10.254000000000001
8438.0,3.059869417727209,2.59,7.489,6.0729999999999995,4.3919999999999995,6.106
8439.0,3.5890126930329664,3.471,2.398,1.268,1.099,0.8340000000000001
9800.0,0.3470764778279811,0.0,0.0,0.0,0.0,0.0
9801.0,0.3470764778279811,0.0,0.0,0.0,0.0,0.0
9900.0,0.3470764778279811,0.0,0.0,0.0,0.0,0.0
