tract,median_rent_2016,median_rent_2015,median_rent_2014,median_rent_2013,median_rent_2012,median_rent_2011
101.0,883.8741866124484,875,861,841,786,756
102.01,1023.6747706746804,1019,1001,954,959,899
102.02,937.4833777606342,931,963,927,925,907
103.0,851.8199484989524,846,884,848,888,886
104.0,942.2080034523655,936,926,892,890,868
105.01,844.3084250653119,834,801,810,770,777
105.02,889.7687967250389,883,851,814,789,769
105.03,665.7202217004208,653,656,689,663,721
106.0,884.3985323219731,875,891,892,874,852
107.01,1056.0313303272815,1052,1022,962,951,907
107.02,932.9724564416891,926,912,890,888,875
201.0,997.7702887119495,988,991,1029,1053,987
202.0,988.9388400287146,986,1089,982,961,980
203.01,811.2771657368204,801,823,838,836,836
203.02,998.6596585826635,994,955,929,979,1156
204.0,1023.4227404065671,1020,1046,974,982,967
205.0,917.4173270854228,904,874,958,960,1005
206.01,1018.8074018438027,1011,1050,1046,1054,990
206.02,975.5152924830061,965,965,982,937,955
207.01,1123.5082297387344,1111,1147,1254,1319,1261
207.02,1025.8455245393875,1014,929,968,888,954
208.01,978.6705150473789,970,949,957,950,905
208.02,1014.2944933652996,1007,1027,1018,1028,989
209.01,1092.574863066266,1089,1065,1016,1040,965
209.02,866.5630600953233,859,875,845,827,837
301.01,857.9985294765961,852,817,783,797,794
301.02,807.6126954023053,798,780,782,763,760
301.03,854.550649741514,845,814,776,658,660
301.04,867.427282957858,859,912,877,829,818
302.0,945.9673785874892,934,1048,1053,972,1041
303.0,890.8560519065433,883,863,855,859,846
304.0,829.9851305738428,822,818,793,772,823
305.0,1232.644301690959,1225,1183,1141,1004,963
306.01,892.6550704503607,885,851,806,731,746
306.03,770.7216181947398,763,783,756,759,756
306.04,965.497359997609,957,930,934,925,874
307.01,790.6912699203856,782,743,734,720,691
307.02,979.7969009511352,971,963,974,973,923
307.03,807.0279401162024,799,762,754,763,682
307.06,950.0677259143838,941,950,963,968,926
308.0,1187.4255873793215,1183,1225,1170,1153,1130
309.0,1241.412653431444,1235,1270,1244,1208,1115
310.0,1136.489691855923,1131,1018,994,969,957
311.0,976.8207830283119,966,984,1018,1005,962
312.0,535.6236349583149,527,484,470,496,493
313.0,832.725071541303,825,817,775,724,718
314.0,1103.3060665112384,1098,1175,1123,1109,1070
315.01,700.4008349496971,689,754,756,721,730
315.02,649.7918230234608,644,611,584,662,633
317.0,815.643072295293,808,791,752,711,642
318.0,987.6921705360148,981,867,851,830,749
319.0,1079.6714939231404,1073,1056,1024,981,962
321.0,1007.7893433271374,999,952,940,871,853
401.0,978.3847584691574,971,964,938,906,918
402.01,1087.1367531324197,1078,1075,1093,1076,1019
402.02,915.2817470600944,909,932,908,941,946
403.0,1150.1586169375346,1139,1103,1181,1202,986
404.01,1047.6055477933382,1042,1074,1036,1039,1040
404.02,1092.0347402942755,1086,1088,1041,991,989
406.0,1121.459730077718,1115,1104,1056,979,975
407.0,1164.442159428141,1159,1206,1180,1197,1055
408.0,1233.5263392445456,1228,1256,1212,1167,1142
409.0,1021.9749306094757,1017,994,941,921,894
501.0,1335.3684941572717,1334,1309,1230,1218,1166
502.0,1154.9756391167887,1150,1127,1059,980,1050
503.0,1173.2330487657666,1171,1144,1072,1076,1035
505.0,1509.5009854454136,1507,1450,1386,1323,1283
506.0,1519.2783854688128,1515,1325,1353,1386,1366
507.0,1506.4658053142186,1487,1486,1490,997,1091
508.0,1476.104298068783,1468,1484,1556,1624,1430
509.0,1441.6149392088187,1444,1335,1205,1166,1067
510.0,1365.5166486985502,1356,1343,1396,1385,1327
511.0,1252.3033199067781,1250,1200,1159,1206,1255
512.0,1396.2433471669722,1398,1356,1313,1473,1354
513.0,1692.1745525519425,1694,1600,1475,1383,1330
514.0,1346.9706599949504,1345,1226,1167,1146,970
601.0,1244.5252428143167,1237,1223,1213,1157,1134
602.0,1111.4144075462752,1110,1124,1043,1081,1033
603.0,1366.7130443565004,1353,1404,1462,1334,1375
604.0,1378.538512464794,1372,1360,1344,1284,1281
605.0,511.9871998058896,493,830,888,831,836
608.0,1407.7661386237558,1412,1335,1196,1219,1175
609.0,1123.6493924178424,1119,1110,1047,1001,979
610.0,1751.409114887206,1752,1487,1416,1334,1198
611.0,1579.6737430821693,1577,1575,1539,1535,1666
612.0,1647.7206644731293,1637,1649,1736,1710,1606
615.0,1717.6740437816081,1711,1570,1592,1504,1284
618.0,1136.497336912596,1129,1100,1088,1045,1032
619.01,1101.1637284122205,1096,1053,997,942,926
619.02,1201.9462438372143,1198,1062,1016,977,998
620.0,1221.5597244160824,1214,1182,1189,1168,1157
621.0,1492.5606131604357,1492,1561,1491,1526,1500
622.0,1658.923300310709,1653,1665,1642,1541,1488
623.0,1757.2453373199653,1758,1685,1645,1696,1502
624.0,1765.9827321722446,1764,1799,1720,1621,1565
625.0,1596.4210965998984,1599,1496,1394,1395,1313
626.0,1330.5915665335217,1321,1306,1336,1278,995
627.0,1286.919269088466,1281,1219,1228,1247,1327
628.0,1738.6364056978362,1735,1740,1708,1650,1638
629.0,1581.4088978007017,1580,1699,1647,1690,1528
630.0,1218.3865808818448,1211,1183,1175,1129,1133
631.0,1290.980542497064,1285,1175,1179,1169,1100
632.0,1136.4675015901773,1131,1085,1062,1061,1037
633.01,989.7355023091164,987,1020,943,973,969
633.02,1218.4297674825875,1214,1207,1165,1155,1121
633.03,2782.7124300915075,2768,2250,2250,1504,1687
634.0,1178.9295456822092,1176,1379,1244,1156,1119
701.01,1104.9121532665217,1099,1075,1055,1058,1014
701.02,1056.6609933423297,1058,1035,893,893,896
701.03,1223.6781643351683,1219,1168,1139,1134,1105
702.0,1282.35357828093,1277,1225,1209,1197,1059
703.0,1610.8307414339695,1605,1573,1586,1563,1547
704.0,912.6338438744452,893,975,1099,1006,902
705.0,1458.4257576328787,1459,1500,1471,1634,1645
706.0,1860.2300356416763,1869,1863,1852,2250,1900
707.0,1412.8958089940359,1418,1341,1118,986,935
710.0,1645.692206539937,1643,1567,1550,1551,1673
711.0,1551.0103633307244,1536,1703,1793,1690,1619
712.0,1658.937835118335,1652,1641,1643,1554,1473
713.0,1242.312610960725,1232,1164,1213,1172,1177
714.0,1308.51394025607,1303,1289,1247,1179,1148
715.0,1541.242095319153,1534,1459,1470,1393,1358
716.0,1866.851786062855,1875,1688,1576,1672,1733
717.0,1683.080905614796,1683,1625,1566,1565,1487
718.0,1122.1345999075977,1118,958,935,948,1077
801.0,1544.9994707946817,1544,1594,1482,1393,1393
802.01,1365.6964021076717,1361,1396,1349,1303,1206
802.02,1358.9892414163394,1357,1356,1302,1326,1271
803.0,1736.6805487015165,1732,1731,1650,1446,1438
804.0,513.2165447638577,499,485,499,403,352
810.0,991.8301702135,985,1086,1051,1050,1017
811.0,1391.2161182405903,1389,1271,1222,1206,1273
812.01,1625.2751618915104,1626,1528,1433,1380,1339
812.02,1475.2892497341088,1470,1515,1484,1434,1493
813.0,1634.4583712842655,1632,1556,1441,1237,1201
814.01,1567.2888919494928,1572,1446,1341,1409,1203
814.02,1792.3649979907013,1793,1732,1623,1515,1483
814.03,1788.8239245087489,1787,1723,1689,1659,1605
815.0,1850.1856019210923,1846,1835,1819,1750,1757
816.0,1957.951192923609,1957,1950,1893,1828,1772
817.0,1844.9408176809598,1844,1785,1697,1570,1490
818.0,1938.1532461924983,1932,1956,1978,1917,1859
819.0,1471.250464691922,1514,858,614,1569,1628
901.0,1001.9662559427417,994,974,964,938,973
902.0,1175.613770504924,1161,1101,1165,1021,1011
903.0,1330.257127073841,1326,1380,1311,1245,1183
1001.0,1013.7274823008094,1009,1027,968,958,997
1002.0,1050.7892888794097,1041,1109,1120,1094,985
1003.0,1289.6586889696014,1291,1300,1140,1065,1074
1004.0,1276.4696119206283,1268,1380,1375,1330,1137
1005.0,2267.048243196491,2250,2250,2250,1685,1581
1006.0,990.526653152347,987,1038,973,1007,1101
1007.0,1600.7144884208724,1613,1724,1288,963,893
1101.0,1005.0942980040718,996,1006,1031,1051,1036
1102.0,959.0917396547766,954,898,861,874,877
1103.0,900.7556270031314,894,886,875,913,769
1104.0,1091.151089699332,1081,995,1041,1023,979
1105.01,967.7211382381008,963,962,937,1005,942
1105.02,982.4830817752235,976,962,917,872,855
1201.0,954.3008601748161,944,711,856,1031,648
1202.0,881.4279776155677,874,872,846,833,815
1203.0,1008.6240012807316,999,959,964,905,901
1204.0,1164.236239537621,1162,1208,1103,1059,958
1301.0,427.79157510159763,416,413,414,395,386
1302.0,1270.5533340310847,1270,1313,1185,1128,1000
1303.0,1042.6709830803175,1036,1047,1035,1052,1044
1401.0,976.6404964946616,969,919,919,922,877
1402.0,912.1768556426068,908,934,851,830,815
1403.01,833.4268573660765,827,865,838,880,917
1403.02,926.6681332789949,920,915,879,861,826
1404.0,871.2165900853281,860,963,975,947,905
1405.0,995.3301621884782,987,940,935,900,848
1406.01,959.2889502246062,950,954,988,1028,965
1406.02,966.7438541985052,960,958,945,968,953
1407.01,984.5691432289212,980,995,899,818,843
1407.02,878.6705400733396,871,894,889,922,872
1408.0,1001.2749880992129,993,960,939,874,913
1502.0,864.7896664384322,858,932,893,901,889
1503.0,1110.9609131655898,1106,1056,1020,1012,1034
1504.01,967.1603922333986,959,996,1012,1061,1033
1504.02,1011.5469144895116,1005,975,960,968,953
1505.01,1023.0115862833042,994,1015,1331,1289,1253
1505.02,967.1994309276258,956,917,988,1027,1001
1506.0,955.2573207878025,944,949,959,878,940
1507.0,999.9503886726172,997,975,887,866,848
1508.0,976.2168574827089,971,927,895,915,879
1510.01,961.1816702990989,950,1002,1041,1040,1052
1510.02,890.8826196894216,881,921,926,906,844
1511.0,959.9853059122479,958,1006,899,900,853
1512.0,841.9838800488899,834,861,849,864,875
1601.0,1126.2571691191763,1114,1115,1180,1150,1121
1602.0,859.8842922218482,848,903,937,921,895
1603.0,814.9860737124649,807,797,782,784,801
1604.0,948.3066911191049,944,920,884,939,899
1605.01,1041.0758741279433,1033,1002,1017,1031,972
1605.02,1009.368448813183,1003,1026,974,924,913
1606.01,970.9671442699403,962,955,991,1041,1065
1606.02,966.0467733467771,960,957,932,953,960
1607.0,1091.9938862988838,1087,1127,1077,1069,1008
1608.0,1120.358380101973,1112,1069,1075,1040,1006
1609.0,890.9209847045064,882,860,878,901,858
1610.0,936.7143555565386,930,885,885,930,943
1611.0,1139.3331477006643,1129,1112,1164,1165,1045
1612.0,980.5795328301297,966,909,1017,1010,932
1613.0,905.7205537495898,898,944,918,905,896
1701.0,1387.7593657500206,1375,1434,1487,1380,1188
1702.0,943.5212249499398,935,929,958,1014,974
1703.0,1019.1430913279539,1011,1033,1015,975,951
1704.0,1035.6942311631915,1028,1074,1000,857,879
1705.0,1124.0771758352528,1120,1127,1119,1219,1110
1706.0,932.221437522969,924,928,902,853,888
1707.0,1051.7125358814426,1059,1004,794,845,830
1708.0,930.2359870915308,922,901,895,882,834
1709.0,857.628646133643,834,833,1068,1063,960
1710.0,905.8397364734702,895,897,925,907,875
1711.0,913.4458697773015,906,933,911,909,899
1801.0,937.32833944292,932,947,904,922,900
1901.0,904.9918958718906,901,847,780,777,771
1902.0,940.3148856446529,930,971,989,973,954
1903.0,817.2067189028041,810,791,775,799,809
1904.01,1045.6517091718526,1044,903,868,963,917
1904.02,883.5589374126796,877,875,848,863,847
1906.01,1119.9887956560747,1111,1122,1129,1091,1045
1906.02,985.591169573879,975,1026,1016,923,939
1907.01,935.2695674024495,927,946,928,899,926
1907.02,954.4345753688083,945,931,949,944,876
1908.0,958.7772669578078,951,955,962,996,966
1909.0,871.1122769081823,860,881,878,795,781
1910.0,972.966398900977,966,1015,967,920,919
1911.0,851.8987327128847,845,873,863,919,925
1912.0,914.3007030670415,905,914,918,902,894
1913.01,847.7647182632535,838,866,882,895,945
1913.02,1050.8973991196842,1045,1057,1020,1008,1005
2001.0,979.86055135903,970,931,938,881,841
2002.0,940.7534974462299,934,880,885,936,955
2003.0,904.3704677534956,896,888,880,867,846
2004.01,935.7537620681178,928,947,974,1062,1055
2004.02,851.7626623948635,842,876,876,855,834
2101.0,1096.2263472629797,1088,1082,1073,1026,975
2104.0,974.7212478914536,967,965,957,955,934
2105.01,880.3420768058431,870,909,891,806,843
2105.02,935.1536162379041,927,924,910,887,843
2106.01,905.4593270100578,900,880,859,916,930
2106.02,959.090268737587,955,939,918,1014,939
2107.0,981.6861733503277,976,955,930,955,952
2108.0,993.6421498453968,978,998,1085,1016,968
2109.0,968.4672622678538,967,982,899,959,959
2203.0,1239.712471127201,1224,1170,1261,1127,1014
2204.0,1292.796680369276,1289,1249,1215,1220,1133
2205.0,1323.5270709743886,1321,1327,1262,1252,1249
2206.01,972.9959622403642,967,954,867,749,820
2206.02,870.1617596373146,862,829,820,811,757
2207.01,901.4335871374194,892,899,907,897,859
2207.02,982.6485896152408,974,939,949,942,993
2209.01,844.4011629434876,837,946,920,950,941
2209.02,1040.861217587224,1033,1028,1019,996,956
2210.0,1042.5119998507303,1038,981,945,964,978
2211.0,978.0517946357721,973,958,898,871,934
2212.0,1124.3782886032018,1117,1069,1059,1021,1039
2213.0,1020.2000069156717,1015,983,927,890,818
2214.0,985.5773371637059,971,1053,1102,1008,971
2215.0,868.5770045315201,857,812,822,731,868
2216.0,1341.1511095017554,1336,1180,1174,1147,1138
2222.0,1743.964272528043,1742,1614,1551,1441,1370
2225.0,1059.5917278696,1052,1017,1021,1023,1063
2226.0,999.8136320831671,994,973,928,901,841
2227.0,1103.7222722680083,1091,1042,1070,931,924
2228.0,889.3979460150958,877,873,924,903,811
2229.0,853.0005626238104,850,918,824,845,867
2301.0,916.9715436352939,907,921,933,912,938
2302.0,858.9400809271795,855,824,782,852,967
2303.0,879.6331522058508,867,870,932,931,879
2304.0,972.9262903643857,967,984,943,938,888
2305.0,899.0914085603209,889,904,908,869,861
2306.0,897.8940254427201,888,940,940,911,926
2307.0,955.8431195813753,948,925,923,927,939
2308.0,998.2316764391833,984,893,965,877,1127
2309.0,939.4778481750193,933,951,923,934,939
2311.0,858.799798771198,838,919,1123,1175,1093
2312.0,913.458687217562,902,865,936,977,927
2315.0,933.4635286275296,928,992,927,908,893
2402.0,905.1178365313092,883,812,1037,1032,1001
2403.0,1445.4830649145256,1440,1462,1422,1344,1217
2405.0,1797.8894288140045,1792,1762,1770,1698,1705
2406.0,1337.9179978489487,1326,1332,1361,1224,1181
2407.0,941.0884970329654,928,875,925,852,868
2408.0,971.705726180228,972,930,814,845,858
2409.0,977.0380171898554,970,959,947,957,934
2410.0,990.8797046759765,983,921,936,957,905
2411.0,1161.410405744389,1155,1124,1108,1089,1094
2412.0,1351.239176113668,1349,1347,1291,1303,1403
2413.0,1812.122788120465,1809,1727,1718,1687,1619
2414.0,1638.5909617060952,1643,1586,1400,1287,981
2415.0,1459.5539580456825,1450,1432,1446,1328,1358
2416.0,1349.301880971605,1343,1339,1300,1206,1107
2420.0,949.7397588453548,943,935,914,921,913
2421.0,1450.2193339240473,1445,1383,1353,1279,1231
2422.0,1296.530379573062,1290,1312,1286,1231,1210
2423.0,1286.4267039749386,1280,1235,1216,1161,1110
2424.0,1200.1131492012748,1195,1129,1087,1038,1048
2425.0,1035.6472168958535,1026,1024,1040,1011,1047
2426.0,932.46179017619,924,966,943,904,920
2427.0,1010.5907933129151,1002,976,984,972,935
2428.0,1164.1172338217725,1160,1101,1128,1275,1204
2429.0,1138.50635034477,1131,1103,1093,1054,1021
2430.0,1206.3164749369041,1203,1154,1120,1156,1194
2431.0,1134.738993378732,1120,1080,1175,1109,1031
2432.0,1266.7148907029496,1256,1280,1279,1138,1172
2433.0,1299.355749805538,1290,1304,1281,1130,1155
2434.0,1270.2002128731792,1265,1158,1099,983,981
2435.0,1679.9089472257613,1681,1532,1451,1415,1370
2502.0,971.3823004786152,960,1005,1010,923,885
2503.0,926.9564663026723,916,915,954,951,990
2504.0,914.6728182443758,907,880,874,882,880
2505.0,890.8329878680848,871,884,1010,897,896
2506.0,1049.9011623930019,1039,942,982,929,917
2507.0,946.2166369830811,938,949,940,928,952
2508.0,922.4685227073581,913,956,934,864,870
2510.0,891.9920156618144,884,943,916,898,860
2511.0,903.8980663107955,897,921,913,962,886
2512.0,990.6872645338437,988,960,871,857,842
2513.0,972.5573963912865,967,922,893,908,932
2514.0,815.3952105766924,808,865,821,801,794
2515.0,898.5181441799435,889,884,908,927,906
2516.0,927.4128310437605,919,962,954,951,967
2517.0,1098.7766946316376,1094,1072,1068,1148,985
2518.0,929.2074143390776,917,1015,1021,932,954
2519.0,822.1420611804432,813,871,860,850,825
2520.0,816.323795449353,808,794,771,742,734
2521.01,761.2909439568394,753,798,788,818,774
2521.02,941.1584843262079,932,985,966,913,945
2522.01,859.5399903353348,852,812,794,787,861
2522.02,884.9049114824636,876,854,838,788,792
2601.0,500.21850529929833,490,516,490,462,429
2602.0,1039.3197898289181,1035,1038,1011,1076,1101
2603.0,840.030071523136,834,769,730,726,680
2604.0,935.9623534467411,922,1006,1050,977,920
2605.0,1092.5317510114037,1086,1034,1020,1008,1047
2606.0,950.2632818052775,937,965,1048,1065,1065
2607.0,932.2482700733312,923,905,950,1014,1040
2608.0,846.5789072837701,845,1001,872,895,915
2609.0,923.8477265968926,913,933,987,1028,1101
2610.0,1005.3465367320695,997,976,983,980,957
2705.0,806.2337171604973,797,826,806,767,783
2712.0,1007.128843854615,995,1020,1048,972,954
2713.0,822.9969408054887,810,905,916,830,919
2714.0,825.9234587435366,813,770,858,900,968
2715.0,1033.7776067758925,1026,1023,989,916,898
2718.0,864.4905724494241,850,972,1065,1107,1134
2801.0,1970.44876352709,1971,1914,1858,1830,1796
2804.0,919.5610745672684,919,970,873,955,1080
2808.0,422.9044358161389,414,424,391,404,368
2809.0,592.2271110764797,588,528,446,461,624
2819.0,1610.419411943622,1609,1515,1432,1334,1320
2827.0,1354.418335469995,1356,1282,1224,1343,1393
2828.0,1161.9577350833188,1152,1161,1188,1151,1147
2831.0,1379.6971936373625,1373,1342,1340,1299,1223
2832.0,1289.5453327485725,1287,1231,1138,1053,1182
2838.0,1210.6293103224532,1211,1044,914,831,874
2909.0,747.8209188616282,740,722,730,799,841
2912.0,990.3866220098619,980,994,1021,1004,940
2916.0,869.9504281863057,865,830,788,819,824
2922.0,882.6758876341021,872,838,871,863,882
2924.0,997.9613034374802,990,988,980,965,921
2925.0,926.65098498389,919,888,866,836,795
3005.0,778.4054458697279,770,797,772,756,711
3006.0,793.6285374490025,779,779,828,744,743
3007.0,751.6260239888645,744,726,688,662,698
3008.0,769.421832255184,762,752,728,739,724
3009.0,747.5272218094359,739,728,719,728,716
3011.0,723.7877739066056,715,726,695,658,634
3012.0,739.2529543102089,731,737,735,776,780
3016.0,653.5104557051941,641,641,695,724,732
3017.01,714.3031883099371,703,735,720,638,665
3017.02,799.2737895277977,790,837,814,774,736
3018.01,775.0031266054337,766,765,756,746,787
3018.02,743.2678807843045,734,757,751,752,671
3018.03,785.8591357993612,778,770,751,755,736
3102.0,1213.6252758771093,1211,1155,1077,1037,1026
3103.0,923.4056458557328,919,985,956,1056,1016
3104.0,845.817154289141,834,826,833,743,739
3105.0,762.849798566689,754,711,704,693,682
3106.0,757.6670604109927,747,729,743,723,734
3107.0,771.8096516084947,770,753,638,644,662
3108.0,797.6242031838261,791,802,762,767,756
3109.0,805.7946112405992,798,825,779,733,737
3201.0,1901.4021082129427,1905,1898,1789,1781,1776
3204.0,2130.8503425053823,2117,2250,2250,1866,1912
3206.0,1783.2338496122338,1783,1749,1667,1598,1379
3301.0,1699.2670762076427,1696,1649,1615,1557,1363
3302.0,709.9913329513121,685,678,898,839,844
3403.0,678.2612625529948,664,677,708,624,561
3404.0,826.6943103434335,822,874,813,847,904
3405.0,734.6649541741408,729,463,432,416,347
3406.0,348.90471967044647,332,245,332,311,363
3501.0,1026.7724323393631,1019,1008,999,980,977
3504.0,288.4599647395293,279,269,259,323,248
3510.0,1028.2455485914938,1023,1000,971,993,995
3511.0,414.8814118156284,402,414,436,432,419
3514.0,363.92852354829694,348,322,401,413,404
3515.0,898.5427668699965,888,1015,982,881,854
3602.0,838.3608627081784,831,824,807,823,824
3801.0,558.7535237427903,554,739,567,449,490
3802.0,675.5655301237822,669,668,607,588,543
3805.0,849.9583718718566,829,943,1084,1004,475
3807.0,760.9416869435487,755,737,767,948,956
3812.0,808.1888527748687,799,781,794,814,771
3814.0,927.6729911263831,921,946,935,981,945
3815.0,1073.6263245124728,1064,1065,994,768,1036
3817.0,13.515471118488449,0,0,0,0,0
3818.0,881.9138386718382,880,719,626,610,659
3819.0,746.19997041819,731,821,853,749,749
3901.0,1073.1517295739661,1068,1131,1044,960,792
3902.0,975.4133255866161,965,947,944,853,775
3903.0,648.4060029360037,640,595,576,576,594
3904.0,684.7951704823339,669,675,759,734,708
3905.0,936.2867891361586,927,899,895,846,826
3906.0,1013.9917713054517,1011,1063,980,989,1016
3907.0,1302.109271019353,1298,1309,1254,1216,1164
4003.0,1048.5274480087235,1035,990,1065,1013,974
4004.0,971.7752177605494,964,977,957,932,873
4005.0,883.5639662156509,877,861,852,902,902
4008.0,663.7110379122038,656,684,658,687,661
4101.0,1004.216494252596,999,938,910,928,910
4102.0,953.5291385086188,945,935,911,847,833
4105.0,1136.2625295990179,1136,1141,1000,939,935
4106.0,1002.9288624751606,1000,1044,1002,1103,976
4107.0,1082.270001403829,1078,1002,962,967,915
4108.0,960.5147295939195,950,936,930,833,741
4109.0,968.9662967673313,961,951,933,899,855
4110.0,984.955455729851,977,965,964,964,996
4111.0,1150.1830693178915,1151,1113,983,968,962
4112.0,1246.7470100208968,1238,1167,1184,1126,1091
4201.0,811.026239235288,801,800,741,578,707
4202.0,968.5278329284938,958,890,904,832,878
4203.0,821.4179859135539,808,780,847,831,839
4204.0,764.1507815761009,750,766,822,781,768
4205.0,848.4500105798186,844,826,763,775,738
4206.0,765.2444977772406,757,812,802,836,922
4207.0,999.1227853144302,990,1021,1017,980,941
4208.0,1004.488577540522,994,986,984,890,857
4212.0,592.3285282681177,581,632,683,775,715
4301.01,918.5423407406241,912,958,932,958,889
4301.02,724.7759547433733,716,748,723,706,723
4302.0,754.2466782334188,744,725,718,667,683
4303.0,962.6239731087894,953,941,932,860,876
4304.0,1016.9147760771222,1004,1015,1048,949,952
4305.0,778.9196016752061,775,772,699,726,717
4306.0,791.736857188345,780,890,905,883,839
4307.0,871.3687673822685,861,865,868,819,779
4308.0,901.8988564242098,902,855,783,916,901
4309.0,857.1737676256513,850,877,847,848,746
4312.0,1012.6938070597142,1015,788,693,775,878
4313.01,873.8630829398815,866,912,890,887,872
4313.02,816.0937925662707,808,809,817,869,885
4314.0,849.5079387867128,842,845,814,795,769
4401.01,752.461916494871,744,746,745,777,759
4401.02,833.5906388610501,826,829,797,776,778
4402.01,914.6680914529647,905,921,914,863,873
4402.02,772.2150627028169,764,790,767,763,741
4403.0,922.657377612899,915,888,872,857,881
4406.0,1042.0849056631032,1033,1047,1045,1000,985
4407.0,1065.0633079508646,1056,950,965,916,871
4408.0,830.9940069307155,825,858,805,804,827
4409.0,927.5036382511754,925,831,812,950,896
4503.0,1000.8798240185748,997,1043,958,932,944
4601.0,796.7514630401589,790,760,736,759,740
4602.0,724.3771302802783,715,720,713,706,684
4603.01,829.4097648605347,824,856,790,781,733
4603.02,819.0798529270486,809,908,910,909,879
4604.0,887.5434707629908,879,903,914,950,967
4605.0,744.8462603714283,739,849,795,838,876
4606.0,855.7931367149932,848,926,924,981,871
4607.0,706.4768247590177,698,794,763,767,660
4610.0,429.4696603188857,421,455,399,383,416
4701.0,836.8336663112351,830,636,628,624,757
4801.0,806.4810465892875,797,798,811,827,778
4802.0,1031.9670686080394,1026,1016,947,859,997
4803.0,933.7315300749557,926,1003,1013,1083,1111
4804.0,1030.809859695114,1013,1132,1232,1139,1252
4805.0,1257.6817322031816,1250,1142,1150,1096,1119
4903.0,1108.153336391105,1096,1124,1110,922,947
4904.0,1067.9167910034362,1078,1152,933,1100,947
4905.0,1147.492772693106,1137,1134,1170,1133,950
4906.0,1067.418023220501,1051,1145,1265,1250,1247
4907.0,1163.4542274348864,1156,1177,1125,1006,1207
4908.0,880.3475043575056,870,964,981,990,965
4909.01,817.4092479219794,810,789,772,786,820
4909.02,934.1375127595984,924,994,984,923,941
4910.0,1077.2185808013546,1079,1114,948,925,1027
4911.0,1419.6669687358897,1430,1399,1240,1446,1375
4912.0,1195.4643344717679,1193,1299,1241,1305,893
4913.0,1058.8002384592205,1056,1049,1014,1108,1052
4914.0,817.6244198240021,810,870,844,856,876
5001.0,896.4300135454798,892,880,821,835,808
5002.0,919.1388883227277,906,944,1029,1064,1141
5003.0,802.5261868560482,799,808,740,791,764
5101.0,837.5091390134692,839,750,661,805,821
5102.0,986.4934682243563,982,1031,1026,1158,1325
5103.0,1114.8399165954702,1107,1054,1064,1054,1038
5201.0,799.3372144800982,790,815,823,842,804
5202.0,803.6038241393127,790,792,827,747,771
5203.0,790.3192651555868,778,820,853,829,779
5204.0,918.4442773783076,911,818,819,829,783
5205.0,899.3570889792113,893,713,680,630,638
5206.0,715.2759417101012,717,813,688,843,770
5301.0,741.423449178356,725,717,804,748,772
5302.0,1091.1538043273654,1078,1040,1130,1118,1115
5303.0,961.0921877197613,955,960,981,1105,1117
5304.0,978.6015861795821,971,912,891,846,818
5305.01,855.2554439280702,843,1079,1115,1148,1039
5305.02,1331.4650934465856,1325,1322,1313,1283,1332
5305.03,1138.394404760519,1142,1051,992,1217,1302
5306.0,825.7922660589926,813,913,943,907,823
5401.01,411.17169040871045,401,337,327,325,323
5401.02,515.7158766457057,505,471,462,432,423
5501.0,800.8782356524346,789,834,875,883,766
5502.0,692.6979424238906,678,1015,1059,1087,1116
5601.0,961.5675375565802,937,714,1050,1144,1085
5602.0,1063.7178956661928,1042,1227,1324,1101,900
5603.0,1610.8363230808004,1610,1655,1607,1650,1848
5604.0,13.515471118488449,0,0,0,0,0
5607.0,851.9105099446796,847,853,807,847,803
5608.0,999.7446933893063,987,958,992,892,925
5609.0,1277.7569448407355,1293,1270,1125,1565,1556
5610.0,917.0604707853025,903,926,914,699,674
5611.0,1076.5721569578247,1070,1050,997,911,1006
5701.0,752.2906945959244,740,940,973,1007,1058
5702.0,750.5221465982426,713,734,1083,867,1029
5703.0,861.9595977599707,853,865,863,857,928
5704.0,830.6320322502179,819,840,839,750,708
5705.0,918.2341745952374,909,885,903,909,836
5801.0,869.6810118908102,859,883,888,839,897
5802.0,809.6699303247204,800,812,809,786,776
5803.0,701.5599443917497,694,675,638,626,645
5804.0,778.1339998402067,768,752,769,771,755
5805.01,805.1382248238527,797,796,774,760,773
5805.02,799.9602549050146,790,761,764,733,737
5806.0,777.3383914223748,767,806,827,848,830
5807.0,831.8902251954387,821,824,847,831,811
5808.0,828.3221504442822,818,776,796,780,762
5905.0,937.208465692603,930,868,847,823,777
5906.0,863.3742818825672,854,839,864,894,840
5907.0,851.5270670693176,842,829,831,808,818
6004.0,841.8170858772137,833,824,805,764,788
6006.0,752.0049457877784,743,729,693,624,639
6007.0,895.8570534351499,889,851,825,818,749
6009.0,793.1842561985418,784,779,776,768,757
6103.0,682.7964515073145,673,703,695,687,676
6104.0,654.8244625833643,646,631,620,631,726
6108.0,892.805389871224,886,899,881,910,843
6110.0,818.0860180212064,807,831,847,818,855
6111.0,667.2045030182649,659,663,640,650,642
6112.0,761.1417664849807,753,785,779,819,853
6113.0,673.9917336339031,663,695,711,716,744
6114.0,721.6148641847997,713,732,716,721,736
6115.0,727.2010883424036,716,725,746,737,758
6116.0,850.9275173577435,841,830,854,866,1050
6117.0,878.8655693667645,872,869,843,850,821
6118.0,916.6736326465515,906,879,929,954,984
6119.0,937.9910692261722,928,930,965,986,977
6120.0,948.9923720526147,937,962,974,879,1232
6121.0,854.8364667496779,848,838,769,685,673
6201.0,816.006074059188,789,777,1074,1091,1035
6202.0,922.2489982915775,920,1004,885,869,845
6203.0,1115.0747964907446,1108,1122,1087,1026,992
6204.0,940.9186713032744,931,963,991,1008,1039
6301.0,654.7608056697105,640,659,736,742,733
6302.0,766.5523194931947,758,747,736,736,751
6303.0,958.5354546121835,949,962,929,816,748
6304.0,792.2992736038218,787,790,754,813,786
6305.0,824.7204423593106,816,813,811,816,845
6308.0,819.2736567592897,811,815,813,837,793
6309.0,799.7669177730818,794,816,795,875,758
6401.0,1163.521669213568,1154,1097,1097,995,913
6403.0,925.6848397423166,918,875,872,879,842
6404.0,944.2999620591067,937,965,956,982,991
6405.0,833.4663439568695,826,801,781,782,788
6406.0,872.1747371007073,864,877,855,831,825
6407.0,1125.7270903912734,1120,1085,1065,1067,1000
6408.0,854.3779042442105,850,816,731,691,739
6501.0,850.5729883439626,842,856,897,1002,1020
6502.0,899.4882060556121,890,879,893,889,914
6503.01,1199.796394481533,1194,1216,1171,1119,941
6503.02,972.9971834443542,966,943,969,1061,1091
6504.0,1043.8536925187818,1038,1132,1117,1182,1235
6505.0,1755.6373449398977,1745,1699,1813,1810,1743
6603.01,845.4980716518527,837,843,838,843,827
6603.02,871.7077274778645,862,859,877,882,877
6604.0,776.5756617211266,767,772,766,744,725
6605.0,777.7326691626158,764,846,888,849,822
6606.0,900.9120006868293,893,932,906,885,882
6607.0,865.8982297466557,860,880,870,956,886
6608.0,874.9211656824768,869,911,859,857,866
6609.0,880.9561666554341,870,902,914,871,877
6610.0,870.7386587078408,862,833,835,831,826
6611.0,887.8581709256401,880,880,863,854,866
6701.0,1044.754250423896,1035,1129,1122,1067,723
6702.0,867.6162619513392,855,888,923,875,799
6703.0,1013.0735558976588,1007,1079,1047,1066,1050
6704.0,806.7622282127797,800,887,841,850,919
6705.0,894.0188645628882,877,852,975,942,988
6706.0,956.9034299820278,952,906,868,889,832
6707.0,1090.7491495333784,1086,1073,1047,1084,1063
6708.0,926.6241608358233,921,983,948,990,921
6709.0,954.7921079008607,948,905,878,858,808
6711.0,914.7710856598521,890,859,1078,977,944
6712.0,1054.8783576098042,1039,1051,1137,1043,616
6713.0,864.4790857237681,862,886,866,1052,1065
6714.0,1094.181889577949,1088,1108,1086,1091,788
6715.0,892.2354616917931,881,882,913,890,1080
6716.0,720.8084922838153,704,701,808,788,826
6718.0,834.0446430455476,820,1034,1079,1066,1105
6719.0,1126.7597665541912,1122,1000,972,963,1016
6720.0,1097.123468607331,1109,1275,893,788,1533
6805.0,994.7015846340822,981,954,1049,1051,1143
6806.0,935.9540674384739,928,810,797,747,762
6809.0,665.6541875079133,659,667,628,659,571
6810.0,770.9677983913298,768,747,697,804,827
6811.0,963.8193167122027,957,989,963,966,917
6812.0,835.116649672703,827,846,808,760,744
6813.0,863.8637716981656,847,875,988,961,962
6814.0,945.2525997822511,934,954,980,941,869
6903.0,711.3076909328939,693,669,809,804,798
6904.0,898.0381799960811,893,914,862,880,893
6905.0,747.5063686140779,733,860,883,795,797
6909.0,852.2226238358091,843,837,830,800,818
6910.0,862.2669629741209,850,850,885,840,799
6911.0,940.9878571575451,932,904,907,883,836
6912.0,892.3811464169181,882,868,877,831,748
6913.0,718.3469399378937,709,698,705,726,757
6914.0,875.863773254117,871,867,837,906,892
6915.0,740.855791029397,726,736,813,796,829
7001.0,986.5070836587997,978,941,953,954,851
7002.0,998.0601903595156,972,994,1289,1310,1267
7003.01,1298.7439859206884,1292,1426,1384,1321,1292
7003.02,1172.0976336070826,1167,1120,1068,1009,854
7004.01,1194.7725217924897,1196,1156,1096,1240,995
7004.02,1509.9763481334085,1489,1700,1938,1972,2250
7005.01,795.5345069264293,782,809,880,891,936
7005.02,1088.4141045932397,1084,1084,1021,993,974
7101.0,707.0775763631038,697,754,757,767,775
7102.0,916.5683863531704,909,914,876,827,812
7103.0,856.13780166474,849,828,806,811,822
7104.0,975.2033788415978,970,957,923,949,888
7105.0,847.3718140141384,838,870,870,863,849
7106.0,851.2945182770435,843,861,857,874,856
7107.0,775.8780132206683,766,848,864,904,1016
7108.0,842.0976280051151,834,914,899,920,887
7109.0,803.2125662241195,794,854,869,918,1055
7110.0,753.9393643693616,748,763,794,989,1042
7111.0,824.7698281246571,814,870,927,1008,940
7112.0,828.9567513632982,819,832,852,866,866
7113.0,957.5945944478165,949,930,951,980,981
7114.0,778.2257618469266,775,784,795,1035,863
7115.0,1360.7369321279868,1356,1254,1189,1060,1059
7201.0,930.5571284560598,938,693,697,1188,1048
7202.0,876.4835320448561,865,870,898,864,818
7203.0,13.515471118488449,0,0,0,0,0
7204.0,700.8286789314556,688,1066,1064,1068,1083
7205.0,951.4540919670561,941,921,930,868,850
7206.0,794.6278818027856,772,1005,1104,921,2250
7207.0,806.7718473289888,796,837,860,865,841
7301.0,1007.2281346247445,1025,1056,740,963,1000
7302.01,823.0057697434927,815,811,808,836,842
7302.02,1047.6048890013947,1065,888,685,1070,1103
7303.0,885.8263568336907,870,830,898,783,747
7304.0,1068.6529508871183,1064,892,887,928,986
7305.0,1150.9127951953994,1134,1117,1255,1211,1157
7306.0,1016.7649929912882,1019,889,748,756,772
7307.0,1268.0935065709025,1253,984,1086,925,834
7401.0,1024.5590021035785,986,993,1289,862,697
7402.0,13.515471118488449,0,0,0,0,0
7403.0,1561.6487424766356,1583,1629,1205,1213,1073
7404.0,1056.0599707034798,1059,1033,878,905,877
7501.0,677.0013759340098,663,661,749,795,795
7502.0,882.765462681997,871,914,918,832,815
7503.0,999.1293796480851,987,988,1026,966,962
7504.0,917.4322015679179,908,970,962,931,874
7505.0,1107.6607219276495,1101,1122,1106,1105,1000
7506.0,1176.3363608063341,1169,1095,1064,963,980
7608.01,1112.771055216124,1107,1095,1074,1082,1039
7608.02,1064.49771967116,1049,1125,1213,1155,1100
7608.03,993.9871090829756,983,1001,1026,984,945
7702.01,966.7058728220035,959,940,918,882,873
7702.02,1899.503503293312,1897,1826,1690,1388,1000
7703.0,1198.3393442034067,1190,1094,1101,1037,1042
7704.0,970.7786582657592,962,933,955,974,967
7705.0,837.4010838940468,829,791,785,779,838
7706.01,762.8425752823874,728,783,1517,2250,2250
7706.02,958.9285774742297,954,928,885,900,884
7707.0,854.0629368748379,847,852,829,843,804
7708.0,912.5632645749847,902,937,951,921,911
7709.01,1142.3304536710593,1142,1142,1032,1034,907
7709.02,955.2036247216604,946,939,946,927,849
8001.0,2143.9613160027084,2250,2250,963,1929,1950
8002.0,1233.765612929206,1215,1320,1575,1745,1705
8003.0,1622.0425878347492,1600,1148,1368,1095,1202
8004.0,1356.916392312173,1353,1340,1257,1146,1125
8005.0,1367.475253504206,1375,1481,1230,1188,1173
8006.0,3729.5386275449146,3750,2250,2250,2250,2250
8007.0,1801.6527682855842,1794,2250,2250,2250,2250
8008.0,1234.1523203853092,1223,1535,1588,1647,1619
8009.0,2329.9486888188158,2330,2250,2250,2250,1875
8010.0,2187.077414897025,2180,1847,1870,1618,1580
8011.0,1568.9691819806355,1591,1669,1449,1938,1800
8012.0,2038.9417805034068,2068,2250,1741,1783,1735
8013.0,964.9394009083331,951,1038,1132,1165,1151
8014.0,2092.573055925782,2081,2250,2250,1965,2250
8015.0,1639.184766268393,1635,1795,1729,1645,1508
8016.01,1895.287306439795,1889,2250,2250,2250,1921
8016.03,1046.1977098526115,1040,986,971,977,976
8016.05,1169.0541618112595,1163,1167,1171,1218,1214
8016.06,2680.293689505512,2675,2250,2250,1885,1885
8016.07,1288.8738346034884,1283,1254,1245,1236,1198
8016.08,2157.716329762139,2144,2250,2250,1857,1838
8017.01,3715.5769756152713,3750,2250,2000,1945,2250
8017.02,1997.030520674278,2000,1791,1804,1960,1864
8018.0,1950.2705658884404,1954,1971,1985,2250,2250
8019.01,1813.211283500376,1806,1818,1833,1740,1345
8019.02,1824.8905634856087,1856,1630,1080,1018,1030
8020.02,1882.4741591134293,1876,2250,2250,2250,2250
8020.03,1151.3625063482584,1143,1144,1147,1113,1606
8020.04,1079.7107236410095,1075,1064,1002,964,959
8021.0,947.5627630556195,920,942,965,345,932
8022.0,1191.193668447628,1184,1187,1200,1222,1625
8023.0,1876.122269755571,1873,1932,1884,1799,1840
8024.02,961.1266951631932,953,937,919,879,870
8024.03,1275.7273060621349,1278,1297,1179,1235,1210
8024.04,1219.0652896603876,1215,1156,1117,1110,1139
8025.03,1203.0601582083366,1198,1156,1125,1109,1128
8025.04,1447.7542807343334,1454,1602,1364,1303,1386
8025.05,973.036131974413,965,954,954,956,951
8025.06,1015.9627271321403,1008,988,971,927,932
8026.05,1403.8977473693826,1400,1408,1360,1324,1322
8026.07,1857.3486722413993,1855,1750,1750,1750,1750
8026.08,1007.427894835811,975,1230,1601,1636,1609
8026.09,1037.7102793616373,1033,982,967,1028,954
8026.1,1273.8433645451223,1269,1134,1120,1106,1093
8027.01,1022.5762482250905,1020,970,867,813,879
8027.02,519.4464159562647,508,575,575,570,556
8028.01,950.180753550479,942,959,933,886,868
8028.02,1318.0683081412524,1313,1293,1221,1099,1168
8029.0,1906.8630606679428,1905,1684,1709,1735,1761
8030.05,807.3525205824599,798,785,778,750,708
8030.07,1181.9263854718556,1179,1145,1120,1199,1324
8030.08,1089.8044986408108,1079,1114,1159,1154,1046
8030.1,1145.5858147765384,1151,1160,1027,1183,1170
8030.12,1094.3575918176857,1089,1100,1067,1074,1046
8030.13,941.756474391572,941,950,855,917,890
8030.14,1038.1104810766956,1032,981,963,968,951
8030.15,962.7738621828795,954,878,895,890,850
8030.16,1334.847212417261,1332,1286,1220,1178,1168
8030.17,1173.8697996115056,1167,1159,1140,1103,1104
8031.0,1556.745522430746,1549,1375,1375,1222,1250
8032.0,1035.3190921766177,1042,1039,798,779,742
8033.0,1297.2877893689613,1292,1289,1254,1215,1168
8034.0,1173.675891872488,1174,1213,1082,1067,868
8035.0,1620.694020727906,1591,1323,1561,1116,1116
8036.03,1474.6452020337908,1485,1515,1446,1859,1464
8036.04,993.3676545622836,986,989,969,951,950
8036.05,1044.2209123207142,1035,1021,1024,976,910
8036.06,989.2568581540298,981,980,974,955,938
8036.07,1509.54004718691,1488,1446,1725,1750,1571
8036.08,1173.3582979828175,1165,1222,1233,1230,1179
8036.1,1131.5435011937063,1124,1145,1148,1153,1123
8036.11,1000.8869602410041,992,990,993,969,1082
8036.12,1042.7533221081276,1035,1009,1026,1057,1022
8037.01,1171.9180798722984,1168,1146,1112,1142,1139
8037.02,1198.2754287583273,1200,1319,1200,1281,1276
8038.0,1544.7352743049437,1554,1440,1211,1175,1136
8039.01,1008.3330703874183,998,1137,1156,1159,968
8039.02,1388.6252596233144,1390,1494,1351,1325,1622
8040.0,1315.4769899161895,1308,1384,1409,1446,1460
8041.02,13.515471118488449,0,0,0,0,0
8041.04,1806.2070894636554,1791,1773,1953,1933,1851
8041.05,1875.5136386232705,1844,1788,2250,2250,1909
8041.06,1504.5914094341117,1509,1404,1409,1727,1800
8041.08,1222.1693165558434,1217,1189,1164,1158,1133
8041.09,931.4271534947352,926,928,882,887,821
8042.01,1705.3187905021543,1723,1564,1330,1534,1577
8042.02,1426.9966160349647,1414,1375,1447,1335,1297
8043.05,1387.3363703214784,1375,1345,1438,1406,1322
8043.06,1436.1010756140727,1432,1622,1591,1636,1623
8043.08,1497.420891437002,1494,1401,1374,1351,1412
8043.09,851.9837612234371,875,1179,940,1633,1683
8043.1,1421.7846418713102,1408,1159,1224,1004,648
8043.11,1782.531300011797,1785,1625,1438,1194,1834
8044.03,1150.655766593376,1136,1080,1176,1107,1150
8044.04,1542.447272148845,1562,1138,815,838,695
8044.05,884.942972294704,877,930,917,931,987
8044.06,1222.5502780397762,1223,1173,1133,1285,2250
8045.05,1156.2463824762997,1148,1160,1155,1110,1077
8045.06,2112.829728654884,2116,1935,1841,1755,1772
8045.07,1566.6236447406259,1596,1532,1011,1053,989
8045.08,1403.4063689497555,1410,1141,978,972,983
8045.09,1521.2255707041222,1511,1548,1524,1304,1139
8045.1,952.396888438702,944,944,930,896,910
8045.11,959.8965808512152,952,956,950,951,939
8046.03,1139.4169667827948,1135,1138,1116,1169,1128
8046.06,1415.9555630156922,1420,1435,1404,1685,1843
8046.07,1131.022894173356,1130,1146,1057,1088,1033
8046.08,1552.8179920652092,1544,1371,1430,1370,1286
8046.09,1397.7324327903832,1394,1432,1407,1438,1404
8046.1,1374.3413056781808,1361,1323,1433,1403,1104
8046.11,1182.5378839002883,1176,1231,1188,1128,1177
8047.01,1098.9004802610423,1091,1012,1038,1056,1046
8047.05,1096.8291322270786,1089,1123,1127,1135,1130
8047.06,1099.739723243385,1094,1125,1068,1014,963
8047.09,998.7220417105975,993,1042,995,989,994
8047.1,1683.0217984845212,1684,1766,1610,1477,1435
8047.11,1289.4790732353215,1289,1196,1102,1076,996
8047.12,1512.5067912147963,1517,1397,1242,1205,1222
8047.13,1167.9435715352322,1161,1166,1169,1183,1172
8047.14,1523.2155194567545,1520,1579,1593,1710,1700
8047.15,913.7764768612808,904,872,924,984,944
8047.16,1028.4470683330983,1020,871,874,814,795
8048.03,1143.2141972176944,1131,1158,1196,1113,1106
8048.04,1337.9352103348338,1332,1325,1285,1203,1142
8048.05,1454.9593126773332,1447,1362,1411,1406,1482
8048.06,1212.4424819990525,1203,1283,1282,1214,1075
8048.07,1342.3804969774776,1338,1386,1436,1623,1450
8048.08,1702.6009419087975,1700,1750,1740,1788,971
8048.09,1465.978710782653,1450,1338,1544,1591,1591
8048.1,967.1171278800209,960,981,963,969,948
8049.01,1107.728725559091,1082,1114,1276,998,1042
8049.02,1005.6736523118857,1000,1002,957,941,973
8050.01,1057.5737185772336,1056,1089,933,817,829
8050.02,951.1128322316916,943,925,918,904,894
8051.05,1180.6044601188328,1174,1162,1129,1068,1031
8051.06,990.2029595342221,984,973,987,1081,972
8051.07,993.8793144411632,986,985,977,966,954
8051.08,1047.6944746277436,1041,1031,1021,1034,1014
8051.09,465.31405928625065,455,468,430,375,319
8051.1,1705.079798282194,1698,1714,1744,1711,1618
8051.11,971.4638830712395,962,953,975,976,938
8051.12,985.7051327091805,974,1099,1175,1255,1384
8052.01,1392.7025831766068,1431,2250,1400,1344,1344
8052.02,1169.0136258748698,1162,1174,1129,1037,991
8053.01,943.5837048826519,934,874,915,943,916
8053.02,1849.8428568682193,1838,1885,1932,1750,1625
8054.01,982.5432827570668,978,991,942,965,959
8054.02,1306.7738588692907,1299,1367,1353,1293,951
8055.01,1329.3455249841988,1325,1414,1370,1367,1506
8055.02,828.871043168959,818,806,806,736,640
8056.0,1323.6348230299086,1322,1600,1375,1130,1139
8057.01,1247.1944209799046,1245,1263,1201,1228,1250
8057.02,2069.6906784816547,2069,1829,1801,1714,1716
8058.01,1503.0167748569777,1486,1643,1947,2250,2250
8058.02,1307.9620267117305,1297,1275,1275,1105,1019
8059.01,1455.2848687916924,1460,1458,1313,1354,1176
8059.02,1135.0524659352604,1128,1001,998,960,944
8060.01,974.0282986607648,966,933,922,893,879
8060.02,1039.8707872068308,1034,984,974,1005,991
8060.03,1172.4955460374722,1164,1144,1144,1088,1024
8060.04,931.0465764628027,922,955,963,969,886
8061.02,840.4781229473034,830,866,883,877,889
8061.03,1013.3949031678249,1013,952,843,851,830
8061.04,936.5384231734027,922,910,1002,984,998
8062.01,1082.118384053191,1074,1065,1068,1053,1099
8062.02,1012.6184871335407,1013,966,913,1076,1187
8063.0,1305.7152825411563,1316,1237,1030,1136,1054
8064.0,1193.9864001563374,1180,1268,1292,1125,1113
8065.01,924.4122120469052,920,931,855,834,829
8065.02,1161.790733954109,1151,1072,1149,1165,920
8066.0,872.0550880759077,887,869,828,1567,1329
8067.0,1474.9734075504937,1438,1261,1375,458,471
8068.01,1187.8570135049124,1185,1232,1143,1108,1098
8068.02,1138.7414815341765,1129,1161,1171,1116,1139
8069.0,1308.3737678458808,1276,898,1342,1282,1309
8070.0,1099.604000448891,1093,1079,1060,1045,1069
8071.0,1383.909950020761,1389,1292,1125,1115,1029
8072.0,1217.7274232810648,1214,1285,1211,1180,1147
8073.0,1059.7462992849523,1053,999,999,1016,1003
8074.0,1159.8060264632043,1152,1162,1151,1107,1095
8075.0,1026.8134445636456,1026,1060,969,1029,1025
8076.0,1508.5159658518182,1549,1350,782,1081,1060
8077.0,1041.2496664989237,1041,1092,984,1029,1043
8078.0,1487.140028865603,1457,2250,2250,1625,1313
8079.0,2384.1581582765166,2385,2250,2250,2250,2250
8080.01,2333.8241589971494,2361,2250,1821,1823,1438
8080.02,1574.1759553092377,1564,1366,1510,1577,1502
8081.0,1017.7813998908109,1006,1113,1187,1248,1229
8082.0,1149.8723855623916,1138,1093,1105,953,930
8083.01,1515.1755519746255,1515,982,981,988,966
8083.02,989.7443585979307,984,928,901,907,891
8084.0,900.2571530457502,880,1371,1466,1418,1355
8085.0,3002.146110094308,3012,2250,2250,2250,1885
8086.0,1588.930139741244,1583,1219,1375,1563,1232
8087.02,1450.452320122491,1455,1707,1513,1521,1414
8088.0,1250.4349056813055,1238,1237,1323,1308,1190
8089.0,1203.9070856268895,1199,1096,1120,1211,1230
8090.0,2162.3921468586486,2160,2250,2250,2250,2250
8091.0,1258.094977052129,1251,1256,1284,1330,1263
8092.0,1091.9082742203896,1086,1086,1070,1092,1081
8093.0,1219.1711308643603,1217,1262,1181,1181,1073
8094.0,1496.2217007665668,1502,1515,1344,1362,1393
8095.0,1381.1000663446123,1378,1353,1309,1304,1205
8096.0,1415.232424795249,1417,1329,1194,1134,1005
8097.0,1131.1180230521375,1125,1157,1131,1126,1122
8098.0,998.2809311489968,991,981,971,973,975
8099.0,1598.660397004038,1595,1470,1404,1257,1264
8100.0,1191.6080018181972,1189,1141,1076,1072,1078
8101.0,1136.974702946187,1133,1119,1053,1020,986
8102.0,1112.758997858337,1104,1128,1127,1085,1097
8103.01,954.2528556025782,946,968,961,954,968
8103.02,1118.014983257938,1116,1195,1079,1038,978
8104.0,998.9984001112305,997,1139,1030,1048,1194
8105.01,1513.8479454705293,1505,1454,1413,1178,984
8105.02,886.168963771189,875,878,883,807,760
8106.0,957.7952925475391,949,971,963,934,938
8107.01,944.0723802510608,937,957,920,890,944
8107.02,908.5862494484845,898,870,888,847,846
8108.0,1023.2140839101966,1014,955,977,961,998
8109.0,969.8494787768096,964,943,895,866,840
8110.0,1148.913192117614,1149,952,854,834,870
8111.0,862.7062550278023,854,873,856,828,830
8112.0,1055.8238698176483,1049,977,970,964,949
8113.01,852.178388614384,853,750,640,707,717
8113.02,850.1593659429595,838,840,866,808,786
8114.01,757.2583066771675,748,813,793,774,777
8114.02,985.3813948008043,982,944,883,904,821
8115.0,932.3111956228216,935,933,819,959,982
8116.0,858.9712444672368,854,840,798,837,813
8117.01,736.1335508517291,728,709,692,697,744
8117.02,804.0043091658173,796,808,796,813,820
8118.0,1794.7348917862253,1780,1750,1879,1762,1805
8119.0,1366.9044422800814,1355,1369,1351,1108,985
8120.0,1171.3969147235998,1176,1193,995,977,882
8121.0,1226.6833906196707,1221,1170,1141,1100,1122
8122.0,953.6946985684153,946,912,909,913,835
8123.01,1507.113409910907,1502,1433,1411,1345,1274
8123.02,1271.9991945671054,1262,1143,1216,1217,940
8124.0,1499.8401354505663,1506,1386,1225,1236,1542
8125.0,918.84144873202,911,896,895,911,919
8126.0,996.159732592262,987,989,974,903,891
8127.0,1095.7296698611917,1079,1125,1263,1256,1254
8128.01,935.1875444349348,925,837,870,852,836
8128.02,955.0166763432704,946,967,977,980,1029
8129.0,1218.4330648235564,1205,1163,1268,1253,1101
8130.0,1144.3775928164875,1140,1028,974,921,955
8131.0,1082.3968286766467,1076,956,945,925,814
8132.0,1077.8872110579553,1073,1077,1041,1059,1053
8133.01,790.0877366177141,780,751,777,794,762
8133.02,882.2138210321854,875,880,846,825,817
8134.0,938.5600823009935,928,889,914,880,803
8135.0,900.1951738515581,890,874,881,835,867
8136.0,832.5563177317102,827,875,833,876,883
8137.01,933.2018274180587,923,880,913,909,860
8137.02,909.3821521541485,903,917,889,908,826
8138.01,905.1071232824511,896,875,883,875,901
8138.02,745.8727671711712,737,730,724,729,694
8139.0,869.1241009395279,861,853,827,790,764
8140.0,755.5833795810548,749,879,829,859,837
8141.0,812.8319355014686,801,773,812,792,747
8142.0,814.0959186882549,805,798,793,779,783
8143.0,908.5699047836355,902,848,829,840,828
8144.0,885.1539588999045,881,927,822,765,788
8145.0,968.6841585048343,967,1032,949,1017,985
8146.0,873.5579122833556,868,904,841,826,800
8147.0,1016.795284193336,1010,1006,979,959,955
8148.0,886.2864253455662,878,892,882,878,888
8149.0,968.6484765873483,961,912,909,907,878
8150.0,947.7842340812565,939,937,940,930,955
8151.0,964.4200313878154,956,889,886,852,848
8152.0,872.3226727582585,860,872,928,929,843
8153.0,871.4845740080082,874,950,865,1099,749
8154.0,861.4328371754865,855,853,807,789,797
8155.0,1094.029666080554,1084,1097,1124,1099,1146
8156.0,881.0276819296015,869,876,886,793,843
8157.01,1101.323485751715,1096,942,959,1024,994
8157.02,904.6834608825793,899,880,841,851,870
8158.0,1005.7659570520196,989,1111,1218,1183,995
8159.0,933.9546616379431,927,904,889,900,868
8160.0,1063.0511341849308,1056,1035,1015,987,925
8161.0,945.5864249309133,935,927,965,967,979
8162.0,909.5065559013108,902,897,872,852,772
8163.0,968.6182735602383,958,941,951,883,860
8164.01,928.1772856340491,924,894,865,942,920
8164.02,848.3846228041473,841,913,886,902,917
8165.0,780.5010681333288,770,761,779,772,738
8166.0,1016.9892921033385,1011,944,914,896,845
8167.0,752.5296668580748,744,825,812,840,782
8168.0,959.7931116203063,955,1041,959,928,892
8169.0,1175.4204728755549,1161,1228,1223,974,1058
8170.0,1065.959159878397,1054,979,1072,1102,1029
8171.01,979.8698211124572,975,951,910,928,924
8171.02,1069.5130280339765,1059,974,1016,981,943
8172.0,930.0607500497514,925,908,871,903,927
8173.0,1055.3617240856752,1057,970,900,1049,1049
8174.0,958.4400175217645,954,929,898,957,1028
8175.0,746.8082363967459,740,719,687,703,697
8176.0,849.4767333606758,845,888,820,839,864
8177.0,1395.7064029571006,1402,1341,1283,1564,1608
8179.0,881.0591739873897,874,824,803,799,789
8180.0,884.3232920127358,876,919,898,878,894
8181.0,1187.2503177041467,1208,950,906,1706,1706
8182.0,1173.930364672053,1168,1161,1140,1132,1148
8183.0,962.6993309117046,952,857,888,840,831
8184.01,977.0976364746786,973,927,912,1008,954
8184.02,1133.1012339794468,1127,1141,1208,1402,1287
8185.0,2275.209987413764,2279,1936,1886,1836,1500
8186.0,919.2450229339121,913,933,896,900,917
8187.0,1033.0603366069317,1026,1038,953,798,871
8188.0,965.2652870853753,952,965,1102,1230,1306
8189.0,1047.593561153391,1041,1045,1015,992,990
8190.0,2284.6098598178296,2284,2250,2250,2250,1888
8191.0,906.3144982915635,900,914,876,876,830
8192.0,1056.4914614353368,1048,1079,1090,1097,1104
8193.0,807.0739464271226,797,856,863,863,874
8194.0,1004.7988346637394,1000,974,933,948,954
8195.0,1073.6368678245199,1066,1018,1014,990,960
8196.0,1494.5928892961106,1482,1587,1527,1171,1250
8197.0,1981.9233955607763,1986,1810,1650,1478,2250
8198.01,1670.2999947891033,1680,1653,1469,1550,1359
8198.02,2251.0985514257954,2250,2250,2250,2250,2250
8199.0,1553.2748354975722,1542,2250,2250,2250,2250
8200.0,1903.3204669746963,1905,1897,1865,1958,1810
8201.01,1529.3997090051732,1543,1594,1181,948,883
8201.03,1013.062307127634,1007,998,961,944,960
8201.04,953.398028839898,944,959,969,957,961
8202.01,1569.4616137408618,1560,1375,1498,1549,952
8202.02,868.9134251101336,861,851,846,862,823
8203.0,830.1678738471317,825,838,780,791,844
8204.0,828.5587916029876,819,873,868,854,886
8205.01,804.2028034359342,794,823,837,839,882
8205.02,952.2990894705395,941,898,938,907,927
8206.03,965.3156314671329,952,999,1066,1049,1066
8206.04,888.9059069700011,884,880,830,851,829
8206.05,905.6682860933722,899,895,867,871,890
8206.06,1100.698649439283,1102,1031,894,880,895
8207.0,850.7003881553691,841,798,827,848,830
8208.0,801.0045204511732,802,872,876,1264,914
8209.01,978.8878509707616,971,975,966,957,919
8209.02,1177.8454816518095,1160,1128,1250,1128,1064
8210.01,895.5668392823269,889,938,894,885,893
8210.02,1346.5199779740442,1345,1127,1134,1243,1148
8211.01,967.7710635764535,955,946,977,882,1104
8211.02,1285.4921940447866,1287,1057,964,968,994
8212.0,739.4123293885419,730,763,758,760,770
8213.0,832.2652563123453,823,821,846,890,824
8214.01,837.3787822211502,826,933,919,836,861
8214.02,875.3081878427543,865,889,914,921,920
8215.0,1049.3097686959804,1043,1180,1138,1140,1156
8216.0,919.6773080027427,914,967,969,1089,1088
8217.0,945.3418658050908,931,918,945,789,728
8218.0,964.7147437369028,960,901,888,965,998
8219.0,1148.0947539388903,1147,762,762,857,1038
8220.0,453.52806621698136,443,467,438,401,410
8221.01,872.8620246734434,865,872,850,835,834
8221.02,866.4739867546273,854,873,934,944,874
8222.0,1396.5370778376994,1391,1163,1152,1067,1044
8223.01,1158.4331032304456,1154,1168,1125,1131,979
8223.02,1100.4447352971026,1093,1086,1075,1050,1024
8224.0,973.8935956124915,968,1017,976,982,1044
8225.0,1281.9631651262816,1288,920,918,1239,981
8226.01,1010.6116844658848,1022,1017,680,620,640
8226.02,1121.8590018160933,1116,1090,1030,943,896
8227.01,1030.5994496164394,1021,1002,981,868,865
8227.02,876.034219867788,866,864,862,811,823
8228.01,925.8749348462644,917,886,884,855,857
8228.02,1198.4264217338489,1195,1132,1026,897,881
8229.0,986.0555690295473,976,967,932,784,786
8230.01,881.1662193423614,873,855,844,833,812
8230.02,944.3622450624026,936,908,899,870,902
8231.01,950.9844716016559,943,929,923,917,841
8231.02,905.2102682429014,895,898,933,953,933
8232.0,898.8690818242583,890,962,956,956,979
8233.02,921.2165147436008,913,923,901,865,818
8233.03,984.4168700759157,977,957,938,915,833
8233.04,873.5761390256182,865,873,861,843,814
8234.0,808.6388011272227,799,812,816,810,824
8235.0,966.9961512328091,961,947,891,842,846
8236.02,854.4158844453442,844,848,883,906,904
8236.03,850.4849121390055,828,950,1108,1014,956
8236.04,1811.6462240799283,1813,1806,1750,1797,1845
8236.05,881.1713178685573,870,897,915,876,821
8237.02,959.8930070315414,956,964,896,903,889
8237.03,1010.6082736481095,1002,981,959,882,848
8237.04,1812.5275647226044,1806,1806,1854,1854,1854
8237.05,941.33909298538,933,954,931,888,876
8238.01,1805.3800010512853,1802,1853,1829,1799,1730
8238.03,1455.8157740513354,1451,1383,1377,1367,1251
8238.05,1385.2747779665128,1420,1392,739,726,735
8238.06,834.1977121268262,825,807,822,841,843
8239.01,2004.6918720726094,2000,2250,2250,2250,2250
8239.03,2251.0985514257954,2250,2250,2250,2250,2250
8239.04,1772.5551851852254,1768,1707,1734,1746,1724
8240.03,1130.840001414122,1135,1035,849,813,785
8240.04,685.8513713859948,679,608,643,801,809
8240.05,888.5802355987053,879,1148,1113,1088,1109
8240.06,1266.5424879065174,1260,1296,1286,1276,1266
8241.05,1084.885578986455,1088,1031,867,865,899
8241.06,981.7604777984084,972,967,985,966,958
8241.07,2058.018804637229,2119,2250,1192,1132,1072
8241.08,1067.0752007670226,1060,1061,1080,1143,1082
8241.13,2251.0985514257954,2250,2250,2250,2250,2250
8241.14,1695.432775698444,1639,1375,2250,2250,1810
8241.15,1066.3080157496595,1058,1063,1067,1055,1017
8241.16,1008.3205407296757,1000,990,988,969,890
8241.17,2251.0985514257954,2250,2250,2250,2250,2250
8241.19,13.515471118488449,0,0,0,0,0
8241.2,1916.031806727048,1911,1675,1625,1368,1317
8241.21,1394.433924069068,1389,1342,1342,1342,1342
8241.22,958.1250609901809,925,1193,1538,1505,1632
8241.23,1012.4107923926882,1007,1034,980,960,944
8243.0,828.5813089054145,813,743,819,732,682
8244.0,849.9881647120567,845,840,788,809,857
8245.03,909.615513891261,890,875,1005,896,956
8245.05,978.1676744611923,969,985,987,961,941
8245.06,1108.9249695762373,1101,1057,1057,1026,981
8245.07,1044.3891338191959,1043,1041,945,959,942
8246.01,1277.910166997966,1281,996,999,1254,1135
8246.02,954.364745863924,949,959,927,963,895
8247.01,828.5079751692301,823,891,830,840,821
8247.02,939.4434852490924,932,943,911,877,866
8248.0,878.9619552835113,876,1022,899,877,783
8249.0,1007.0898162309254,1017,769,783,1367,1271
8250.0,766.1144546527688,756,731,757,779,818
8252.0,1454.2186131320968,1475,1457,1417,2250,2250
8253.02,1069.1622972123448,1063,1004,983,971,976
8253.03,1038.78684684844,1029,1016,1042,1026,970
8253.04,980.161256344341,971,948,952,918,876
8254.0,981.8652606904855,974,976,959,932,903
8255.01,1654.8408550941128,1641,1632,1779,1767,1775
8255.03,1670.554173120083,1668,1396,1452,1552,1415
8255.04,1125.3348505280187,1123,1054,984,985,1020
8255.05,1290.1812517435594,1284,1262,1318,1443,1307
8256.0,1028.9599946218075,1017,1083,1194,1315,1279
8257.0,913.6790453380294,908,933,893,913,956
8258.01,954.8475770878847,943,934,1000,1017,933
8258.02,1035.846486518449,1030,976,959,975,1010
8258.03,884.3680403161216,878,869,825,807,791
8259.0,918.5389535165671,911,909,904,926,902
8260.0,852.1814080201999,844,867,851,847,802
8261.0,1099.9111266668924,1090,1017,1074,1091,911
8262.01,746.9490031719673,739,715,709,741,771
8262.02,1317.6801093057152,1315,1297,1246,1255,1154
8263.01,989.827765852204,978,1061,1078,1010,875
8263.03,1269.409015797827,1279,1336,1198,1481,1804
8263.04,975.1615276068387,967,963,941,892,890
8264.01,1194.2018871703874,1180,1168,1192,986,951
8264.02,1256.0753401160334,1250,1241,1224,1203,1316
8265.0,1153.821450675243,1158,1282,1109,1168,1183
8266.0,868.9123679272589,860,892,877,849,859
8267.0,765.545886175509,747,781,920,912,904
8268.0,885.9204855507313,880,851,801,779,763
8269.01,862.2026233691231,843,696,950,1096,955
8269.02,637.6244877228269,625,655,767,932,1022
8270.0,1020.0575704299883,1011,855,939,1035,1034
8271.0,789.0036014535436,779,801,811,812,874
8272.0,961.9863689771844,953,894,911,904,987
8273.0,627.4093187827151,615,716,738,737,724
8274.0,907.9780976220007,898,974,971,938,1010
8275.0,885.542656247265,875,928,974,1026,934
8276.0,1529.0707837815664,1533,1523,1366,1336,1222
8277.0,1224.4230459752305,1224,1273,1198,1273,1346
8278.01,1402.4739477334222,1389,2250,2250,2250,1925
8278.02,1390.7441790934397,1400,2250,2000,2250,2250
8278.04,1472.2765432837348,1470,1438,1389,1382,1244
8278.05,1721.1486534913506,1717,1721,1724,1728,1731
8279.01,2237.8085670452656,2224,2250,2250,1813,1347
8279.02,1065.3590319708605,1057,997,1001,967,1019
8280.0,930.9172457880582,925,1016,941,893,920
8281.0,1075.2839632240007,1075,1147,995,942,936
8282.01,996.5653542029017,990,933,924,939,939
8282.02,851.728838591489,843,803,812,824,800
8283.0,740.3599347863567,734,720,717,816,821
8284.01,1108.9656591672629,1107,1124,1043,1063,1030
8284.02,928.9115460499772,919,919,924,883,871
8285.03,988.9114073159518,977,1010,1115,1222,1267
8285.04,1166.3480228751553,1167,1177,1097,1198,1256
8285.05,962.4204945530523,954,982,963,924,851
8285.06,973.5115468499522,963,995,989,904,879
8286.01,1342.703936535248,1348,1416,1289,1434,1221
8286.02,1645.9031044327,1686,1220,1097,2250,1398
8287.01,868.5699149713788,855,895,938,876,900
8287.02,983.277173448296,977,977,985,1068,969
8288.01,1582.0031100958474,1619,1568,888,850,879
8288.02,969.5010506668508,966,1029,950,962,966
8289.0,798.8212211609048,791,783,765,770,725
8290.0,732.6282656796255,728,775,683,668,738
8291.0,716.0104828274046,708,722,717,767,746
8292.0,890.411979002417,885,902,890,983,1031
8293.01,1123.081105636128,1110,1238,1321,1342,1224
8293.02,931.0171437847629,920,880,940,968,950
8294.01,1178.922781014257,1175,1099,1022,939,929
8294.02,745.9427093257772,740,741,686,689,682
8295.0,717.0361057373692,706,723,808,950,750
8296.0,840.5194878546725,829,822,850,818,874
8297.0,842.0745707108953,837,820,850,1046,971
8298.0,1433.9198735594382,1432,1220,1173,1134,1125
8299.01,1462.7670014967298,1437,1623,1873,1766,1961
8299.02,1334.3753167155994,1345,1432,1132,1092,1165
8300.01,783.0187219922191,773,795,827,877,695
8300.03,1309.8969687975773,1306,1327,1327,1419,1407
8300.04,997.1905144583646,986,1071,1110,1112,1159
8300.05,1829.250316373141,1822,2250,2250,2250,2250
8300.06,1014.1286453885796,1014,1009,901,938,922
8300.07,937.8769295347508,932,893,867,886,908
8300.08,2051.054687556572,2065,2250,1841,1569,1736
8301.0,1729.4258877824293,1721,1724,1720,1556,1239
8302.01,1055.8254815487867,1049,1067,1044,1031,981
8302.02,1563.3891839367684,1527,1782,2250,2250,2250
8303.0,913.2754401593403,908,911,869,892,845
8304.0,1376.4499773892978,1370,1373,1376,1366,1373
8305.0,810.1362895427897,800,875,896,929,918
8306.0,875.128356240465,864,892,915,890,893
8307.0,665.1247928142532,656,646,620,587,594
8308.0,1017.4586800455523,1013,1021,964,964,912
8309.0,1247.9211930197976,1241,1174,1159,1096,1021
8310.0,1711.4904951444703,1726,1755,1420,1348,1375
8311.0,965.0021165632363,957,904,901,886,881
8312.0,902.2984628553467,893,888,912,938,889
8313.0,782.0844143890776,777,765,765,908,900
8314.0,906.0676447891608,902,793,767,834,742
8315.0,986.0002127056777,978,978,967,947,923
8316.0,894.3983239607029,886,859,856,849,804
8317.0,984.4569119611868,980,986,980,1098,1009
8318.0,981.8005367929393,977,947,895,889,863
8319.0,1481.5052735197846,1480,1460,1370,1302,1323
8320.0,1535.278014776974,1524,1429,1507,1430,1375
8321.0,983.9186147782578,977,948,945,972,945
8322.0,1354.5077217527346,1349,1235,1229,1200,1145
8323.0,1498.9825625502738,1494,1386,1344,1228,1169
8324.0,1277.5613676245318,1269,1271,1296,1279,1194
8325.0,1167.6105984298656,1160,1111,1131,1142,1140
8326.0,1928.0824017789841,1928,1784,1770,1793,1806
8329.0,1528.0659409770835,1535,1512,1340,1379,1294
8330.0,1908.030333826976,1919,1800,1614,1660,1551
8331.0,1785.0151646237493,1785,1706,1648,1625,1613
8333.0,1391.3908046080483,1392,1348,1245,1233,1190
8339.0,770.3193999805279,764,734,703,731,747
8340.0,970.5885627212789,963,969,956,951,885
8342.0,851.1423948370837,842,866,887,931,922
8343.0,766.598579750919,744,900,1093,1099,905
8344.0,971.1671393509247,965,936,913,925,907
8345.0,942.0079817980077,928,912,982,932,933
8346.0,925.6189504614998,913,960,970,860,931
8347.0,904.4183251650326,897,944,927,945,980
8348.0,710.4439596032107,694,783,846,773,756
8349.0,716.5961212471498,710,619,600,636,639
8350.0,819.7691385685256,809,831,851,841,803
8351.0,864.1108325101311,858,905,853,848,824
8352.0,767.5912270187835,767,826,703,759,821
8355.0,413.4532521919172,407,443,383,433,316
8356.0,699.7503376565833,686,796,841,832,867
8357.0,836.330772929886,831,775,725,725,725
8358.0,1022.1972127146372,1012,918,932,853,669
8359.0,767.3635635378131,758,764,750,720,630
8360.0,1056.3892953510435,1049,1095,1078,1067,1050
8361.0,648.5097176224731,636,713,741,738,756
8362.0,993.9421820113299,993,971,954,1161,983
8363.0,1031.9483019411864,1023,951,960,919,846
8364.0,410.31307366404417,397,363,419,461,528
8365.0,733.3212294667845,725,714,725,788,768
8366.0,864.0216569670631,856,899,875,863,902
8367.0,848.2913063680586,837,889,932,958,940
8368.0,781.8364302410386,770,670,778,893,742
8369.0,843.8031227147776,832,873,914,915,887
8370.0,680.4075750383316,661,871,947,842,843
8371.0,914.7833650644251,904,746,804,802,655
8373.0,1050.3239855339968,1040,1075,1147,1226,1233
8374.0,924.3720976258404,916,953,914,843,847
8378.0,1049.6639881769709,1043,961,895,763,747
8380.0,459.1047142274744,440,429,512,407,536
8381.0,543.2994600921887,531,543,563,550,745
8382.0,917.7972022276381,910,925,908,900,860
8383.0,1107.8473911283154,1097,1141,1177,1150,1112
8386.0,805.1829063590676,771,544,988,1010,444
8387.0,898.084512701096,893,920,892,963,1004
8388.0,414.28740394263946,405,416,446,586,606
8390.0,1854.9944134726775,1855,1714,1658,1607,1424
8391.0,1733.5803980565272,1734,1702,1593,1498,1478
8392.0,942.0808280347352,934,964,927,865,888
8395.0,303.0440925522307,289,265,294,275,252
8396.0,746.2563652248205,739,759,716,705,711
8397.0,909.2491674891563,903,895,873,903,839
8398.0,881.1244523659966,873,856,841,823,841
8399.0,877.6321033704021,873,912,825,790,811
8400.0,890.6696785173606,883,876,915,1033,948
8401.0,757.9107752172482,745,746,801,798,785
8402.0,964.4841538936122,958,965,960,1013,999
8403.0,886.4029424080904,877,954,947,930,890
8404.0,874.7510579629374,865,841,913,1028,1002
8407.0,739.1871443979277,729,752,754,741,754
8408.0,710.7698937314589,700,702,727,743,836
8410.0,883.8979711058873,881,828,746,753,477
8411.0,774.1479750645593,769,783,705,684,712
8412.0,837.6539641277216,831,804,768,761,727
8413.0,783.1894574961282,775,747,735,737,738
8414.0,1016.9769338630119,1009,1088,1044,971,967
8415.0,933.8067634842484,926,866,854,830,832
8416.0,1126.8180869822722,1115,1013,1108,1127,1158
8417.0,627.1902597673906,619,523,475,407,425
8418.0,932.0004608229103,926,899,850,819,922
8419.0,1819.1802525393132,1812,1784,1787,1655,1674
8420.0,1884.7697327936842,1922,1450,876,888,1165
8421.0,828.515339919158,818,882,905,922,911
8422.0,1710.681730120134,1723,1214,1004,961,862
8423.0,1744.092208897833,1739,1518,1462,1228,1153
8424.0,938.3154511934598,928,860,867,793,792
8425.0,357.8482214280944,340,285,402,422,399
8426.0,984.1996169085763,977,963,931,889,884
8428.0,870.3857154059076,863,845,836,859,820
8429.0,566.0788544988364,557,519,492,469,412
8430.0,824.3471425908564,818,870,828,846,862
8431.0,934.4847856180326,927,1009,968,936,879
8432.0,860.3852544914587,849,847,883,871,861
8433.0,914.2361841955249,904,950,991,1035,1029
8434.0,784.7463872728982,775,795,844,940,907
8435.0,695.5788989892299,689,723,659,640,628
8436.0,936.6970930880608,930,888,860,845,846
8437.0,1198.6748398087457,1201,1161,1046,1107,1070
8438.0,1091.5262128442632,1087,1073,1040,1069,1047
8439.0,962.8315031395935,961,970,880,911,861
9800.0,13.515471118488449,0,0,0,0,0
9801.0,13.515471118488449,0,0,0,0,0
9900.0,13.515471118488449,0,0,0,0,0
