tract,percent_poverty_2016,percent_poverty_2015,percent_poverty_2014,percent_poverty_2013,percent_poverty_2012
101.0,0.2806576843240759,0.287,0.297,0.297,0.319
102.01,0.323958611777887,0.33299999999999996,0.32799999999999996,0.331,0.345
102.02,0.289522691887808,0.29600000000000004,0.306,0.292,0.267
103.0,0.19859351168722977,0.19899999999999998,0.268,0.254,0.22399999999999998
104.0,0.1789507855626066,0.18100000000000002,0.172,0.204,0.21
105.01,0.21011771226589984,0.213,0.213,0.218,0.22699999999999998
105.02,0.38049178659800487,0.392,0.42700000000000005,0.44,0.45899999999999996
105.03,0.3720895571405275,0.38299999999999995,0.39399999999999996,0.381,0.365
106.0,0.17400065317317157,0.177,0.156,0.228,0.17600000000000002
107.01,0.1511500065877245,0.149,0.14400000000000002,0.068,0.083
107.02,0.3660926073847579,0.376,0.381,0.335,0.32899999999999996
201.0,0.19756105610030142,0.203,0.184,0.306,0.192
202.0,0.1659188160187351,0.166,0.156,0.135,0.233
203.01,0.11197454184555598,0.11,0.073,0.064,0.053
203.02,0.16821951447721353,0.171,0.107,0.147,0.11900000000000001
204.0,0.1848554723834059,0.187,0.124,0.102,0.109
205.0,0.2763288332793694,0.28300000000000003,0.24,0.21899999999999997,0.183
206.01,0.21358360863801254,0.217,0.207,0.218,0.266
206.02,0.30250723883535957,0.311,0.263,0.255,0.23
207.01,0.13840320770000067,0.13699999999999998,0.20800000000000002,0.254,0.225
207.02,0.19543185661594334,0.198,0.183,0.195,0.151
208.01,0.21151496547106405,0.217,0.175,0.249,0.243
208.02,0.2825088757274107,0.29100000000000004,0.261,0.312,0.298
209.01,0.27542043981905384,0.282,0.276,0.284,0.24600000000000002
209.02,0.2598524351175695,0.267,0.182,0.182,0.16
301.01,0.20839645037207657,0.21,0.24100000000000002,0.223,0.239
301.02,0.14583227560726617,0.145,0.175,0.19399999999999998,0.237
301.03,0.19299855381620223,0.195,0.21600000000000003,0.24,0.332
301.04,0.3839473061212979,0.39799999999999996,0.33799999999999997,0.369,0.385
302.0,0.10792398538632222,0.105,0.10300000000000001,0.09300000000000001,0.11800000000000001
303.0,0.2433825332924914,0.248,0.23600000000000002,0.22899999999999998,0.248
304.0,0.2727174405934143,0.278,0.258,0.207,0.18100000000000002
305.0,0.1565843034525015,0.157,0.149,0.16399999999999998,0.14300000000000002
306.01,0.21400981024259919,0.214,0.312,0.271,0.268
306.03,0.34569744234757815,0.355,0.331,0.281,0.267
306.04,0.2181537339608642,0.222,0.174,0.161,0.15
307.01,0.30232493852252695,0.31,0.237,0.175,0.29
307.02,0.08290996298655764,0.078,0.085,0.055999999999999994,0.05
307.03,0.1384315061134985,0.13699999999999998,0.177,0.196,0.2
307.06,0.2126358177320526,0.218,0.12,0.14,0.128
308.0,0.07944504173526659,0.075,0.128,0.16399999999999998,0.14400000000000002
309.0,0.038740076147232724,0.032,0.04,0.034,0.039
310.0,0.06278475850175609,0.057999999999999996,0.08,0.113,0.078
311.0,0.09010605708181785,0.086,0.1,0.094,0.102
312.0,0.34067906040586904,0.349,0.436,0.449,0.386
313.0,0.23136261993168952,0.23600000000000002,0.22,0.237,0.276
314.0,0.08479539850918301,0.081,0.086,0.09699999999999999,0.11599999999999999
315.01,0.48780189894070225,0.507,0.45,0.466,0.46799999999999997
315.02,0.3158616323090122,0.325,0.325,0.354,0.387
317.0,0.32683593398382627,0.33799999999999997,0.29100000000000004,0.34,0.259
318.0,0.15986607300439368,0.158,0.215,0.183,0.165
319.0,0.16116504737268278,0.162,0.13699999999999998,0.145,0.14800000000000002
321.0,0.18067622566196195,0.182,0.193,0.20800000000000002,0.214
401.0,0.15791886495044918,0.158,0.134,0.11900000000000001,0.121
402.01,0.12617092811260766,0.12300000000000001,0.17800000000000002,0.165,0.147
402.02,0.23875279320609727,0.242,0.253,0.21899999999999997,0.19399999999999998
403.0,0.07535430663993435,0.071,0.081,0.094,0.073
404.01,0.09853579257335406,0.095,0.12,0.128,0.17300000000000001
404.02,0.08728107211224523,0.084,0.087,0.11199999999999999,0.09300000000000001
406.0,0.07905469138681818,0.075,0.08,0.09300000000000001,0.09699999999999999
407.0,0.09852932980358685,0.095,0.092,0.077,0.055
408.0,0.06437379513284791,0.059000000000000004,0.053,0.035,0.037000000000000005
409.0,0.05567738115196001,0.05,0.06,0.062,0.08900000000000001
501.0,0.0387136266190925,0.032,0.028999999999999998,0.015,0.016
502.0,0.034493673008590756,0.027999999999999997,0.033,0.044000000000000004,0.059000000000000004
503.0,0.1079078791400471,0.106,0.091,0.11199999999999999,0.09
505.0,0.0315353950813832,0.025,0.017,0.022000000000000002,0.011000000000000001
506.0,0.12153859457955934,0.11900000000000001,0.11,0.08,0.124
507.0,0.027023634085787826,0.021,0.006999999999999999,0.038,0.04
508.0,0.07462492024044008,0.071,0.043,0.055999999999999994,0.07400000000000001
509.0,0.07706134473979466,0.07200000000000001,0.083,0.064,0.111
510.0,0.07894502395114424,0.073,0.09300000000000001,0.040999999999999995,0.046
511.0,0.07687275320959261,0.073,0.055999999999999994,0.063,0.06
512.0,0.050785382530256246,0.044000000000000004,0.091,0.08900000000000001,0.095
513.0,0.03945414867989083,0.033,0.048,0.057999999999999996,0.06
514.0,0.10245950765573524,0.1,0.087,0.099,0.08900000000000001
601.0,0.08918448514447304,0.084,0.114,0.079,0.078
602.0,0.1818834175300977,0.183,0.187,0.185,0.159
603.0,0.03916234129479718,0.033,0.034,0.045,0.048
604.0,0.08151110264454581,0.076,0.10300000000000001,0.069,0.065
605.0,0.22996766247974526,0.233,0.265,0.259,0.188
608.0,0.0669243070219185,0.062,0.067,0.071,0.11199999999999999
609.0,0.07828666329196102,0.07400000000000001,0.07400000000000001,0.075,0.069
610.0,0.12924541763035333,0.127,0.14800000000000002,0.138,0.177
611.0,0.13851013251459232,0.13699999999999998,0.139,0.12300000000000001,0.124
612.0,0.12498008423925698,0.12300000000000001,0.134,0.136,0.134
615.0,0.07544381576483745,0.071,0.057999999999999996,0.048,0.051
618.0,0.1951639500682752,0.196,0.207,0.17,0.147
619.01,0.08338459893744327,0.079,0.113,0.127,0.129
619.02,0.11132452640845215,0.10800000000000001,0.124,0.105,0.12300000000000001
620.0,0.09072468597276497,0.087,0.091,0.091,0.084
621.0,0.12846491086382406,0.127,0.135,0.14800000000000002,0.20600000000000002
622.0,0.10313183917138666,0.1,0.11,0.11199999999999999,0.084
623.0,0.049055269539364,0.042,0.11699999999999999,0.131,0.114
624.0,0.030928705420163977,0.024,0.017,0.008,0.048
625.0,0.0795089049004533,0.07400000000000001,0.10400000000000001,0.077,0.076
626.0,0.03272489594436589,0.027000000000000003,0.035,0.084,0.083
627.0,0.1578677445834142,0.158,0.159,0.16699999999999998,0.133
628.0,0.0742283122415769,0.07,0.078,0.09699999999999999,0.10800000000000001
629.0,0.10961333248102945,0.107,0.129,0.14800000000000002,0.152
630.0,0.1337700817875134,0.133,0.158,0.20199999999999999,0.21100000000000002
631.0,0.07544480207464396,0.071,0.12300000000000001,0.16699999999999998,0.151
632.0,0.14577910123552115,0.146,0.131,0.156,0.125
633.01,0.2157079636784359,0.21899999999999997,0.228,0.245,0.205
633.02,0.09006350130740245,0.087,0.077,0.094,0.075
633.03,0.05361423682294189,0.048,0.047,0.047,0.062
634.0,0.15123757425318818,0.151,0.196,0.24,0.204
701.01,0.12348189974343624,0.12,0.16399999999999998,0.135,0.147
701.02,0.11801431150222061,0.11599999999999999,0.10300000000000001,0.099,0.10800000000000001
701.03,0.13508102895248494,0.134,0.155,0.18,0.131
702.0,0.12282512384313093,0.121,0.109,0.10300000000000001,0.079
703.0,0.17630767641597395,0.177,0.192,0.19399999999999998,0.17800000000000002
704.0,0.11966244583288044,0.11699999999999999,0.132,0.121,0.13
705.0,0.0537711553025378,0.048,0.066,0.075,0.062
706.0,0.04639479252118523,0.04,0.038,0.021,0.034
707.0,0.1407771486736941,0.14,0.125,0.12,0.126
710.0,0.15304731114396564,0.152,0.225,0.255,0.257
711.0,0.11061195724957501,0.10800000000000001,0.141,0.16699999999999998,0.172
712.0,0.1560880959843649,0.156,0.174,0.191,0.192
713.0,0.0634804290349191,0.059000000000000004,0.069,0.10300000000000001,0.10300000000000001
714.0,0.15780370986582964,0.157,0.156,0.124,0.10400000000000001
715.0,0.05887014745393869,0.053,0.081,0.083,0.08199999999999999
716.0,0.09989237245641504,0.09699999999999999,0.10099999999999999,0.115,0.065
717.0,0.07896986634243681,0.075,0.084,0.10400000000000001,0.09
718.0,0.055838719585597975,0.05,0.066,0.066,0.064
801.0,0.0644692387745589,0.059000000000000004,0.07,0.062,0.084
802.01,0.05981224559160071,0.054000000000000006,0.066,0.055,0.063
802.02,0.06833873416826133,0.064,0.045,0.05,0.047
803.0,0.1205889771662115,0.11800000000000001,0.121,0.10099999999999999,0.121
804.0,0.4971457094718672,0.516,0.508,0.53,0.507
810.0,0.22817764822086115,0.23199999999999998,0.225,0.223,0.24600000000000002
811.0,0.17842396154978252,0.18100000000000002,0.165,0.214,0.225
812.01,0.08425770296153452,0.08,0.092,0.091,0.11199999999999999
812.02,0.03069679930306218,0.023,0.069,0.073,0.071
813.0,0.09033690669300103,0.087,0.07200000000000001,0.073,0.07400000000000001
814.01,0.12045328469228993,0.11900000000000001,0.11599999999999999,0.138,0.091
814.02,0.08294338115945468,0.08,0.055999999999999994,0.08199999999999999,0.069
814.03,0.054286568338593306,0.048,0.07,0.06,0.059000000000000004
815.0,0.08288582040062221,0.078,0.109,0.10099999999999999,0.078
816.0,0.14162222959975204,0.14,0.157,0.142,0.14
817.0,0.06336605514075372,0.059000000000000004,0.045,0.064,0.061
818.0,0.06409676217264627,0.059000000000000004,0.053,0.047,0.054000000000000006
819.0,0.17426956840861593,0.177,0.253,0.39399999999999996,0.29
901.0,0.02790789614915287,0.021,0.023,0.028999999999999998,0.042
902.0,0.02220946948573893,0.015,0.018000000000000002,0.025,0.022000000000000002
903.0,0.04610529207829639,0.04,0.059000000000000004,0.07200000000000001,0.04
1001.0,0.08342456126520446,0.08,0.051,0.052000000000000005,0.057999999999999996
1002.0,0.05313411322311074,0.048,0.027999999999999997,0.033,0.022000000000000002
1003.0,0.0970228112746716,0.094,0.08,0.08,0.07
1004.0,0.050269694178736224,0.045,0.065,0.10400000000000001,0.077
1005.0,0.012046257555187052,0.004,0.013000000000000001,0.013000000000000001,0.011000000000000001
1006.0,0.06812397961436845,0.063,0.057,0.040999999999999995,0.036000000000000004
1007.0,0.10519552294234893,0.10099999999999999,0.139,0.11599999999999999,0.11699999999999999
1101.0,0.09426426053897015,0.091,0.07200000000000001,0.064,0.031
1102.0,0.09078511549371612,0.086,0.145,0.147,0.14
1103.0,0.0841127237116665,0.08,0.064,0.046,0.079
1104.0,0.05666512319669632,0.051,0.057,0.054000000000000006,0.038
1105.01,0.06793566339963092,0.063,0.052000000000000005,0.04,0.036000000000000004
1105.02,0.21954844966429854,0.223,0.191,0.172,0.156
1201.0,0.036803244942107884,0.03,0.042,0.040999999999999995,0.032
1202.0,0.019296835465605667,0.012,0.013999999999999999,0.023,0.025
1203.0,0.04012646900655738,0.034,0.043,0.06,0.059000000000000004
1204.0,0.10917548934014915,0.107,0.111,0.134,0.16899999999999998
1301.0,0.1276748531948687,0.126,0.105,0.087,0.08
1302.0,0.07723329058177736,0.073,0.08199999999999999,0.095,0.047
1303.0,0.12620203934329988,0.125,0.114,0.127,0.12
1401.0,0.37945664433491844,0.389,0.42700000000000005,0.364,0.313
1402.0,0.21915411504068555,0.225,0.177,0.244,0.273
1403.01,0.2247459512120996,0.231,0.156,0.205,0.214
1403.02,0.22069045773484933,0.225,0.239,0.29100000000000004,0.282
1404.0,0.09744012821523469,0.095,0.099,0.13699999999999998,0.15
1405.0,0.1747020866707447,0.17600000000000002,0.158,0.161,0.16699999999999998
1406.01,0.18264647503998385,0.18600000000000003,0.162,0.22699999999999998,0.254
1406.02,0.21971932781137776,0.225,0.18600000000000003,0.23600000000000002,0.231
1407.01,0.1647165611686158,0.166,0.109,0.10099999999999999,0.064
1407.02,0.23780733162031184,0.24100000000000002,0.257,0.22699999999999998,0.276
1408.0,0.11083222183038317,0.106,0.17600000000000002,0.141,0.139
1502.0,0.14139004816718573,0.14,0.187,0.207,0.22699999999999998
1503.0,0.12196033147416448,0.12,0.11599999999999999,0.113,0.11199999999999999
1504.01,0.11289535497041642,0.109,0.161,0.145,0.16399999999999998
1504.02,0.06594356718889356,0.06,0.114,0.11900000000000001,0.114
1505.01,0.1094004156235093,0.107,0.071,0.051,0.07
1505.02,0.14305639056697309,0.141,0.152,0.111,0.11900000000000001
1506.0,0.10869590518226216,0.106,0.10800000000000001,0.109,0.10400000000000001
1507.0,0.14104719061116924,0.14,0.109,0.079,0.08900000000000001
1508.0,0.10185175029961252,0.1,0.083,0.11800000000000001,0.15
1510.01,0.2856124305979205,0.29100000000000004,0.38299999999999995,0.401,0.327
1510.02,0.12232504705188135,0.11800000000000001,0.191,0.154,0.11800000000000001
1511.0,0.15964405211230978,0.158,0.18899999999999997,0.145,0.13
1512.0,0.09741447106653343,0.095,0.07,0.085,0.062
1601.0,0.07797230926879473,0.073,0.076,0.052000000000000005,0.043
1602.0,0.033966584869287025,0.027999999999999997,0.032,0.065,0.084
1603.0,0.20849109044536374,0.21100000000000002,0.248,0.272,0.223
1604.0,0.2670713847333215,0.272,0.287,0.263,0.28800000000000003
1605.01,0.1455210097167588,0.145,0.166,0.191,0.262
1605.02,0.13088574618087798,0.13,0.12300000000000001,0.142,0.14400000000000002
1606.01,0.12507269268580384,0.12300000000000001,0.128,0.121,0.132
1606.02,0.11126455494434818,0.109,0.147,0.19,0.16399999999999998
1607.0,0.13796440062728357,0.135,0.18100000000000002,0.14300000000000002,0.083
1608.0,0.08114869400903373,0.078,0.063,0.092,0.10800000000000001
1609.0,0.06589039281714858,0.061,0.07,0.081,0.09699999999999999
1610.0,0.12082990593278009,0.12,0.098,0.129,0.094
1611.0,0.05001681499345488,0.044000000000000004,0.069,0.08199999999999999,0.10099999999999999
1612.0,0.10562608855605335,0.10300000000000001,0.091,0.09,0.042
1613.0,0.14838074468061163,0.14800000000000002,0.14800000000000002,0.155,0.146
1701.0,0.1280807591586632,0.127,0.121,0.139,0.068
1702.0,0.10783270876115851,0.10400000000000001,0.107,0.064,0.054000000000000006
1703.0,0.16969517471293133,0.171,0.149,0.16,0.179
1704.0,0.1679697458025608,0.16899999999999998,0.156,0.16699999999999998,0.172
1705.0,0.08479256331401888,0.081,0.063,0.055,0.055
1706.0,0.08435781949478237,0.081,0.062,0.07200000000000001,0.065
1707.0,0.15243521521889783,0.151,0.17300000000000001,0.146,0.138
1708.0,0.0852972763676478,0.08199999999999999,0.107,0.154,0.134
1709.0,0.1358138489962148,0.134,0.115,0.075,0.049
1710.0,0.09054804486127568,0.087,0.083,0.084,0.081
1711.0,0.11106828377504736,0.107,0.11699999999999999,0.063,0.044000000000000004
1801.0,0.1373304578695003,0.135,0.16,0.132,0.151
1901.0,0.2532916603574152,0.254,0.298,0.155,0.159
1902.0,0.20837592417175937,0.21100000000000002,0.242,0.266,0.262
1903.0,0.14150987614334204,0.142,0.11800000000000001,0.156,0.128
1904.01,0.16009407623142788,0.16,0.136,0.109,0.127
1904.02,0.15628837380680002,0.154,0.226,0.19699999999999998,0.162
1906.01,0.22366563428777098,0.22699999999999998,0.249,0.261,0.256
1906.02,0.1283561849820172,0.129,0.10099999999999999,0.171,0.157
1907.01,0.1607713447650958,0.161,0.106,0.065,0.049
1907.02,0.2787387970615989,0.285,0.24100000000000002,0.19699999999999998,0.17300000000000001
1908.0,0.2096456473836987,0.212,0.214,0.2,0.16399999999999998
1909.0,0.22407002568879966,0.228,0.212,0.21600000000000003,0.18899999999999997
1910.0,0.29902268752625705,0.306,0.284,0.243,0.297
1911.0,0.23857482027322482,0.243,0.247,0.256,0.275
1912.0,0.322759742753861,0.331,0.348,0.33899999999999997,0.313
1913.01,0.25450703773963934,0.26,0.22699999999999998,0.214,0.256
1913.02,0.17198345044466198,0.172,0.233,0.255,0.311
2001.0,0.12408495064106752,0.122,0.131,0.129,0.113
2002.0,0.24848309901378535,0.254,0.187,0.16,0.159
2003.0,0.2926856452135229,0.299,0.305,0.27399999999999997,0.337
2004.01,0.2253542591991513,0.22899999999999998,0.204,0.18600000000000003,0.165
2004.02,0.22578247005250854,0.22899999999999998,0.266,0.281,0.21600000000000003
2101.0,0.21334656038354186,0.21600000000000003,0.201,0.177,0.131
2104.0,0.25459938205970656,0.26,0.22699999999999998,0.21,0.19
2105.01,0.19767215912042516,0.201,0.16399999999999998,0.184,0.205
2105.02,0.302046584929927,0.31,0.267,0.242,0.249
2106.01,0.17767416390202256,0.17800000000000002,0.151,0.1,0.128
2106.02,0.24136141648492937,0.245,0.258,0.23600000000000002,0.158
2107.0,0.19985567086754383,0.204,0.124,0.13699999999999998,0.158
2108.0,0.06753145473998493,0.063,0.14400000000000002,0.226,0.297
2109.0,0.17941799481188817,0.18,0.163,0.127,0.122
2203.0,0.10371651044749255,0.1,0.114,0.094,0.078
2204.0,0.07805165785321541,0.073,0.109,0.109,0.133
2205.0,0.13225215228182957,0.132,0.14300000000000002,0.2,0.243
2206.01,0.17728399629495684,0.179,0.158,0.17,0.251
2206.02,0.25681138615069066,0.263,0.239,0.257,0.239
2207.01,0.2682736060164862,0.275,0.25,0.264,0.325
2207.02,0.21550905124433856,0.217,0.258,0.228,0.22899999999999998
2209.01,0.43436554090586255,0.449,0.423,0.395,0.37
2209.02,0.217876355489086,0.223,0.24100000000000002,0.336,0.302
2210.0,0.26798513970154614,0.27699999999999997,0.191,0.249,0.28600000000000003
2211.0,0.2691270097866537,0.27399999999999997,0.29600000000000004,0.271,0.214
2212.0,0.12827243882152417,0.127,0.13699999999999998,0.16,0.17
2213.0,0.19095904619812998,0.191,0.247,0.22399999999999998,0.21600000000000003
2214.0,0.143771427031468,0.14400000000000002,0.16899999999999998,0.23199999999999998,0.213
2215.0,0.14877576792059685,0.149,0.149,0.18,0.163
2216.0,0.08229364103781533,0.077,0.129,0.12300000000000001,0.128
2222.0,0.054098780376815106,0.048,0.053,0.037000000000000005,0.054000000000000006
2225.0,0.2098106022029549,0.213,0.19699999999999998,0.20199999999999999,0.18
2226.0,0.14068684716935204,0.14,0.166,0.19899999999999998,0.201
2227.0,0.26982108437195396,0.276,0.293,0.316,0.326
2228.0,0.3673495176024334,0.37799999999999995,0.441,0.47100000000000003,0.519
2229.0,0.20935068166983403,0.21100000000000002,0.3,0.33,0.28800000000000003
2301.0,0.27363956316168814,0.278,0.28800000000000003,0.222,0.26899999999999996
2302.0,0.27453159743823374,0.27899999999999997,0.27399999999999997,0.198,0.23600000000000002
2303.0,0.2512748485518437,0.255,0.284,0.257,0.23399999999999999
2304.0,0.18018029350928988,0.18,0.24,0.235,0.233
2305.0,0.32764783848549717,0.33799999999999997,0.29,0.303,0.225
2306.0,0.3682765659997389,0.38,0.39,0.418,0.385
2307.0,0.23557399776058674,0.24,0.23600000000000002,0.245,0.215
2308.0,0.17237571987458009,0.172,0.15,0.086,0.07400000000000001
2309.0,0.33856328114705014,0.34700000000000003,0.395,0.385,0.37799999999999995
2311.0,0.294558855001971,0.304,0.265,0.321,0.261
2312.0,0.3800884628918797,0.39,0.46799999999999997,0.452,0.441
2315.0,0.3693632300863612,0.377,0.43799999999999994,0.33799999999999997,0.43799999999999994
2402.0,0.11016093563166551,0.107,0.10099999999999999,0.073,0.077
2403.0,0.04320096971328793,0.037000000000000005,0.040999999999999995,0.044000000000000004,0.055999999999999994
2405.0,0.05116642372478847,0.045,0.06,0.055999999999999994,0.079
2406.0,0.1803251466181215,0.185,0.217,0.38799999999999996,0.257
2407.0,0.28172478614221774,0.287,0.355,0.35700000000000004,0.243
2408.0,0.26610174699464595,0.27399999999999997,0.231,0.28300000000000003,0.29600000000000004
2409.0,0.23306937152710042,0.239,0.172,0.196,0.28800000000000003
2410.0,0.28712077563422356,0.294,0.297,0.299,0.297
2411.0,0.22873197826774405,0.23199999999999998,0.21899999999999997,0.188,0.27699999999999997
2412.0,0.18656428917251167,0.188,0.17300000000000001,0.158,0.127
2413.0,0.16309721687525564,0.162,0.21,0.195,0.153
2414.0,0.17603478809434986,0.17800000000000002,0.157,0.182,0.221
2415.0,0.15536782480841926,0.155,0.132,0.105,0.11599999999999999
2416.0,0.14007290235892664,0.139,0.156,0.16699999999999998,0.16
2420.0,0.1665099500646082,0.166,0.188,0.168,0.187
2421.0,0.06997103756811053,0.065,0.084,0.091,0.09699999999999999
2422.0,0.160646810330448,0.161,0.138,0.129,0.14400000000000002
2423.0,0.0673042917105321,0.063,0.06,0.08199999999999999,0.069
2424.0,0.07636513476468748,0.07200000000000001,0.078,0.085,0.084
2425.0,0.1612804777727668,0.162,0.13699999999999998,0.14,0.156
2426.0,0.24235302785277868,0.248,0.198,0.204,0.295
2427.0,0.3046668019269103,0.314,0.33,0.405,0.395
2428.0,0.13795659484714837,0.13699999999999998,0.127,0.125,0.111
2429.0,0.10004126578533552,0.095,0.184,0.18,0.154
2430.0,0.09826293781868456,0.09300000000000001,0.16899999999999998,0.149,0.16
2431.0,0.11056296108336214,0.107,0.146,0.138,0.13
2432.0,0.1297307535636655,0.127,0.136,0.095,0.09
2433.0,0.12669021047177617,0.125,0.125,0.126,0.11
2434.0,0.12928097119305731,0.127,0.127,0.098,0.09300000000000001
2435.0,0.10545618552979577,0.102,0.133,0.134,0.177
2502.0,0.2729508724622668,0.278,0.287,0.25,0.261
2503.0,0.34365660290812283,0.35200000000000004,0.364,0.309,0.301
2504.0,0.3016964132175771,0.309,0.29600000000000004,0.27,0.20800000000000002
2505.0,0.15245546610375052,0.151,0.15,0.10300000000000001,0.107
2506.0,0.16445378556933174,0.165,0.163,0.171,0.254
2507.0,0.34897653706771925,0.359,0.373,0.377,0.29600000000000004
2508.0,0.2921894153674166,0.3,0.27399999999999997,0.27899999999999997,0.247
2510.0,0.2439895206471449,0.24600000000000002,0.314,0.265,0.414
2511.0,0.3572459794425512,0.369,0.335,0.35200000000000004,0.35200000000000004
2512.0,0.25658212129838537,0.262,0.231,0.212,0.273
2513.0,0.28060293638243783,0.287,0.317,0.336,0.307
2514.0,0.28713448236421213,0.295,0.307,0.35700000000000004,0.359
2515.0,0.34021217429019446,0.35100000000000003,0.322,0.341,0.295
2516.0,0.317227085667112,0.324,0.364,0.326,0.35100000000000003
2517.0,0.45282433279476464,0.46799999999999997,0.552,0.597,0.523
2518.0,0.34784170276127757,0.358,0.396,0.428,0.42100000000000004
2519.0,0.4535014297760347,0.467,0.495,0.423,0.419
2520.0,0.32868069618434836,0.33899999999999997,0.311,0.337,0.39299999999999996
2521.01,0.21219643458823378,0.214,0.25,0.23600000000000002,0.242
2521.02,0.2753390117897504,0.27899999999999997,0.375,0.348,0.298
2522.01,0.38715726874242495,0.397,0.431,0.36,0.39299999999999996
2522.02,0.31587854212371114,0.32299999999999995,0.34700000000000003,0.313,0.285
2601.0,0.5302894520860161,0.5489999999999999,0.541,0.484,0.562
2602.0,0.4475853207894819,0.462,0.512,0.509,0.336
2603.0,0.3184331284552472,0.327,0.415,0.488,0.441
2604.0,0.6010499640404648,0.62,0.682,0.537,0.563
2605.0,0.3804257314426649,0.389,0.439,0.344,0.419
2606.0,0.4962477406785136,0.515,0.48200000000000004,0.48100000000000004,0.452
2607.0,0.5323982067551539,0.5539999999999999,0.48200000000000004,0.486,0.46299999999999997
2608.0,0.47010252273589526,0.486,0.52,0.515,0.38
2609.0,0.3867280579834954,0.40299999999999997,0.397,0.5579999999999999,0.475
2610.0,0.4221233537154818,0.436,0.415,0.387,0.34299999999999997
2705.0,0.5617916611247158,0.586,0.516,0.564,0.607
2712.0,0.46539635064534157,0.479,0.466,0.33799999999999997,0.34
2713.0,0.46939677304734684,0.484,0.526,0.47600000000000003,0.47
2714.0,0.45773716956140753,0.475,0.369,0.331,0.311
2715.0,0.4670524511195496,0.48100000000000004,0.5479999999999999,0.49700000000000005,0.449
2718.0,0.6027522061699548,0.631,0.423,0.43200000000000005,0.358
2801.0,0.060227266778943855,0.054000000000000006,0.078,0.059000000000000004,0.07
2804.0,0.5031359323313899,0.523,0.499,0.536,0.465
2808.0,0.36566068757170067,0.377,0.375,0.38299999999999995,0.382
2809.0,0.4534863210285509,0.467,0.5760000000000001,0.5720000000000001,0.74
2819.0,0.20618364271266873,0.20800000000000002,0.21899999999999997,0.198,0.171
2827.0,0.3005193208301543,0.306,0.374,0.34299999999999997,0.257
2828.0,0.13793066238298263,0.138,0.076,0.073,0.075
2831.0,0.3095539784826492,0.315,0.375,0.316,0.34700000000000003
2832.0,0.3176501320051305,0.326,0.312,0.293,0.243
2838.0,0.21388373886721587,0.21600000000000003,0.235,0.21600000000000003,0.239
2909.0,0.47056679302694615,0.488,0.493,0.526,0.507
2912.0,0.4143845009135203,0.431,0.408,0.508,0.601
2916.0,0.22226730219871849,0.225,0.255,0.252,0.341
2922.0,0.4378866320874756,0.45399999999999996,0.446,0.486,0.43200000000000005
2924.0,0.4730496426238292,0.49,0.499,0.51,0.43200000000000005
2925.0,0.35840568970723996,0.369,0.387,0.397,0.42200000000000004
3005.0,0.2674724126862267,0.273,0.239,0.198,0.217
3006.0,0.26942844945927047,0.27399999999999997,0.266,0.203,0.271
3007.0,0.46633887327289625,0.483,0.444,0.418,0.318
3008.0,0.36688319330667263,0.377,0.39899999999999997,0.374,0.39899999999999997
3009.0,0.4724676349904895,0.488,0.491,0.44,0.48
3011.0,0.4143897244359862,0.43,0.405,0.462,0.385
3012.0,0.3388870145202447,0.34700000000000003,0.38299999999999995,0.349,0.36700000000000005
3016.0,0.3764536752434886,0.389,0.38,0.408,0.37799999999999995
3017.01,0.38145569800142776,0.395,0.297,0.281,0.217
3017.02,0.3317178168209871,0.34,0.428,0.46,0.34700000000000003
3018.01,0.2878309900327535,0.292,0.39,0.358,0.265
3018.02,0.29575154776067925,0.304,0.267,0.273,0.204
3018.03,0.3243767434758589,0.332,0.385,0.377,0.36
3102.0,0.1684465171432534,0.168,0.192,0.172,0.198
3103.0,0.2239629181328253,0.22699999999999998,0.226,0.20600000000000002,0.153
3104.0,0.1956879165079654,0.198,0.135,0.096,0.091
3105.0,0.23033752019483103,0.231,0.39799999999999996,0.406,0.467
3106.0,0.35979191101416685,0.369,0.363,0.293,0.26899999999999996
3107.0,0.2759197689868039,0.281,0.324,0.31,0.35600000000000004
3108.0,0.16998592559210635,0.171,0.187,0.217,0.195
3109.0,0.3028099289442625,0.311,0.292,0.295,0.273
3201.0,0.10083031476651468,0.098,0.09300000000000001,0.1,0.11800000000000001
3204.0,0.09650457423243687,0.09300000000000001,0.081,0.064,0.07400000000000001
3206.0,0.15323853274997937,0.152,0.16399999999999998,0.135,0.171
3301.0,0.09889374768786949,0.096,0.08900000000000001,0.096,0.127
3302.0,0.12894246339497076,0.127,0.125,0.109,0.096
3403.0,0.27275555403581775,0.27899999999999997,0.23800000000000002,0.209,0.261
3404.0,0.3490393661049571,0.35600000000000004,0.429,0.35600000000000004,0.26
3405.0,0.3213079721665838,0.33,0.316,0.303,0.384
3406.0,0.6036176952820755,0.628,0.688,0.759,0.715
3501.0,0.29566884691712003,0.303,0.251,0.207,0.16699999999999998
3504.0,0.6696301567989426,0.6970000000000001,0.711,0.721,0.648
3510.0,0.2683231416246432,0.275,0.261,0.282,0.285
3511.0,0.7133404462387535,0.742,0.736,0.6859999999999999,0.5920000000000001
3514.0,0.5886759648882606,0.609,0.64,0.5529999999999999,0.591
3515.0,0.3045058313828187,0.311,0.313,0.26,0.239
3602.0,0.4539321893201066,0.469,0.53,0.5489999999999999,0.573
3801.0,0.4052394536420246,0.42,0.349,0.353,0.324
3802.0,0.3725559292544308,0.386,0.29100000000000004,0.293,0.26899999999999996
3805.0,0.4706636051191978,0.49,0.335,0.313,0.499
3807.0,0.254918464919334,0.257,0.318,0.242,0.355
3812.0,0.1779718946149392,0.179,0.177,0.175,0.19399999999999998
3814.0,0.3395912608350121,0.348,0.35200000000000004,0.302,0.33299999999999996
3815.0,0.3690708496923688,0.381,0.324,0.303,0.469
3817.0,0.008077151503226382,0.0,0.0,0.0,0.0
3818.0,0.3177204579400844,0.325,0.316,0.257,0.292
3819.0,0.24968820024805358,0.253,0.285,0.247,0.305
3901.0,0.08659451680263083,0.08199999999999999,0.094,0.07400000000000001,0.099
3902.0,0.21243992323450198,0.217,0.228,0.306,0.212
3903.0,0.38476826683939014,0.396,0.45,0.45799999999999996,0.405
3904.0,0.3072650931128622,0.315,0.364,0.395,0.345
3905.0,0.13669130277823596,0.135,0.17,0.17800000000000002,0.18
3906.0,0.11156156347393799,0.11,0.102,0.135,0.11699999999999999
3907.0,0.1981330883413223,0.201,0.182,0.19699999999999998,0.21
4003.0,0.38617028551017296,0.39899999999999997,0.332,0.302,0.315
4004.0,0.3869626836882878,0.397,0.48100000000000004,0.46,0.353
4005.0,0.5296748640705801,0.552,0.52,0.593,0.47100000000000003
4008.0,0.5439473280480107,0.563,0.614,0.59,0.616
4101.0,0.2107430904310635,0.212,0.282,0.27699999999999997,0.214
4102.0,0.32688575609643267,0.336,0.35200000000000004,0.369,0.32299999999999995
4105.0,0.27396815216780224,0.28,0.284,0.281,0.278
4106.0,0.2836915117087032,0.28800000000000003,0.314,0.237,0.21
4107.0,0.2312952329549664,0.23399999999999999,0.23399999999999999,0.185,0.247
4108.0,0.21427513453259803,0.217,0.231,0.23199999999999998,0.195
4109.0,0.2621775850444025,0.268,0.215,0.182,0.183
4110.0,0.13010056652281185,0.129,0.157,0.198,0.184
4111.0,0.10311908518425007,0.102,0.081,0.14,0.168
4112.0,0.190309514258046,0.193,0.174,0.19899999999999998,0.17600000000000002
4201.0,0.3900252115983358,0.40299999999999997,0.40399999999999997,0.428,0.47700000000000004
4202.0,0.26230284166237716,0.268,0.254,0.248,0.254
4203.0,0.36183169394770365,0.37200000000000005,0.354,0.309,0.23600000000000002
4204.0,0.4996434148787391,0.517,0.467,0.387,0.391
4205.0,0.44312829654653973,0.45899999999999996,0.45399999999999996,0.475,0.45799999999999996
4206.0,0.6384734018251166,0.664,0.642,0.615,0.589
4207.0,0.4909622923867176,0.509,0.44799999999999995,0.406,0.389
4208.0,0.39589489548736023,0.40700000000000003,0.42100000000000004,0.366,0.32299999999999995
4212.0,0.3406171387001218,0.348,0.385,0.318,0.336
4301.01,0.30073830140772173,0.307,0.266,0.17600000000000002,0.209
4301.02,0.3253704566665605,0.336,0.249,0.24600000000000002,0.255
4302.0,0.3583882852065363,0.368,0.461,0.493,0.43
4303.0,0.44336489793314815,0.45899999999999996,0.41100000000000003,0.386,0.272
4304.0,0.49896278289694784,0.516,0.486,0.41100000000000003,0.345
4305.0,0.4407087706728994,0.457,0.408,0.415,0.375
4306.0,0.27538982327436634,0.28300000000000003,0.244,0.267,0.24
4307.0,0.4067540308885699,0.42,0.381,0.34600000000000003,0.436
4308.0,0.2661684565439817,0.272,0.258,0.249,0.214
4309.0,0.37485907198513524,0.385,0.35600000000000004,0.272,0.28
4312.0,0.17727081781792764,0.17800000000000002,0.136,0.09,0.111
4313.01,0.34631937567952154,0.355,0.45,0.47200000000000003,0.441
4313.02,0.34495038732090055,0.354,0.373,0.35,0.327
4314.0,0.3785853668182152,0.39,0.35,0.301,0.29600000000000004
4401.01,0.3700320496348831,0.384,0.34299999999999997,0.41700000000000004,0.40399999999999997
4401.02,0.3906921368501387,0.40299999999999997,0.375,0.34600000000000003,0.36
4402.01,0.3072176705165425,0.315,0.305,0.289,0.342
4402.02,0.2681356401673144,0.273,0.294,0.27,0.262
4403.0,0.1339335332329886,0.133,0.11599999999999999,0.11800000000000001,0.133
4406.0,0.21694548558680982,0.221,0.204,0.228,0.179
4407.0,0.24321569602092302,0.25,0.21100000000000002,0.271,0.253
4408.0,0.40492018497881166,0.41600000000000004,0.46,0.409,0.40399999999999997
4409.0,0.20518941552019548,0.209,0.138,0.133,0.114
4503.0,0.19072090787078605,0.193,0.18100000000000002,0.19399999999999998,0.203
4601.0,0.2737440070748961,0.281,0.278,0.32,0.282
4602.0,0.4081043195542615,0.424,0.361,0.41200000000000003,0.475
4603.01,0.2776674915977523,0.28300000000000003,0.335,0.335,0.298
4603.02,0.40399311420353645,0.41600000000000004,0.455,0.44,0.42200000000000004
4604.0,0.19062547541805994,0.192,0.192,0.17800000000000002,0.157
4605.0,0.16264927220102018,0.163,0.131,0.11,0.14300000000000002
4606.0,0.23692220698139574,0.24100000000000002,0.348,0.43200000000000005,0.366
4607.0,0.5193161143430388,0.5379999999999999,0.584,0.595,0.634
4610.0,0.45996678327244767,0.478,0.418,0.445,0.376
4701.0,0.343402265760422,0.35700000000000004,0.319,0.439,0.475
4801.0,0.04834509989677351,0.04,0.136,0.11599999999999999,0.124
4802.0,0.23270550427374684,0.23600000000000002,0.21899999999999997,0.177,0.18
4803.0,0.231487176744307,0.23399999999999999,0.244,0.195,0.125
4804.0,0.10191430402138581,0.098,0.11699999999999999,0.09699999999999999,0.109
4805.0,0.14712658827300326,0.147,0.172,0.213,0.205
4903.0,0.17854409840835792,0.179,0.20199999999999999,0.196,0.20800000000000002
4904.0,0.04584854356990203,0.037000000000000005,0.12,0.07400000000000001,0.14400000000000002
4905.0,0.1035707276292007,0.10099999999999999,0.076,0.071,0.076
4906.0,0.12042350528298083,0.11599999999999999,0.17800000000000002,0.132,0.16
4907.0,0.2790832505654782,0.284,0.311,0.27,0.191
4908.0,0.2419652709509845,0.24600000000000002,0.235,0.20800000000000002,0.155
4909.01,0.2535174579985303,0.258,0.3,0.31,0.35600000000000004
4909.02,0.1786719851021443,0.18,0.153,0.141,0.132
4910.0,0.44013245580785754,0.45299999999999996,0.502,0.451,0.38299999999999995
4911.0,0.1946212839356556,0.19699999999999998,0.182,0.188,0.22899999999999998
4912.0,0.2753024271613005,0.28300000000000003,0.21899999999999997,0.225,0.221
4913.0,0.5372252067274365,0.557,0.439,0.319,0.29600000000000004
4914.0,0.4001199464792914,0.415,0.363,0.39899999999999997,0.33299999999999996
5001.0,0.22653757260783133,0.23,0.21600000000000003,0.19699999999999998,0.146
5002.0,0.30225766409107446,0.309,0.395,0.42700000000000005,0.473
5003.0,0.16631880984369143,0.165,0.188,0.136,0.21100000000000002
5101.0,0.18507846839631145,0.188,0.187,0.248,0.244
5102.0,0.2040530076438608,0.207,0.225,0.261,0.29100000000000004
5103.0,0.22370631879885908,0.228,0.258,0.316,0.325
5201.0,0.3061546767078206,0.313,0.385,0.401,0.527
5202.0,0.3795701922826903,0.392,0.385,0.40299999999999997,0.425
5203.0,0.2695217465221895,0.27699999999999997,0.247,0.285,0.237
5204.0,0.07073774503056943,0.066,0.12,0.16399999999999998,0.2
5205.0,0.13072910301674656,0.129,0.126,0.114,0.1
5206.0,0.13830395374230392,0.136,0.131,0.077,0.065
5301.0,0.37213237704142255,0.382,0.41100000000000003,0.37,0.295
5302.0,0.4463413473003256,0.45899999999999996,0.536,0.486,0.42
5303.0,0.23899922081059627,0.242,0.249,0.201,0.17800000000000002
5304.0,0.1832114348731812,0.185,0.205,0.24100000000000002,0.198
5305.01,0.3415586048217578,0.35200000000000004,0.387,0.442,0.45899999999999996
5305.02,0.304749390225199,0.314,0.20199999999999999,0.16699999999999998,0.21100000000000002
5305.03,0.31185600876251074,0.319,0.324,0.284,0.172
5306.0,0.42664464323553364,0.44299999999999995,0.386,0.42,0.305
5401.01,0.6655238660882642,0.6920000000000001,0.696,0.67,0.608
5401.02,0.5672213888610226,0.59,0.563,0.5760000000000001,0.557
5501.0,0.23396947571026097,0.23800000000000002,0.20600000000000002,0.179,0.21600000000000003
5502.0,0.04647643685882586,0.040999999999999995,0.078,0.131,0.10300000000000001
5601.0,0.15766860158979173,0.153,0.27899999999999997,0.19399999999999998,0.196
5602.0,0.18250364236890762,0.183,0.17,0.127,0.172
5603.0,0.09611237499863087,0.09300000000000001,0.075,0.07,0.091
5604.0,0.13216060034120133,0.132,0.125,0.171,0.011000000000000001
5607.0,0.0868001561329751,0.084,0.086,0.131,0.184
5608.0,0.040972606438533954,0.034,0.051,0.038,0.054000000000000006
5609.0,0.06607171800915956,0.061,0.059000000000000004,0.053,0.039
5610.0,0.07059329403366073,0.066,0.08,0.09699999999999999,0.09699999999999999
5611.0,0.040419332897569646,0.034,0.033,0.028999999999999998,0.048
5701.0,0.16262203029344097,0.163,0.138,0.124,0.086
5702.0,0.11680897970842731,0.114,0.095,0.055999999999999994,0.04
5703.0,0.19738425462539913,0.2,0.177,0.18,0.177
5704.0,0.15472866971715493,0.155,0.142,0.151,0.133
5705.0,0.11716712875331027,0.115,0.147,0.17600000000000002,0.139
5801.0,0.26394630310150013,0.268,0.33,0.316,0.313
5802.0,0.2708269307227511,0.28,0.231,0.32,0.344
5803.0,0.1789565597160015,0.17800000000000002,0.213,0.158,0.16699999999999998
5804.0,0.212319120137524,0.214,0.26,0.249,0.225
5805.01,0.289036380833674,0.295,0.281,0.22699999999999998,0.185
5805.02,0.2720248581929102,0.278,0.258,0.237,0.198
5806.0,0.16920544120354683,0.16899999999999998,0.23,0.249,0.252
5807.0,0.27999259676864574,0.28800000000000003,0.256,0.29100000000000004,0.275
5808.0,0.3518028426696901,0.361,0.35600000000000004,0.304,0.22899999999999998
5905.0,0.28888255048673717,0.29600000000000004,0.251,0.21899999999999997,0.17600000000000002
5906.0,0.17195601460671522,0.172,0.157,0.11699999999999999,0.075
5907.0,0.2824355654228645,0.28800000000000003,0.263,0.198,0.147
6004.0,0.21812261154118712,0.221,0.21,0.188,0.162
6006.0,0.2894404043451564,0.299,0.255,0.32299999999999995,0.20600000000000002
6007.0,0.20474489023900777,0.205,0.21,0.12300000000000001,0.14300000000000002
6009.0,0.15578019354198097,0.156,0.17600000000000002,0.20800000000000002,0.23399999999999999
6103.0,0.2928523675330398,0.301,0.307,0.35100000000000003,0.371
6104.0,0.4375993484194908,0.451,0.414,0.319,0.213
6108.0,0.15682631110295844,0.157,0.158,0.17,0.071
6110.0,0.443508222228026,0.45899999999999996,0.564,0.66,0.642
6111.0,0.44070356952840317,0.456,0.467,0.483,0.414
6112.0,0.3440030768497575,0.353,0.419,0.435,0.35700000000000004
6113.0,0.32720118900348727,0.335,0.382,0.37,0.306
6114.0,0.3891952729867163,0.4,0.375,0.29,0.324
6115.0,0.28488619133821236,0.293,0.217,0.209,0.252
6116.0,0.3572591579195804,0.37,0.35700000000000004,0.43200000000000005,0.34299999999999997
6117.0,0.3327424554387953,0.33899999999999997,0.43,0.379,0.44
6118.0,0.5041038025698047,0.52,0.536,0.441,0.363
6119.0,0.40398505548590646,0.41700000000000004,0.435,0.444,0.433
6120.0,0.37002562043207043,0.381,0.39899999999999997,0.39899999999999997,0.34
6121.0,0.30971759029153745,0.318,0.332,0.35100000000000003,0.33
6201.0,0.26502846891118637,0.272,0.195,0.183,0.166
6202.0,0.14940378735055715,0.14800000000000002,0.158,0.129,0.139
6203.0,0.1713196723326453,0.174,0.134,0.183,0.21899999999999997
6204.0,0.15190316768360787,0.152,0.16899999999999998,0.20199999999999999,0.161
6301.0,0.2303888711213911,0.23399999999999999,0.28300000000000003,0.314,0.272
6302.0,0.3113895695146984,0.322,0.259,0.306,0.321
6303.0,0.18240582158887975,0.183,0.207,0.19899999999999998,0.221
6304.0,0.28443404301827213,0.292,0.29,0.322,0.337
6305.0,0.17835550687815593,0.18,0.175,0.195,0.18100000000000002
6308.0,0.22623508761828082,0.22899999999999998,0.298,0.32,0.25
6309.0,0.18558665985011538,0.185,0.265,0.248,0.235
6401.0,0.09506422581091312,0.091,0.08,0.044000000000000004,0.091
6403.0,0.05014001760671952,0.045,0.039,0.062,0.078
6404.0,0.07594676131820575,0.071,0.083,0.07200000000000001,0.028999999999999998
6405.0,0.06907254052179766,0.064,0.07,0.064,0.071
6406.0,0.23590630691538578,0.24,0.204,0.172,0.155
6407.0,0.13414989492372917,0.132,0.124,0.083,0.059000000000000004
6408.0,0.16040683430673133,0.162,0.142,0.187,0.19899999999999998
6501.0,0.20769164223739522,0.212,0.2,0.259,0.188
6502.0,0.18025396051439754,0.18100000000000002,0.19899999999999998,0.19699999999999998,0.12300000000000001
6503.01,0.10341559902783515,0.1,0.132,0.14,0.126
6503.02,0.13185041333458233,0.13,0.14800000000000002,0.146,0.21100000000000002
6504.0,0.13485046584575114,0.131,0.233,0.212,0.226
6505.0,0.1349511106319583,0.132,0.191,0.171,0.184
6603.01,0.46182683696183635,0.48,0.41200000000000003,0.434,0.39899999999999997
6603.02,0.27048852668773116,0.27699999999999997,0.22399999999999998,0.201,0.205
6604.0,0.20468254163658695,0.20600000000000002,0.287,0.307,0.311
6605.0,0.2880626208343908,0.294,0.316,0.293,0.284
6606.0,0.3458172225055922,0.355,0.40700000000000003,0.415,0.366
6607.0,0.4074159265482744,0.42100000000000004,0.43799999999999994,0.462,0.474
6608.0,0.3121356127913968,0.319,0.353,0.325,0.392
6609.0,0.4176577872578898,0.43,0.461,0.423,0.37200000000000005
6610.0,0.25073042610794827,0.254,0.268,0.21100000000000002,0.20600000000000002
6611.0,0.2231668445619651,0.22699999999999998,0.217,0.22399999999999998,0.187
6701.0,0.3914074374411133,0.406,0.386,0.456,0.397
6702.0,0.47228342984737504,0.49200000000000005,0.36700000000000005,0.382,0.369
6703.0,0.45045541022418467,0.465,0.521,0.522,0.669
6704.0,0.4636806330008102,0.48100000000000004,0.489,0.535,0.486
6705.0,0.3878875743178165,0.40299999999999997,0.366,0.451,0.342
6706.0,0.3901720621115312,0.401,0.446,0.418,0.384
6707.0,0.301922623504178,0.306,0.39899999999999997,0.32799999999999996,0.368
6708.0,0.5072560111571537,0.528,0.46299999999999997,0.493,0.384
6709.0,0.3091628133767921,0.317,0.289,0.256,0.23399999999999999
6711.0,0.5685133243884429,0.5920000000000001,0.614,0.6940000000000001,0.626
6712.0,0.5280468426393296,0.546,0.525,0.431,0.336
6713.0,0.3143255171121706,0.322,0.43,0.49200000000000005,0.56
6714.0,0.3772576247905961,0.387,0.354,0.245,0.20600000000000002
6715.0,0.43050877712132696,0.444,0.42100000000000004,0.35700000000000004,0.33799999999999997
6716.0,0.3156408842311842,0.32299999999999995,0.414,0.446,0.428
6718.0,0.36290187270951957,0.374,0.373,0.37799999999999995,0.377
6719.0,0.20978725199645842,0.213,0.203,0.214,0.262
6720.0,0.16379099376712153,0.16699999999999998,0.129,0.218,0.276
6805.0,0.6362765400485708,0.6579999999999999,0.633,0.452,0.455
6806.0,0.5397180764725776,0.5589999999999999,0.5670000000000001,0.526,0.551
6809.0,0.48335915443664734,0.501,0.502,0.512,0.475
6810.0,0.49492797598342764,0.512,0.5670000000000001,0.573,0.508
6811.0,0.48231435750806817,0.5,0.49,0.495,0.41600000000000004
6812.0,0.41579144235113186,0.43,0.466,0.513,0.62
6813.0,0.3468742563573335,0.353,0.488,0.43700000000000006,0.39299999999999996
6814.0,0.26425359590582775,0.26899999999999996,0.401,0.473,0.42
6903.0,0.5174130020664484,0.541,0.37799999999999995,0.42100000000000004,0.462
6904.0,0.34919076336865285,0.36,0.373,0.408,0.337
6905.0,0.399251515346737,0.415,0.337,0.389,0.38
6909.0,0.4156657612432646,0.42700000000000005,0.434,0.33899999999999997,0.322
6910.0,0.2196542589658443,0.222,0.263,0.259,0.221
6911.0,0.4367570436814696,0.45,0.522,0.513,0.478
6912.0,0.43370223203967795,0.45,0.429,0.475,0.364
6913.0,0.2202571047441232,0.225,0.11900000000000001,0.09,0.048
6914.0,0.22964134684888138,0.23399999999999999,0.22,0.231,0.207
6915.0,0.3805003959465638,0.389,0.491,0.436,0.423
7001.0,0.20363447383396616,0.203,0.231,0.129,0.16899999999999998
7002.0,0.1198797714554578,0.11800000000000001,0.149,0.183,0.19399999999999998
7003.01,0.1909094994009881,0.192,0.20800000000000002,0.195,0.14800000000000002
7003.02,0.14283640130162945,0.142,0.139,0.13699999999999998,0.15
7004.01,0.09505202245470558,0.091,0.095,0.07200000000000001,0.057
7004.02,0.15346388352323212,0.155,0.11699999999999999,0.16,0.136
7005.01,0.05329492340378939,0.048,0.046,0.059000000000000004,0.07400000000000001
7005.02,0.09584701714167747,0.09300000000000001,0.07200000000000001,0.076,0.08199999999999999
7101.0,0.5681076937401128,0.59,0.62,0.642,0.56
7102.0,0.3986118655694679,0.41200000000000003,0.44299999999999995,0.49,0.488
7103.0,0.29514690091518514,0.303,0.308,0.33399999999999996,0.318
7104.0,0.30198457065009787,0.311,0.249,0.252,0.28600000000000003
7105.0,0.3299607626781529,0.341,0.282,0.309,0.295
7106.0,0.3085684060500964,0.32,0.33399999999999996,0.485,0.504
7107.0,0.23481526763066088,0.239,0.281,0.32,0.243
7108.0,0.09759111217802272,0.095,0.078,0.092,0.11800000000000001
7109.0,0.4795677683800642,0.495,0.529,0.484,0.439
7110.0,0.2790521169568163,0.284,0.319,0.28600000000000003,0.23399999999999999
7111.0,0.14971004602693586,0.147,0.309,0.35200000000000004,0.387
7112.0,0.21454827579171692,0.217,0.23199999999999998,0.222,0.154
7113.0,0.2485930753318784,0.252,0.28,0.245,0.326
7114.0,0.36180608155494187,0.368,0.43700000000000006,0.301,0.292
7115.0,0.298202816881038,0.305,0.23199999999999998,0.14300000000000002,0.109
7201.0,0.01956245744903873,0.012,0.011000000000000001,0.006,0.004
7202.0,0.10725138974419116,0.105,0.086,0.091,0.132
7203.0,0.017322143755572016,0.01,0.002,0.006,0.012
7204.0,0.03094789979909804,0.024,0.018000000000000002,0.009000000000000001,0.005
7205.0,0.02616353698632794,0.019,0.023,0.024,0.022000000000000002
7206.0,0.052665411789033015,0.047,0.04,0.035,0.025
7207.0,0.07802209781444658,0.07400000000000001,0.053,0.048,0.063
7301.0,0.1711202428345735,0.171,0.204,0.19899999999999998,0.17600000000000002
7302.01,0.2277387597630471,0.231,0.259,0.264,0.292
7302.02,0.1465652895813635,0.145,0.218,0.24100000000000002,0.198
7303.0,0.13753692314623814,0.134,0.218,0.18899999999999997,0.245
7304.0,0.1583636879250711,0.159,0.14,0.151,0.155
7305.0,0.11303976121138568,0.113,0.08900000000000001,0.168,0.18100000000000002
7306.0,0.06572934088796001,0.059000000000000004,0.114,0.08800000000000001,0.078
7307.0,0.24952993875808968,0.255,0.24,0.252,0.22699999999999998
7401.0,0.04740535651945867,0.040999999999999995,0.040999999999999995,0.023,0.022000000000000002
7402.0,0.060315972335423115,0.055,0.045,0.035,0.027000000000000003
7403.0,0.03140492612992753,0.025,0.009000000000000001,0.013000000000000001,0.004
7404.0,0.06707865443282995,0.062,0.057,0.046,0.064
7501.0,0.20187808286733153,0.203,0.273,0.282,0.271
7502.0,0.11179763660758706,0.11,0.071,0.068,0.076
7503.0,0.03962821872269565,0.033,0.027000000000000003,0.012,0.008
7504.0,0.048611216566211306,0.043,0.037000000000000005,0.044000000000000004,0.069
7505.0,0.23661085092358752,0.23800000000000002,0.251,0.147,0.129
7506.0,0.3538587318495021,0.363,0.359,0.301,0.27399999999999997
7608.01,0.24729874028817161,0.252,0.22699999999999998,0.204,0.198
7608.02,0.11539765188372823,0.11199999999999999,0.134,0.10800000000000001,0.08900000000000001
7608.03,0.23953249640420268,0.243,0.256,0.231,0.192
7702.01,0.07745300453165647,0.073,0.073,0.069,0.054000000000000006
7702.02,0.06614433969733341,0.061,0.07,0.07,0.052000000000000005
7703.0,0.045714160539393874,0.039,0.057,0.045,0.048
7704.0,0.108616039533867,0.105,0.115,0.085,0.079
7705.0,0.19338874380123772,0.192,0.265,0.192,0.22699999999999998
7706.01,0.11671072324952192,0.11199999999999999,0.111,0.009000000000000001,0.026000000000000002
7706.02,0.17895549202109798,0.179,0.209,0.191,0.162
7707.0,0.10327398322609055,0.1,0.115,0.115,0.113
7708.0,0.05074565076202012,0.046,0.063,0.12,0.121
7709.01,0.09686510041563674,0.094,0.079,0.085,0.09300000000000001
7709.02,0.05261402729551838,0.047,0.071,0.094,0.084
8001.0,0.03076294703248396,0.024,0.024,0.027999999999999997,0.02
8002.0,0.04752750262680469,0.042,0.035,0.047,0.067
8003.0,0.012803402926234986,0.005,0.004,0.004,0.002
8004.0,0.03520880204716749,0.028999999999999998,0.017,0.024,0.027000000000000003
8005.0,0.025452563775313616,0.018000000000000002,0.032,0.031,0.027999999999999997
8006.0,0.02521082025133632,0.018000000000000002,0.017,0.013999999999999999,0.016
8007.0,0.021198905487465475,0.013999999999999999,0.015,0.023,0.025
8008.0,0.04893026585888415,0.043,0.044000000000000004,0.043,0.059000000000000004
8009.0,0.04668579633785504,0.040999999999999995,0.042,0.055999999999999994,0.045
8010.0,0.05210047433380534,0.046,0.053,0.043,0.044000000000000004
8011.0,0.017468179511358668,0.01,0.006,0.006999999999999999,0.006
8012.0,0.041749210314995615,0.035,0.037000000000000005,0.019,0.005
8013.0,0.034747619888775595,0.027999999999999997,0.033,0.033,0.027999999999999997
8014.0,0.04317061729508008,0.038,0.003,0.016,0.027000000000000003
8015.0,0.03563833353292298,0.028999999999999998,0.049,0.064,0.064
8016.01,0.009882985503936233,0.002,0.002,0.006,0.013000000000000001
8016.03,0.11832452088680934,0.11599999999999999,0.136,0.146,0.096
8016.05,0.040238535958517965,0.034,0.032,0.035,0.036000000000000004
8016.06,0.051670161657595734,0.045,0.067,0.047,0.031
8016.07,0.0888929306968742,0.085,0.066,0.044000000000000004,0.028999999999999998
8016.08,0.034470058675614645,0.027999999999999997,0.045,0.067,0.071
8017.01,0.023946848814822203,0.016,0.03,0.012,0.013000000000000001
8017.02,0.019058202452257006,0.011000000000000001,0.044000000000000004,0.048,0.076
8018.0,0.057487899233191586,0.052000000000000005,0.043,0.033,0.016
8019.01,0.035888916964984384,0.028999999999999998,0.038,0.033,0.032
8019.02,0.030186587411502843,0.024,0.006,0.02,0.015
8020.02,0.04256260700146258,0.037000000000000005,0.033,0.057,0.055999999999999994
8020.03,0.1130769330999222,0.11,0.11599999999999999,0.095,0.055999999999999994
8020.04,0.08342608701695516,0.079,0.132,0.16,0.18
8021.0,0.039013206217366765,0.033,0.013000000000000001,0.013000000000000001,0.015
8022.0,0.036607409451684544,0.03,0.033,0.033,0.031
8023.0,0.09187792227870165,0.08800000000000001,0.087,0.07400000000000001,0.083
8024.02,0.28255381982912775,0.289,0.258,0.22399999999999998,0.237
8024.03,0.061907051782240076,0.055999999999999994,0.059000000000000004,0.032,0.03
8024.04,0.18332615427892324,0.184,0.162,0.11699999999999999,0.086
8025.03,0.14759201883303938,0.146,0.11599999999999999,0.05,0.037000000000000005
8025.04,0.04396952606110442,0.038,0.035,0.04,0.07
8025.05,0.15517508863963966,0.155,0.14,0.128,0.124
8025.06,0.14288928916892507,0.14300000000000002,0.133,0.16399999999999998,0.16
8026.05,0.03750669887743638,0.031,0.028999999999999998,0.027000000000000003,0.036000000000000004
8026.07,0.02127179130211897,0.013999999999999999,0.02,0.028999999999999998,0.015
8026.08,0.04216006448579149,0.036000000000000004,0.027999999999999997,0.025,0.016
8026.09,0.1653066498975552,0.165,0.193,0.18899999999999997,0.18100000000000002
8026.1,0.026866726795176783,0.02,0.016,0.021,0.028999999999999998
8027.01,0.06549146668709571,0.061,0.042,0.047,0.051
8027.02,0.054494331869759674,0.049,0.042,0.04,0.031
8028.01,0.06981827491607703,0.065,0.057999999999999996,0.05,0.059000000000000004
8028.02,0.027869771517764406,0.021,0.015,0.016,0.025
8029.0,0.02995573780031967,0.023,0.034,0.040999999999999995,0.039
8030.05,0.0830129147149696,0.079,0.078,0.079,0.07200000000000001
8030.07,0.04354177326459443,0.038,0.05,0.086,0.068
8030.08,0.033844702888420675,0.027000000000000003,0.032,0.03,0.026000000000000002
8030.1,0.038136474618672415,0.032,0.028999999999999998,0.04,0.037000000000000005
8030.12,0.05163954511290824,0.046,0.035,0.03,0.02
8030.13,0.046966456872659754,0.040999999999999995,0.047,0.053,0.055999999999999994
8030.14,0.05773716203285471,0.052000000000000005,0.062,0.057,0.078
8030.15,0.05157231849959811,0.047,0.048,0.09699999999999999,0.08199999999999999
8030.16,0.04968351952884935,0.044000000000000004,0.036000000000000004,0.036000000000000004,0.04
8030.17,0.0590167002736998,0.054000000000000006,0.045,0.051,0.044000000000000004
8031.0,0.04128412526653612,0.035,0.026000000000000002,0.019,0.025
8032.0,0.04607547910203273,0.04,0.037000000000000005,0.033,0.023
8033.0,0.05955467113681279,0.054000000000000006,0.061,0.057,0.06
8034.0,0.06026564434782711,0.055,0.052000000000000005,0.05,0.019
8035.0,0.05809954829039704,0.052000000000000005,0.046,0.012,0.01
8036.03,0.03375677852239552,0.027000000000000003,0.019,0.01,0.013000000000000001
8036.04,0.04910301526929069,0.043,0.053,0.052000000000000005,0.053
8036.05,0.10810868521544154,0.10400000000000001,0.131,0.096,0.07400000000000001
8036.06,0.2896933170973923,0.297,0.335,0.37799999999999995,0.34600000000000003
8036.07,0.021629229352659936,0.013999999999999999,0.028999999999999998,0.03,0.032
8036.08,0.10418988477310713,0.102,0.055,0.046,0.066
8036.1,0.09145122598811027,0.08800000000000001,0.078,0.076,0.073
8036.11,0.1969928477710321,0.2,0.153,0.153,0.09699999999999999
8036.12,0.313301375587148,0.321,0.21100000000000002,0.095,0.109
8037.01,0.08934218481452307,0.085,0.087,0.063,0.052000000000000005
8037.02,0.07645021274656365,0.073,0.04,0.052000000000000005,0.038
8038.0,0.06464144874302126,0.06,0.063,0.08199999999999999,0.07200000000000001
8039.01,0.11099458320298518,0.109,0.07400000000000001,0.068,0.049
8039.02,0.06485364341721456,0.06,0.05,0.049,0.042
8040.0,0.03782937574471232,0.031,0.040999999999999995,0.035,0.044000000000000004
8041.02,0.033383245414564264,0.027000000000000003,0.026000000000000002,0.039,0.04
8041.04,0.037225774216152,0.031,0.03,0.040999999999999995,0.055
8041.05,0.027324292567950447,0.02,0.023,0.013999999999999999,0.015
8041.06,0.038528673852478414,0.032,0.035,0.034,0.026000000000000002
8041.08,0.09299170213186672,0.09,0.077,0.08800000000000001,0.095
8041.09,0.059203948793533814,0.055,0.046,0.085,0.061
8042.01,0.07067059980235628,0.066,0.07200000000000001,0.079,0.077
8042.02,0.03657680409598191,0.03,0.028999999999999998,0.027000000000000003,0.043
8043.05,0.03090429870774889,0.024,0.047,0.064,0.069
8043.06,0.08349771120633762,0.08,0.05,0.047,0.053
8043.08,0.04152613291699306,0.035,0.035,0.025,0.03
8043.09,0.08407769840192181,0.08,0.073,0.064,0.09699999999999999
8043.1,0.031700625216103916,0.025,0.022000000000000002,0.024,0.049
8043.11,0.06526866460455769,0.06,0.062,0.053,0.02
8044.03,0.18340320711012398,0.183,0.188,0.121,0.11699999999999999
8044.04,0.06712377008694492,0.062,0.081,0.08800000000000001,0.077
8044.05,0.28005152291581603,0.28600000000000003,0.285,0.261,0.20199999999999999
8044.06,0.09606514633267864,0.09300000000000001,0.099,0.11599999999999999,0.099
8045.05,0.05312634100993011,0.047,0.057999999999999996,0.048,0.027999999999999997
8045.06,0.025794423832538743,0.019,0.017,0.028999999999999998,0.061
8045.07,0.03512814401933337,0.027999999999999997,0.042,0.033,0.049
8045.08,0.3015941724835072,0.309,0.34600000000000003,0.366,0.365
8045.09,0.036239822049646035,0.028999999999999998,0.10800000000000001,0.146,0.17
8045.1,0.15403380275241577,0.153,0.163,0.139,0.091
8045.11,0.24944979779423002,0.255,0.225,0.228,0.262
8046.03,0.08763382608226447,0.084,0.115,0.14800000000000002,0.162
8046.06,0.018659276322204148,0.011000000000000001,0.016,0.013999999999999999,0.008
8046.07,0.02850345014906804,0.021,0.042,0.038,0.055
8046.08,0.07087111937330134,0.066,0.062,0.052000000000000005,0.042
8046.09,0.08551469456430699,0.081,0.091,0.075,0.079
8046.1,0.04642380192902505,0.040999999999999995,0.05,0.08199999999999999,0.096
8046.11,0.05674500003407633,0.051,0.078,0.08900000000000001,0.102
8047.01,0.0921886599162497,0.08800000000000001,0.10800000000000001,0.099,0.098
8047.05,0.1148054613319365,0.11199999999999999,0.126,0.11900000000000001,0.102
8047.06,0.046210103881050804,0.04,0.038,0.028999999999999998,0.051
8047.09,0.07194342233593938,0.067,0.061,0.044000000000000004,0.08800000000000001
8047.1,0.03094374397153564,0.024,0.025,0.022000000000000002,0.013999999999999999
8047.11,0.09536302421873329,0.091,0.11,0.086,0.086
8047.12,0.029194700728188996,0.022000000000000002,0.044000000000000004,0.052000000000000005,0.05
8047.13,0.06456158309462612,0.059000000000000004,0.07,0.057999999999999996,0.037000000000000005
8047.14,0.034529226571294765,0.027999999999999997,0.012,0.004,0.004
8047.15,0.11872084238122316,0.11900000000000001,0.051,0.094,0.078
8047.16,0.03831728274670895,0.031,0.057999999999999996,0.045,0.040999999999999995
8048.03,0.059404743679943396,0.054000000000000006,0.057999999999999996,0.057999999999999996,0.064
8048.04,0.0764274243599811,0.07,0.11800000000000001,0.075,0.11900000000000001
8048.05,0.043412636134521905,0.037000000000000005,0.04,0.033,0.037000000000000005
8048.06,0.11601963303381393,0.114,0.10800000000000001,0.114,0.09699999999999999
8048.07,0.04162494000682748,0.035,0.063,0.07200000000000001,0.046
8048.08,0.07976309352914805,0.076,0.042,0.033,0.019
8048.09,0.023677323941321535,0.017,0.006,0.02,0.027000000000000003
8048.1,0.1021378984833628,0.099,0.079,0.057999999999999996,0.071
8049.01,0.07670778720135156,0.073,0.045,0.05,0.047
8049.02,0.02038081353149193,0.013000000000000001,0.01,0.009000000000000001,0.009000000000000001
8050.01,0.02171687840322057,0.015,0.02,0.05,0.063
8050.02,0.10140641026101613,0.098,0.11699999999999999,0.11900000000000001,0.128
8051.05,0.17766400336154017,0.17800000000000002,0.207,0.203,0.16399999999999998
8051.06,0.10579238638567753,0.102,0.1,0.059000000000000004,0.067
8051.07,0.07561860799096913,0.071,0.10800000000000001,0.132,0.106
8051.08,0.05667183890395832,0.052000000000000005,0.051,0.083,0.09699999999999999
8051.09,0.058121566675510355,0.053,0.042,0.044000000000000004,0.078
8051.1,0.05156303172365166,0.046,0.025,0.015,0.016
8051.11,0.1204346185663152,0.11900000000000001,0.10300000000000001,0.115,0.099
8051.12,0.04312755564567512,0.037000000000000005,0.048,0.06,0.06
8052.01,0.028245072125856287,0.022000000000000002,0.027000000000000003,0.062,0.062
8052.02,0.05887041158041835,0.053,0.075,0.07200000000000001,0.06
8053.01,0.1122694485522934,0.11,0.10400000000000001,0.10800000000000001,0.084
8053.02,0.09239667638491086,0.09,0.046,0.057,0.075
8054.01,0.08113109557796247,0.077,0.054000000000000006,0.036000000000000004,0.091
8054.02,0.08725957079110636,0.084,0.051,0.047,0.038
8055.01,0.053132792590712456,0.048,0.057999999999999996,0.08800000000000001,0.10099999999999999
8055.02,0.04643264183710917,0.040999999999999995,0.024,0.034,0.03
8056.0,0.03403301910315819,0.027000000000000003,0.037000000000000005,0.031,0.037000000000000005
8057.01,0.04119151681998925,0.035,0.032,0.034,0.016
8057.02,0.041345071851461725,0.035,0.04,0.042,0.016
8058.01,0.07710052587710176,0.07200000000000001,0.067,0.033,0.028999999999999998
8058.02,0.036095623990232126,0.03,0.034,0.057,0.049
8059.01,0.06449258898105537,0.059000000000000004,0.064,0.05,0.045
8059.02,0.1139411860269445,0.11199999999999999,0.09300000000000001,0.096,0.035
8060.01,0.13837471535613527,0.13699999999999998,0.156,0.16,0.162
8060.02,0.18696141423534932,0.19,0.098,0.084,0.077
8060.03,0.07021410172448611,0.065,0.069,0.053,0.064
8060.04,0.09491660529624853,0.091,0.11199999999999999,0.109,0.115
8061.02,0.05851376590931635,0.053,0.048,0.038,0.032
8061.03,0.0736789415906802,0.069,0.087,0.09699999999999999,0.071
8061.04,0.24545735272475774,0.25,0.24600000000000002,0.23800000000000002,0.222
8062.01,0.0928292848143404,0.092,0.039,0.106,0.11900000000000001
8062.02,0.08301319003043411,0.078,0.1,0.079,0.10400000000000001
8063.0,0.04776199100157581,0.042,0.04,0.046,0.040999999999999995
8064.0,0.1749103896438552,0.17600000000000002,0.146,0.13,0.085
8065.01,0.12814745751901402,0.126,0.12,0.094,0.14400000000000002
8065.02,0.08316257804535934,0.079,0.087,0.08900000000000001,0.08199999999999999
8066.0,0.08034670829933534,0.076,0.07,0.059000000000000004,0.037000000000000005
8067.0,0.042417638940579414,0.036000000000000004,0.033,0.023,0.028999999999999998
8068.01,0.13486033988178417,0.133,0.127,0.098,0.11699999999999999
8068.02,0.0650814048957388,0.06,0.033,0.008,0.01
8069.0,0.10402413757441197,0.10099999999999999,0.09,0.077,0.068
8070.0,0.1686924276837779,0.16699999999999998,0.228,0.187,0.151
8071.0,0.056740029449105236,0.053,0.047,0.113,0.11
8072.0,0.08540314467632085,0.08199999999999999,0.062,0.067,0.047
8073.0,0.1557231386581381,0.156,0.161,0.183,0.149
8074.0,0.16408104484093947,0.165,0.152,0.16699999999999998,0.166
8075.0,0.061379963642936346,0.055999999999999994,0.057999999999999996,0.053,0.055
8076.0,0.10103889305508973,0.09699999999999999,0.10300000000000001,0.069,0.059000000000000004
8077.0,0.18719301959681395,0.188,0.225,0.226,0.134
8078.0,0.04318203946083352,0.037000000000000005,0.034,0.032,0.044000000000000004
8079.0,0.06740548712766828,0.062,0.062,0.040999999999999995,0.037000000000000005
8080.01,0.05591627829178833,0.051,0.024,0.026000000000000002,0.024
8080.02,0.07127781771653482,0.067,0.06,0.071,0.106
8081.0,0.10268284918021744,0.1,0.083,0.08199999999999999,0.087
8082.0,0.14258997369713042,0.142,0.14300000000000002,0.155,0.125
8083.01,0.135163271739197,0.135,0.094,0.105,0.098
8083.02,0.06327814196371341,0.057999999999999996,0.06,0.055,0.047
8084.0,0.045091111694404704,0.038,0.079,0.07200000000000001,0.081
8085.0,0.10394761299617053,0.102,0.052000000000000005,0.051,0.03
8086.0,0.03447889858369876,0.027999999999999997,0.019,0.019,0.02
8087.02,0.28590919737900033,0.29,0.4,0.379,0.34
8088.0,0.08139229760735349,0.077,0.064,0.043,0.07200000000000001
8089.0,0.07336094880392598,0.069,0.055999999999999994,0.054000000000000006,0.044000000000000004
8090.0,0.021913770399562542,0.015,0.005,0.013999999999999999,0.011000000000000001
8091.0,0.04660256724133646,0.04,0.038,0.012,0.022000000000000002
8092.0,0.16897306584061295,0.16899999999999998,0.177,0.162,0.128
8093.0,0.48581529037891036,0.503,0.503,0.488,0.43799999999999994
8094.0,0.2150745715515817,0.217,0.251,0.23399999999999999,0.22699999999999998
8095.0,0.17981019404569418,0.18,0.16899999999999998,0.121,0.095
8096.0,0.13131218953397455,0.129,0.166,0.162,0.155
8097.0,0.07234649310456977,0.068,0.054000000000000006,0.054000000000000006,0.040999999999999995
8098.0,0.09396671256743616,0.091,0.10099999999999999,0.13,0.1
8099.0,0.0737453646355665,0.069,0.064,0.052000000000000005,0.059000000000000004
8100.0,0.1445885438666199,0.14400000000000002,0.13699999999999998,0.138,0.168
8101.0,0.12880863099539164,0.127,0.106,0.08,0.14
8102.0,0.0981781015853183,0.094,0.145,0.149,0.16899999999999998
8103.01,0.06816909526848342,0.063,0.081,0.083,0.083
8103.02,0.06694455790677119,0.062,0.044000000000000004,0.027999999999999997,0.012
8104.0,0.07491753119395757,0.07,0.067,0.047,0.048
8105.01,0.09878664013189513,0.095,0.10300000000000001,0.086,0.051
8105.02,0.141412147937396,0.14,0.122,0.087,0.073
8106.0,0.12827296707448346,0.127,0.125,0.138,0.133
8107.01,0.15790019882447442,0.158,0.121,0.096,0.083
8107.02,0.0786179159408414,0.07400000000000001,0.066,0.046,0.065
8108.0,0.05844787111738937,0.053,0.059000000000000004,0.061,0.053
8109.0,0.09475914737470845,0.092,0.077,0.092,0.087
8110.0,0.07923938002695262,0.075,0.08,0.085,0.065
8111.0,0.15006000143094853,0.15,0.141,0.15,0.11599999999999999
8112.0,0.1038731648006088,0.1,0.139,0.133,0.111
8113.01,0.10657155014183879,0.10400000000000001,0.087,0.08199999999999999,0.10099999999999999
8113.02,0.2283275644887457,0.233,0.2,0.21100000000000002,0.223
8114.01,0.09546986764822797,0.092,0.102,0.107,0.127
8114.02,0.13699166356696435,0.13699999999999998,0.10800000000000001,0.132,0.11800000000000001
8115.0,0.07062416351584301,0.066,0.078,0.092,0.09300000000000001
8116.0,0.17890646228793058,0.18100000000000002,0.13,0.129,0.092
8117.01,0.1409193039173829,0.139,0.158,0.134,0.14800000000000002
8117.02,0.15862700296629936,0.159,0.102,0.07,0.04
8118.0,0.1366853570724432,0.136,0.102,0.094,0.084
8119.0,0.057683470597135265,0.052000000000000005,0.057999999999999996,0.052000000000000005,0.057999999999999996
8120.0,0.04105582434606768,0.036000000000000004,0.027000000000000003,0.071,0.053
8121.0,0.10313493849303042,0.1,0.127,0.14300000000000002,0.165
8122.0,0.05391824756424308,0.048,0.046,0.032,0.027000000000000003
8123.01,0.15079538135437792,0.151,0.102,0.087,0.084
8123.02,0.07361436743115149,0.069,0.068,0.065,0.034
8124.0,0.030986288556966158,0.024,0.02,0.011000000000000001,0.012
8125.0,0.13578394344586925,0.136,0.126,0.177,0.147
8126.0,0.14420130402880013,0.14300000000000002,0.134,0.109,0.111
8127.0,0.10167228518194397,0.099,0.08,0.08,0.083
8128.01,0.15949960111540107,0.158,0.149,0.078,0.08900000000000001
8128.02,0.12924956226893086,0.128,0.113,0.114,0.13699999999999998
8129.0,0.06191325042552763,0.055999999999999994,0.09300000000000001,0.094,0.071
8130.0,0.07572289154076424,0.071,0.099,0.111,0.07400000000000001
8131.0,0.07838316343959063,0.07400000000000001,0.067,0.057999999999999996,0.05
8132.0,0.04605212889553627,0.04,0.043,0.045,0.034
8133.01,0.2527307413997287,0.259,0.225,0.247,0.311
8133.02,0.27518861508704906,0.28,0.267,0.19699999999999998,0.226
8134.0,0.22627276538180696,0.228,0.257,0.203,0.168
8135.0,0.13395327824285172,0.131,0.161,0.11900000000000001,0.131
8136.0,0.25147953513933596,0.254,0.295,0.228,0.196
8137.01,0.35050459354693086,0.363,0.248,0.243,0.22
8137.02,0.23865654599596242,0.243,0.226,0.214,0.21
8138.01,0.1655079618479392,0.165,0.165,0.129,0.138
8138.02,0.17969263944478808,0.18100000000000002,0.18899999999999997,0.203,0.26
8139.0,0.2260841850405898,0.228,0.258,0.213,0.171
8140.0,0.11283281243762801,0.11,0.155,0.177,0.22
8141.0,0.21978364903341163,0.22399999999999998,0.239,0.29,0.22399999999999998
8142.0,0.2624680829860827,0.267,0.287,0.261,0.204
8143.0,0.24198138838624444,0.244,0.275,0.2,0.198
8144.0,0.22539652846911734,0.23,0.177,0.175,0.12
8145.0,0.08539900003774331,0.081,0.09699999999999999,0.091,0.105
8146.0,0.19143789698370525,0.193,0.151,0.10800000000000001,0.08199999999999999
8147.0,0.16428988725599414,0.16399999999999998,0.156,0.125,0.14400000000000002
8148.0,0.06575577922711537,0.06,0.09699999999999999,0.096,0.096
8149.0,0.18504611791831796,0.185,0.22,0.18899999999999997,0.161
8150.0,0.20027423824439305,0.205,0.20199999999999999,0.302,0.27899999999999997
8151.0,0.08620879152757692,0.081,0.14400000000000002,0.142,0.125
8152.0,0.15208247243786344,0.15,0.17300000000000001,0.121,0.15
8153.0,0.08685935759560981,0.081,0.13699999999999998,0.10099999999999999,0.09699999999999999
8154.0,0.1472708453395444,0.147,0.129,0.128,0.115
8155.0,0.1266857905177341,0.125,0.138,0.15,0.147
8156.0,0.12981503916610274,0.128,0.11599999999999999,0.095,0.073
8157.01,0.022324899885822945,0.015,0.018000000000000002,0.02,0.017
8157.02,0.08751714524589428,0.084,0.055999999999999994,0.045,0.051
8158.0,0.04508852943673538,0.039,0.022000000000000002,0.008,0.005
8159.0,0.14006616427369492,0.14,0.106,0.11599999999999999,0.11900000000000001
8160.0,0.0718077298620178,0.068,0.055999999999999994,0.081,0.095
8161.0,0.0891992483803802,0.085,0.1,0.09300000000000001,0.086
8162.0,0.12171109105247109,0.11800000000000001,0.153,0.111,0.095
8163.0,0.12122546861470951,0.12,0.115,0.14300000000000002,0.121
8164.01,0.15306337263430134,0.155,0.125,0.192,0.159
8164.02,0.1893754636490291,0.192,0.18100000000000002,0.212,0.135
8165.0,0.23746154629504937,0.243,0.18899999999999997,0.198,0.141
8166.0,0.22736425153439419,0.23,0.22899999999999998,0.185,0.14800000000000002
8167.0,0.14935681162209968,0.149,0.14800000000000002,0.153,0.105
8168.0,0.08099231497138201,0.077,0.06,0.053,0.033
8169.0,0.15099767961456848,0.151,0.139,0.146,0.13
8170.0,0.14775432119851417,0.14800000000000002,0.131,0.151,0.125
8171.01,0.14909977660925597,0.14800000000000002,0.159,0.14400000000000002,0.126
8171.02,0.07773179380313389,0.075,0.064,0.121,0.131
8172.0,0.26217909960716834,0.268,0.268,0.27899999999999997,0.215
8173.0,0.3502250342739842,0.359,0.331,0.24600000000000002,0.245
8174.0,0.18356680773002731,0.187,0.11699999999999999,0.145,0.111
8175.0,0.30166136552986267,0.311,0.249,0.266,0.271
8176.0,0.13451920200788592,0.132,0.213,0.23,0.226
8177.0,0.17966053071530444,0.18,0.16,0.111,0.102
8179.0,0.1443935007556355,0.14400000000000002,0.11,0.09699999999999999,0.11
8180.0,0.08493002328820107,0.081,0.087,0.09300000000000001,0.079
8181.0,0.03933898240628647,0.033,0.042,0.052000000000000005,0.068
8182.0,0.08551523400625116,0.08,0.107,0.064,0.057
8183.0,0.15718348502701973,0.157,0.17300000000000001,0.182,0.17
8184.01,0.09012161269716396,0.087,0.068,0.075,0.081
8184.02,0.06375073509887388,0.059000000000000004,0.047,0.051,0.08199999999999999
8185.0,0.0732304798524703,0.069,0.048,0.045,0.033
8186.0,0.08541845854315704,0.081,0.092,0.081,0.062
8187.0,0.09196717846610994,0.087,0.098,0.05,0.043
8188.0,0.1247956597256022,0.12300000000000001,0.128,0.133,0.12
8189.0,0.07610084460263755,0.071,0.079,0.057999999999999996,0.067
8190.0,0.052385015380707944,0.047,0.028999999999999998,0.027000000000000003,0.024
8191.0,0.0965891351503386,0.09300000000000001,0.083,0.064,0.07
8192.0,0.18742934566795777,0.18899999999999997,0.16,0.13699999999999998,0.11699999999999999
8193.0,0.09492933690541538,0.091,0.085,0.059000000000000004,0.037000000000000005
8194.0,0.10046898501489096,0.098,0.085,0.10099999999999999,0.075
8195.0,0.13192878679818137,0.129,0.14400000000000002,0.095,0.083
8196.0,0.03828277450093872,0.032,0.027000000000000003,0.03,0.027999999999999997
8197.0,0.04347358271944751,0.037000000000000005,0.054000000000000006,0.055999999999999994,0.055999999999999994
8198.01,0.017656495726096177,0.01,0.011000000000000001,0.008,0.01
8198.02,0.026797996808085686,0.02,0.004,0.002,0.006999999999999999
8199.0,0.022946628098413833,0.016,0.026000000000000002,0.048,0.047
8200.0,0.0685584593071253,0.063,0.064,0.035,0.019
8201.01,0.037283621479433836,0.031,0.027000000000000003,0.033,0.033
8201.03,0.0939491141363649,0.09,0.092,0.07400000000000001,0.035
8201.04,0.16474666064932883,0.16399999999999998,0.18100000000000002,0.151,0.107
8202.01,0.07392147749409647,0.069,0.084,0.081,0.062
8202.02,0.09446682292564036,0.091,0.10300000000000001,0.11199999999999999,0.127
8203.0,0.17689260062957468,0.17800000000000002,0.162,0.154,0.17600000000000002
8204.0,0.22271759044431622,0.22699999999999998,0.196,0.205,0.213
8205.01,0.14160692692190074,0.14,0.155,0.139,0.107
8205.02,0.1217455769202716,0.11900000000000001,0.128,0.10400000000000001,0.115
8206.03,0.179199865620887,0.18,0.136,0.087,0.073
8206.04,0.17530931577390807,0.17600000000000002,0.174,0.16399999999999998,0.185
8206.05,0.2496993247203728,0.255,0.23800000000000002,0.24100000000000002,0.243
8206.06,0.10342470306239893,0.1,0.1,0.081,0.099
8207.0,0.08125741989084062,0.076,0.09699999999999999,0.069,0.081
8208.0,0.09590044445091724,0.09300000000000001,0.08199999999999999,0.092,0.042
8209.01,0.14762933989600402,0.147,0.114,0.085,0.091
8209.02,0.10153607564404796,0.099,0.115,0.15,0.147
8210.01,0.12150719684441774,0.11900000000000001,0.124,0.107,0.124
8210.02,0.1367930264483315,0.134,0.16,0.115,0.132
8211.01,0.13085928546375286,0.131,0.084,0.11199999999999999,0.141
8211.02,0.16412412886831412,0.16399999999999998,0.163,0.145,0.10800000000000001
8212.0,0.21757322970130555,0.221,0.191,0.177,0.156
8213.0,0.21798329149266246,0.222,0.2,0.21600000000000003,0.221
8214.01,0.18940969657933485,0.192,0.19,0.22699999999999998,0.243
8214.02,0.14166477418518256,0.14,0.152,0.131,0.11800000000000001
8215.0,0.28934083844283764,0.29600000000000004,0.32899999999999996,0.342,0.312
8216.0,0.0971449685710025,0.094,0.102,0.115,0.14300000000000002
8217.0,0.05845955740962246,0.052000000000000005,0.084,0.066,0.067
8218.0,0.06901830964413405,0.065,0.05,0.07,0.078
8219.0,0.123228458738241,0.122,0.096,0.102,0.038
8220.0,0.07160128696324973,0.067,0.054000000000000006,0.046,0.094
8221.01,0.09957747899130459,0.09699999999999999,0.087,0.10300000000000001,0.10800000000000001
8221.02,0.10627745819251005,0.102,0.094,0.027000000000000003,0.013999999999999999
8222.0,0.1017510943244205,0.1,0.09699999999999999,0.14800000000000002,0.15
8223.01,0.09624309688758133,0.094,0.049,0.057,0.033
8223.02,0.13860221270817988,0.13699999999999998,0.145,0.13,0.147
8224.0,0.3198503006294533,0.326,0.32799999999999996,0.22699999999999998,0.172
8225.0,0.06805860188641591,0.064,0.027999999999999997,0.031,0.040999999999999995
8226.01,0.08422993280099601,0.08,0.111,0.127,0.113
8226.02,0.0922348320762833,0.08800000000000001,0.10800000000000001,0.09699999999999999,0.10800000000000001
8227.01,0.1116010199267096,0.109,0.10800000000000001,0.10400000000000001,0.114
8227.02,0.15812354034895665,0.158,0.11699999999999999,0.079,0.046
8228.01,0.12156716830852168,0.11800000000000001,0.10099999999999999,0.022000000000000002,0.024
8228.02,0.04860006971592239,0.043,0.027999999999999997,0.027999999999999997,0.053
8229.0,0.10391464169113585,0.10099999999999999,0.13,0.155,0.158
8230.01,0.20268818630178714,0.205,0.16899999999999998,0.13699999999999998,0.099
8230.02,0.10128761641280867,0.098,0.106,0.10400000000000001,0.08199999999999999
8231.01,0.13545924614083793,0.134,0.129,0.11599999999999999,0.109
8231.02,0.1165765453383662,0.113,0.159,0.14300000000000002,0.142
8232.0,0.1019915986010965,0.099,0.081,0.068,0.022000000000000002
8233.02,0.11199940661481828,0.11,0.12,0.149,0.155
8233.03,0.11726494953333817,0.115,0.11,0.10400000000000001,0.096
8233.04,0.12257844330113714,0.12,0.147,0.14300000000000002,0.114
8234.0,0.2201746202089012,0.222,0.242,0.198,0.193
8235.0,0.17166341484218264,0.172,0.161,0.13699999999999998,0.133
8236.02,0.07728441094881233,0.073,0.057,0.047,0.040999999999999995
8236.03,0.406620898294348,0.42200000000000004,0.377,0.425,0.469
8236.04,0.058286532683751405,0.053,0.053,0.057,0.066
8236.05,0.05262932997336969,0.047,0.073,0.09699999999999999,0.073
8237.02,0.15750667895827014,0.158,0.145,0.157,0.096
8237.03,0.24186621092365526,0.245,0.24100000000000002,0.183,0.161
8237.04,0.07000164292381317,0.065,0.08800000000000001,0.09699999999999999,0.084
8237.05,0.24515723368453932,0.25,0.24600000000000002,0.251,0.20600000000000002
8238.01,0.0508668441265142,0.044000000000000004,0.076,0.057999999999999996,0.051
8238.03,0.11221629655851814,0.109,0.11599999999999999,0.092,0.10099999999999999
8238.05,0.10542302029439354,0.10099999999999999,0.128,0.086,0.064
8238.06,0.12453109424808777,0.12300000000000001,0.107,0.106,0.177
8239.01,0.022059806155349193,0.015,0.009000000000000001,0.015,0.015
8239.03,0.02572542971896799,0.019,0.011000000000000001,0.021,0.033
8239.04,0.023239491989426105,0.016,0.016,0.017,0.059000000000000004
8240.03,0.023581891488595408,0.016,0.017,0.004,0.004
8240.04,0.06842719797623065,0.063,0.07400000000000001,0.059000000000000004,0.040999999999999995
8240.05,0.053833686646341354,0.048,0.044000000000000004,0.032,0.017
8240.06,0.07018348517979861,0.066,0.037000000000000005,0.036000000000000004,0.015
8241.05,0.07207831124143711,0.067,0.055999999999999994,0.028999999999999998,0.015
8241.06,0.043942548280004885,0.038,0.036000000000000004,0.043,0.05
8241.07,0.04897590976595845,0.043,0.055999999999999994,0.063,0.063
8241.08,0.11084077523401792,0.10800000000000001,0.1,0.08199999999999999,0.065
8241.13,0.020149435667349447,0.012,0.05,0.052000000000000005,0.05
8241.14,0.03866143855715403,0.033,0.05,0.096,0.095
8241.15,0.09880219574724125,0.096,0.071,0.067,0.031
8241.16,0.09558556217479164,0.092,0.096,0.091,0.067
8241.17,0.03099769953373473,0.024,0.023,0.016,0.012
8241.19,0.05085568608724042,0.045,0.039,0.031,0.032
8241.2,0.0671665787988551,0.062,0.07,0.066,0.062
8241.21,0.06658269990218815,0.062,0.048,0.051,0.021
8241.22,0.0942191672628249,0.08900000000000001,0.10400000000000001,0.044000000000000004,0.054000000000000006
8241.23,0.06755151169447007,0.063,0.038,0.031,0.015
8243.0,0.3028416131838535,0.309,0.32799999999999996,0.27899999999999997,0.23800000000000002
8244.0,0.19923989954973054,0.201,0.212,0.204,0.145
8245.03,0.04154895487053021,0.035,0.040999999999999995,0.035,0.045
8245.05,0.06725529554431922,0.062,0.065,0.053,0.064
8245.06,0.023753309077618804,0.017,0.027999999999999997,0.057,0.06
8245.07,0.14027943783177654,0.138,0.125,0.061,0.057
8246.01,0.0407954258851005,0.035,0.027000000000000003,0.042,0.051
8246.02,0.08348578316559459,0.079,0.087,0.075,0.109
8247.01,0.046190645375637086,0.04,0.043,0.039,0.051
8247.02,0.2140720438929685,0.217,0.212,0.20600000000000002,0.26899999999999996
8248.0,0.24166929654934358,0.247,0.2,0.19699999999999998,0.19
8249.0,0.24030571445457125,0.24600000000000002,0.175,0.17,0.11900000000000001
8250.0,0.11859428750881995,0.11699999999999999,0.098,0.105,0.10099999999999999
8252.0,0.030373065929867618,0.023,0.081,0.109,0.095
8253.02,0.10441083797028758,0.10300000000000001,0.077,0.11699999999999999,0.113
8253.03,0.18855065598579357,0.19,0.182,0.16899999999999998,0.11
8253.04,0.08914633813511486,0.086,0.05,0.044000000000000004,0.059000000000000004
8254.0,0.09370321478482523,0.09,0.084,0.07,0.106
8255.01,0.20288349353925117,0.205,0.19,0.16699999999999998,0.10300000000000001
8255.03,0.15941911463996475,0.159,0.201,0.217,0.212
8255.04,0.12266245358810983,0.122,0.105,0.14300000000000002,0.14400000000000002
8255.05,0.21040748802425321,0.212,0.214,0.16699999999999998,0.11699999999999999
8256.0,0.2341819792668733,0.23399999999999999,0.299,0.179,0.188
8257.0,0.20787848864530634,0.20800000000000002,0.264,0.207,0.192
8258.01,0.40893029867546726,0.42200000000000004,0.359,0.292,0.242
8258.02,0.09773140734736903,0.095,0.125,0.172,0.182
8258.03,0.21333621710167675,0.215,0.20199999999999999,0.139,0.109
8259.0,0.32285392477030095,0.332,0.278,0.247,0.248
8260.0,0.3095492832131427,0.316,0.366,0.34,0.31
8261.0,0.19581157717807723,0.19899999999999998,0.182,0.217,0.17
8262.01,0.16480989179848954,0.166,0.174,0.21600000000000003,0.201
8262.02,0.17531267922203148,0.17600000000000002,0.185,0.184,0.225
8263.01,0.12329825642023558,0.121,0.11199999999999999,0.08800000000000001,0.084
8263.03,0.17967530514019645,0.18,0.174,0.136,0.081
8263.04,0.33911352556248275,0.34700000000000003,0.307,0.2,0.237
8264.01,0.2058464667359653,0.207,0.215,0.165,0.115
8264.02,0.15188865738519552,0.152,0.149,0.166,0.134
8265.0,0.31756062288022735,0.326,0.335,0.33899999999999997,0.251
8266.0,0.2647623298637788,0.271,0.23800000000000002,0.233,0.247
8267.0,0.28547502963086546,0.292,0.242,0.18899999999999997,0.168
8268.0,0.3391248439651695,0.349,0.34299999999999997,0.34600000000000003,0.36
8269.01,0.4310327659389869,0.444,0.405,0.305,0.32799999999999996
8269.02,0.3600273185648353,0.375,0.265,0.345,0.389
8270.0,0.39591607673709517,0.41200000000000003,0.32299999999999995,0.387,0.366
8271.0,0.3337404960094573,0.345,0.314,0.365,0.25
8272.0,0.3214153438490378,0.331,0.29600000000000004,0.302,0.31
8273.0,0.34268619516797816,0.35200000000000004,0.382,0.384,0.3
8274.0,0.3567213131975039,0.365,0.392,0.318,0.409
8275.0,0.3242626337081731,0.332,0.355,0.327,0.322
8276.0,0.32637356852305743,0.331,0.41600000000000004,0.307,0.38799999999999996
8277.0,0.2601095372643224,0.262,0.33899999999999997,0.257,0.303
8278.01,0.1202284509830116,0.11699999999999999,0.12300000000000001,0.08,0.115
8278.02,0.10548368037486978,0.10300000000000001,0.092,0.098,0.086
8278.04,0.07036482156079446,0.065,0.054000000000000006,0.019,0.04
8278.05,0.057067929838847065,0.052000000000000005,0.055999999999999994,0.075,0.078
8279.01,0.08430439218554259,0.081,0.052000000000000005,0.055999999999999994,0.045
8279.02,0.17590202338967423,0.177,0.142,0.12,0.126
8280.0,0.18654252372489316,0.188,0.14300000000000002,0.10400000000000001,0.092
8281.0,0.12315195653796927,0.121,0.114,0.098,0.091
8282.01,0.10257254972851748,0.10099999999999999,0.113,0.182,0.185
8282.02,0.10853457793760905,0.105,0.13,0.11599999999999999,0.121
8283.0,0.12569601684625753,0.12300000000000001,0.128,0.094,0.10400000000000001
8284.01,0.10643303366173797,0.10400000000000001,0.087,0.08800000000000001,0.087
8284.02,0.1200541056247423,0.11800000000000001,0.122,0.126,0.11599999999999999
8285.03,0.19677931008647082,0.20199999999999999,0.14,0.21899999999999997,0.201
8285.04,0.3305228873161862,0.34,0.302,0.281,0.27899999999999997
8285.05,0.1561361170297561,0.156,0.132,0.11199999999999999,0.08
8285.06,0.20067114393669055,0.203,0.245,0.28300000000000003,0.278
8286.01,0.09120921833765333,0.08800000000000001,0.069,0.07,0.061
8286.02,0.08017732233705224,0.076,0.07200000000000001,0.07,0.039
8287.01,0.11459432316366185,0.11199999999999999,0.115,0.10800000000000001,0.11699999999999999
8287.02,0.1759546471304902,0.17800000000000002,0.142,0.158,0.165
8288.01,0.058961963521046594,0.053,0.09300000000000001,0.10099999999999999,0.09
8288.02,0.1451309458727598,0.14300000000000002,0.168,0.131,0.134
8289.0,0.3459147679701555,0.35600000000000004,0.348,0.34299999999999997,0.24600000000000002
8290.0,0.6099059943660916,0.635,0.638,0.677,0.685
8291.0,0.39729792284591936,0.408,0.424,0.35100000000000003,0.373
8292.0,0.23118625413566474,0.235,0.23399999999999999,0.23,0.20800000000000002
8293.01,0.15053338694554796,0.151,0.11,0.113,0.17300000000000001
8293.02,0.35535372444959723,0.368,0.345,0.41200000000000003,0.385
8294.01,0.4630054886679644,0.479,0.499,0.502,0.5870000000000001
8294.02,0.14832654736990256,0.146,0.212,0.19399999999999998,0.139
8295.0,0.18985718319672307,0.191,0.192,0.171,0.166
8296.0,0.12359369137993231,0.121,0.131,0.11,0.11
8297.0,0.30313598044864676,0.31,0.34299999999999997,0.33399999999999996,0.306
8298.0,0.05343785983793227,0.048,0.033,0.028999999999999998,0.038
8299.01,0.11206945723430767,0.11,0.102,0.113,0.073
8299.02,0.07562824027849221,0.071,0.064,0.051,0.038
8300.01,0.11298619591670268,0.10800000000000001,0.136,0.055,0.10400000000000001
8300.03,0.151846112799765,0.152,0.154,0.177,0.141
8300.04,0.10192596793564916,0.099,0.086,0.08,0.07200000000000001
8300.05,0.04548302442376133,0.04,0.035,0.055,0.071
8300.06,0.09569736500027258,0.092,0.091,0.077,0.064
8300.07,0.23830635190564278,0.244,0.19899999999999998,0.22,0.217
8300.08,0.06407367609262948,0.059000000000000004,0.053,0.048,0.051
8301.0,0.1380286882823629,0.13699999999999998,0.15,0.16399999999999998,0.14300000000000002
8302.01,0.2111080955754327,0.214,0.15,0.1,0.087
8302.02,0.2160720950582692,0.222,0.175,0.253,0.19699999999999998
8303.0,0.2773134871914469,0.28300000000000003,0.248,0.191,0.19899999999999998
8304.0,0.17726616730436048,0.175,0.239,0.158,0.201
8305.0,0.22648538454589287,0.231,0.237,0.278,0.243
8306.0,0.23764385779686686,0.243,0.243,0.289,0.266
8307.0,0.3507528222186451,0.361,0.34700000000000003,0.33299999999999996,0.312
8308.0,0.0704322197265024,0.066,0.068,0.08199999999999999,0.08800000000000001
8309.0,0.06705867886344177,0.061,0.102,0.08900000000000001,0.105
8310.0,0.011738883365762436,0.004,0.003,0.008,0.013000000000000001
8311.0,0.16868073020256,0.16899999999999998,0.175,0.171,0.138
8312.0,0.2409158011308684,0.244,0.27,0.237,0.278
8313.0,0.17474670763885491,0.17300000000000001,0.278,0.258,0.307
8314.0,0.21746444481237143,0.222,0.27399999999999997,0.374,0.349
8315.0,0.09163927807636812,0.08800000000000001,0.08900000000000001,0.08800000000000001,0.077
8316.0,0.16382399863911085,0.165,0.135,0.147,0.11699999999999999
8317.0,0.20960964695313236,0.21100000000000002,0.18600000000000003,0.11,0.08
8318.0,0.18168448271803062,0.183,0.161,0.146,0.193
8319.0,0.06330511974481295,0.057999999999999996,0.059000000000000004,0.052000000000000005,0.035
8320.0,0.23139091834518735,0.23600000000000002,0.18899999999999997,0.179,0.17
8321.0,0.20673247392162122,0.21,0.19399999999999998,0.209,0.14
8322.0,0.05600368559383903,0.05,0.077,0.079,0.073
8323.0,0.08932688213667175,0.085,0.085,0.06,0.057
8324.0,0.09358206617627059,0.08800000000000001,0.183,0.17600000000000002,0.19
8325.0,0.18695075900886218,0.187,0.25,0.242,0.264
8326.0,0.07935012634651492,0.075,0.099,0.115,0.10400000000000001
8329.0,0.39442622627436896,0.40700000000000003,0.395,0.382,0.401
8330.0,0.1032008332849574,0.1,0.11599999999999999,0.12,0.151
8331.0,0.13246125882336396,0.131,0.141,0.147,0.128
8333.0,0.38566081817991016,0.39799999999999996,0.396,0.401,0.396
8339.0,0.4434831747173811,0.45799999999999996,0.462,0.434,0.44799999999999995
8340.0,0.24891678632710323,0.254,0.212,0.187,0.19
8342.0,0.3571580774544959,0.36700000000000005,0.37799999999999995,0.354,0.27
8343.0,0.21891787035463867,0.223,0.18100000000000002,0.18100000000000002,0.17800000000000002
8344.0,0.2842665059413465,0.292,0.25,0.256,0.2
8345.0,0.46085388053097687,0.478,0.457,0.478,0.41700000000000004
8346.0,0.4074030345756945,0.418,0.466,0.39299999999999996,0.466
8347.0,0.5463518855663915,0.565,0.563,0.473,0.5329999999999999
8348.0,0.4407720242000298,0.457,0.457,0.502,0.473
8349.0,0.4592021521926686,0.474,0.507,0.48,0.505
8350.0,0.383504537151386,0.396,0.401,0.423,0.40700000000000003
8351.0,0.245677055485652,0.251,0.209,0.201,0.174
8352.0,0.17601329796219584,0.177,0.149,0.128,0.109
8355.0,0.34469978151086944,0.35600000000000004,0.32799999999999996,0.359,0.434
8356.0,0.29845433880476346,0.303,0.431,0.41600000000000004,0.37200000000000005
8357.0,0.6661092452965093,0.687,1.0,1.0,1.0
8358.0,0.3538568605861747,0.365,0.345,0.35600000000000004,0.315
8359.0,0.4536858431007046,0.46799999999999997,0.473,0.415,0.35600000000000004
8360.0,0.32823951197331447,0.337,0.33799999999999997,0.325,0.32899999999999996
8361.0,0.42241123583253826,0.439,0.34600000000000003,0.369,0.35700000000000004
8362.0,0.23405482900760166,0.23800000000000002,0.19,0.146,0.111
8363.0,0.13597775849853722,0.134,0.15,0.132,0.177
8364.0,0.25508798886706036,0.262,0.259,0.32799999999999996,0.32799999999999996
8365.0,0.339958030417439,0.345,0.496,0.429,0.428
8366.0,0.20536906337924674,0.21100000000000002,0.196,0.312,0.466
8367.0,0.3336756801014187,0.34299999999999997,0.35700000000000004,0.366,0.348
8368.0,0.5629698659629814,0.584,0.5539999999999999,0.502,0.63
8369.0,0.39574130688893316,0.41,0.32899999999999996,0.325,0.304
8370.0,0.4755737863698565,0.49200000000000005,0.441,0.375,0.474
8371.0,0.2544156685403938,0.261,0.264,0.326,0.309
8373.0,0.3405119478188362,0.35200000000000004,0.389,0.491,0.455
8374.0,0.4945075037762965,0.516,0.391,0.43,0.494
8378.0,0.33224859154202113,0.341,0.317,0.27399999999999997,0.255
8380.0,0.4421611030800904,0.455,0.512,0.462,0.429
8381.0,0.3132234489914112,0.32299999999999995,0.264,0.276,0.257
8382.0,0.37069750507985944,0.38,0.373,0.282,0.141
8383.0,0.33137079224842336,0.341,0.32899999999999996,0.33399999999999996,0.321
8386.0,0.5962841890307755,0.622,0.504,0.498,0.493
8387.0,0.5266757412688714,0.545,0.496,0.397,0.4
8388.0,0.46717199259125664,0.485,0.429,0.435,0.41
8390.0,0.20770852967412448,0.212,0.166,0.196,0.17
8391.0,0.1686602040022428,0.17,0.17600000000000002,0.214,0.155
8392.0,0.25690559054510026,0.262,0.225,0.187,0.19699999999999998
8395.0,0.27232939718717064,0.278,0.245,0.2,0.253
8396.0,0.266940904592881,0.273,0.251,0.243,0.201
8397.0,0.2634197432151557,0.268,0.317,0.315,0.332
8398.0,0.14448398500136023,0.145,0.124,0.159,0.153
8399.0,0.17702669715563346,0.17800000000000002,0.175,0.172,0.147
8400.0,0.17236686877751115,0.17300000000000001,0.14800000000000002,0.12300000000000001,0.122
8401.0,0.21639290066221778,0.22399999999999998,0.17300000000000001,0.316,0.249
8402.0,0.19744467295736545,0.2,0.203,0.225,0.2
8403.0,0.2599265713685093,0.267,0.24600000000000002,0.29600000000000004,0.303
8404.0,0.3371117634972678,0.34700000000000003,0.32899999999999996,0.327,0.3
8407.0,0.44970479781901596,0.46399999999999997,0.469,0.419,0.392
8408.0,0.36549569918548996,0.379,0.308,0.348,0.314
8410.0,0.16071987888648417,0.162,0.198,0.276,0.276
8411.0,0.35877116409744125,0.37,0.36,0.37200000000000005,0.38
8412.0,0.3244117464076337,0.33399999999999996,0.32,0.337,0.331
8413.0,0.2967707211075118,0.302,0.33399999999999996,0.271,0.324
8414.0,0.45319501951844676,0.469,0.494,0.515,0.653
8415.0,0.555299582784698,0.5760000000000001,0.56,0.523,0.512
8416.0,0.5731967328771647,0.589,0.6809999999999999,0.493,0.628
8417.0,0.4080395260241926,0.42,0.46,0.435,0.428
8418.0,0.3052338635829601,0.314,0.297,0.32,0.34700000000000003
8419.0,0.13369411902918582,0.131,0.192,0.187,0.23800000000000002
8420.0,0.20254407840967406,0.209,0.183,0.33,0.231
8421.0,0.3033366715719896,0.312,0.36,0.43700000000000006,0.366
8422.0,0.13822532734121007,0.136,0.16899999999999998,0.15,0.22
8423.0,0.14212516396413546,0.141,0.154,0.155,0.161
8424.0,0.200611689536561,0.205,0.228,0.335,0.38799999999999996
8425.0,0.6590060380254634,0.684,0.7440000000000001,0.718,0.639
8426.0,0.18172962075011534,0.18100000000000002,0.24100000000000002,0.21,0.21100000000000002
8428.0,0.36931983717656747,0.382,0.321,0.327,0.318
8429.0,0.4073725783944201,0.42200000000000004,0.433,0.495,0.5379999999999999
8430.0,0.49507867344176626,0.514,0.496,0.517,0.519
8431.0,0.39888477933126476,0.415,0.27699999999999997,0.295,0.31
8432.0,0.3252252356681825,0.33399999999999996,0.28300000000000003,0.23399999999999999,0.252
8433.0,0.4454661780825395,0.46,0.46,0.425,0.449
8434.0,0.3475549137792975,0.358,0.268,0.20600000000000002,0.152
8435.0,0.28055078188745397,0.285,0.42200000000000004,0.45,0.36
8436.0,0.2958044468169597,0.304,0.289,0.311,0.225
8437.0,0.07913898817824026,0.075,0.08800000000000001,0.10400000000000001,0.10099999999999999
8438.0,0.23410818612072934,0.23800000000000002,0.289,0.325,0.294
8439.0,0.27899947083803056,0.285,0.263,0.226,0.157
9800.0,0.008077151503226382,0.0,0.0,0.0,0.0
9801.0,0.008077151503226382,0.0,0.0,0.0,0.0
9900.0,0.008077151503226382,0.0,0.0,0.0,0.0
