tract,percent_english_2016,percent_english_2015,percent_english_2014,percent_english_2013,percent_english_2012,percent_english_2011
101.0,97.51486934109292,97.8,97.4,93.1,95.0,94.9
102.01,91.38820604358611,91.3,92.3,93.8,96.1,92.7
102.02,96.34619020490182,96.5,95.6,95.8,96.9,96.5
103.0,92.37941224307758,92.4,93.1,92.5,93.2,91.0
104.0,98.06841782017368,98.3,98.3,97.3,96.2,97.2
105.01,92.88116080125036,92.9,93.2,94.6,92.7,89.8
105.02,97.0249663563311,97.2,96.2,96.4,97.6,97.6
105.03,80.96441114854906,80.5,83.8,86.1,87.6,87.2
106.0,90.77370281628652,90.7,92.9,93.2,92.1,92.9
107.01,91.55170896231475,91.5,92.4,93.0,94.8,97.3
107.02,92.4079649250443,92.5,91.7,91.8,87.8,87.4
201.0,92.11139144304146,92.3,90.0,87.9,83.5,87.8
202.0,80.0283082437425,79.5,82.7,85.6,89.5,90.6
203.01,83.11010909765295,82.8,84.0,85.3,86.1,87.5
203.02,86.35867446257701,86.1,84.8,90.0,91.6,85.8
204.0,88.78344180863198,88.7,88.5,89.2,89.1,90.7
205.0,79.47660793151337,79.2,77.0,77.8,75.8,76.2
206.01,79.79190625703481,79.4,79.5,82.3,80.9,80.5
206.02,82.43556133381179,82.2,81.8,82.4,80.2,82.1
207.01,80.73671453943628,80.3,79.7,83.5,88.6,79.7
207.02,76.74057442862325,76.5,75.9,69.9,70.1,66.3
208.01,80.87814687660638,80.5,82.9,83.8,82.7,83.0
208.02,81.02238531521188,80.8,81.5,80.2,74.6,76.8
209.01,86.0224856232208,86.2,80.0,74.5,73.9,75.1
209.02,72.25780752802928,71.8,73.3,71.3,63.8,66.5
301.01,93.40219716136711,93.5,94.2,92.4,91.5,93.2
301.02,90.92553726257552,90.8,92.5,94.2,96.4,98.0
301.03,81.4845707784031,81.2,78.2,80.5,83.3,91.2
301.04,92.97724427598881,93.1,90.8,90.0,91.2,93.9
302.0,95.44118674740146,95.5,97.4,98.2,96.7,95.7
303.0,83.92923517217143,83.7,82.5,84.0,85.3,86.9
304.0,87.16136192030918,87.0,86.7,89.7,86.9,87.5
305.0,91.13576532825985,91.1,92.1,92.0,92.6,90.8
306.01,91.0922051109761,91.0,93.8,94.2,93.9,94.6
306.03,90.2037463001739,90.1,89.4,92.8,93.0,97.2
306.04,94.33421860876426,94.4,95.1,94.9,95.6,94.5
307.01,91.06533128293022,91.2,89.7,82.9,91.2,91.2
307.02,82.42733668960335,82.1,82.3,83.6,87.0,81.6
307.03,88.36307549300611,88.5,80.7,80.1,81.7,80.1
307.06,89.90362320932566,89.8,90.5,94.3,88.6,86.0
308.0,97.06869878610424,97.3,96.3,94.4,95.7,94.2
309.0,91.0809351645287,91.0,91.1,93.7,94.0,95.0
310.0,96.5915334494441,96.9,93.7,91.1,91.4,89.8
311.0,92.57154873885112,92.6,92.0,92.8,93.2,92.9
312.0,83.49628293872566,83.1,87.2,88.1,91.5,88.0
313.0,85.0269463604207,84.8,87.2,87.7,84.4,85.5
314.0,97.33143285418498,97.5,98.1,98.0,97.0,97.8
315.01,81.46145751819161,81.1,82.0,84.6,83.2,81.4
315.02,90.8140848553937,90.8,90.6,91.1,90.4,90.5
317.0,93.87678251065657,93.9,96.6,95.5,95.9,95.6
318.0,93.96976303441029,94.0,93.1,94.9,97.3,97.3
319.0,94.52070321609854,94.5,97.4,98.2,99.2,99.4
321.0,93.83888753003575,93.9,94.7,94.6,93.8,90.6
401.0,92.14572301785762,92.2,93.1,90.7,91.6,91.9
402.01,85.7520288622312,85.6,85.8,85.4,85.3,87.3
402.02,73.23592482969916,72.6,74.4,77.0,77.0,77.0
403.0,84.17550357800201,83.9,86.7,86.0,87.2,82.5
404.01,88.01722517451151,87.9,89.5,89.9,86.7,85.7
404.02,96.55889142230845,96.8,96.8,94.2,92.1,92.4
406.0,96.94055853577429,97.1,96.2,97.2,97.3,95.1
407.0,88.61540976945865,88.5,89.9,89.4,90.7,88.9
408.0,96.08942169737865,96.2,96.5,96.7,98.0,98.1
409.0,98.53407916878832,98.8,96.9,96.3,97.4,97.8
501.0,96.65415311120651,96.8,97.4,98.1,95.3,95.5
502.0,93.69201395011339,93.8,93.3,92.4,92.3,91.6
503.0,92.40869845885699,92.3,93.9,97.3,97.8,98.5
505.0,97.97430173874224,98.2,98.3,98.1,94.9,96.4
506.0,96.4428806058175,96.6,95.1,97.3,94.7,95.0
507.0,97.88946769057131,98.1,98.7,97.4,97.0,93.1
508.0,93.71651864389806,93.7,94.6,96.2,98.0,97.6
509.0,95.93152409683452,96.0,97.3,98.0,98.9,98.0
510.0,92.70520328911154,92.7,92.6,94.5,94.3,96.7
511.0,98.90209885496452,99.2,98.7,96.0,96.6,97.0
512.0,99.20468937978912,99.5,98.3,96.8,97.3,95.0
513.0,96.37548047709448,96.6,94.3,93.7,93.9,92.3
514.0,97.00924611422263,97.2,98.4,96.6,95.3,95.4
601.0,96.3867906676508,96.6,97.2,95.5,91.6,92.9
602.0,94.71640306781725,94.8,94.9,96.2,93.9,91.9
603.0,97.85541682522562,98.0,99.0,99.6,99.5,99.0
604.0,98.68335314241185,98.9,98.8,98.9,98.4,98.5
605.0,85.55551178976627,85.4,83.4,85.1,85.4,87.3
608.0,96.05394642572617,96.2,96.8,96.4,94.8,95.8
609.0,95.44520869529434,95.6,95.9,95.1,92.8,94.8
610.0,99.43888330839019,99.7,99.9,98.6,98.7,98.8
611.0,99.37279503257962,99.6,99.6,99.6,100.0,99.2
612.0,98.67462900598878,98.9,98.4,98.4,98.4,98.2
615.0,98.8890545568222,99.1,98.3,99.8,98.7,99.0
618.0,98.10042843447225,98.3,98.9,97.9,98.4,96.7
619.01,97.38540650837616,97.6,96.0,96.3,96.0,96.0
619.02,95.48734621746348,95.6,97.4,96.0,95.4,95.8
620.0,97.23409830060858,97.4,97.1,97.2,98.2,98.1
621.0,97.10862905590332,97.3,97.6,96.2,96.6,98.9
622.0,99.17007298712828,99.4,99.7,99.4,98.9,99.0
623.0,99.37165796104631,99.6,99.7,99.7,99.7,99.7
624.0,97.49264818190431,97.7,98.2,96.7,96.3,96.1
625.0,99.463540043801,99.7,99.7,99.6,99.6,100.0
626.0,95.49435577109152,95.6,95.0,96.0,96.5,96.6
627.0,97.43708619555264,97.6,98.2,98.5,97.3,98.8
628.0,98.65136917470099,98.9,97.6,97.7,97.3,97.4
629.0,98.31744727104046,98.5,98.6,99.0,99.5,99.4
630.0,98.96868095510328,99.2,99.2,98.8,98.7,99.3
631.0,99.35903717204975,99.6,99.5,99.3,99.1,98.8
632.0,99.55822185198565,99.8,99.4,100.0,99.0,99.1
633.01,93.13960475235335,93.1,97.5,97.7,94.0,93.9
633.02,95.38553011887181,95.5,95.8,95.1,96.4,96.5
633.03,95.87788449725015,95.9,95.8,100.0,100.0,100.0
634.0,96.94738698187726,97.1,97.7,97.3,97.6,97.9
701.01,99.44702260223099,99.7,99.7,99.3,98.4,97.6
701.02,97.62071076220383,97.8,97.7,97.8,98.0,98.4
701.03,99.7577983328917,100.0,100.0,100.0,100.0,98.8
702.0,98.57638308598187,98.8,98.9,98.3,98.1,98.4
703.0,99.55963797165676,99.8,99.7,99.7,99.6,99.2
704.0,95.31143623089461,95.4,94.5,96.0,97.2,96.9
705.0,96.85583152268981,97.0,96.0,97.7,97.5,97.4
706.0,99.25969422518037,99.5,99.5,99.0,99.1,97.9
707.0,92.57758595253613,92.6,93.2,92.7,93.8,95.4
710.0,97.89865794970075,98.1,97.5,97.9,97.3,97.3
711.0,97.6664659885277,97.8,99.0,99.6,99.5,99.5
712.0,98.03374106240022,98.3,96.4,96.0,95.1,96.0
713.0,99.74906089810453,100.0,100.0,100.0,99.1,99.2
714.0,96.83162013072216,97.0,96.7,96.8,96.4,95.2
715.0,97.3194637486078,97.5,97.9,97.7,96.3,97.3
716.0,98.99281215801025,99.2,99.3,99.5,100.0,99.3
717.0,97.31405137231638,97.5,96.5,96.9,97.3,98.0
718.0,98.11644713970469,98.3,99.2,98.5,99.0,98.9
801.0,99.35724841709708,99.6,99.6,99.3,98.9,98.5
802.01,96.28209712373918,96.4,95.1,97.6,97.1,98.0
802.02,99.09524722667102,99.3,99.2,100.0,100.0,99.5
803.0,99.25730727942181,99.5,99.2,99.3,98.4,97.7
804.0,99.75294420245439,100.0,100.0,100.0,99.5,99.5
810.0,93.13828096535383,93.2,93.2,92.5,93.5,93.7
811.0,96.84487328787091,97.0,95.2,97.1,97.5,96.1
812.01,95.44702500229033,95.5,97.0,97.7,98.2,98.1
812.02,97.52002440382493,97.7,98.3,97.6,97.6,97.9
813.0,97.90588572753252,98.1,98.2,98.1,97.6,98.1
814.01,97.4689756208046,97.7,98.2,95.6,95.7,95.8
814.02,96.71144444271337,96.9,96.0,96.0,95.2,96.3
814.03,98.27441163094542,98.5,98.0,97.9,97.0,97.2
815.0,97.13282709964737,97.3,97.1,97.2,97.5,98.3
816.0,98.764263642124,99.0,98.2,98.3,98.1,98.1
817.0,97.1562933207709,97.3,97.6,98.3,98.0,97.8
818.0,97.15032881524748,97.3,97.3,98.2,97.6,98.2
819.0,99.7577983328917,100.0,100.0,100.0,100.0,100.0
901.0,95.33147096683588,95.5,91.6,93.6,94.0,95.3
902.0,96.48066273388692,96.6,96.3,97.9,97.4,97.4
903.0,95.1719702219116,95.3,94.3,95.4,93.6,91.6
1001.0,87.4999908247902,87.4,86.7,87.1,87.2,91.3
1002.0,94.50211706598247,94.6,95.3,94.9,93.4,96.2
1003.0,95.38038359207312,95.5,95.6,95.4,95.4,96.6
1004.0,98.56752446214809,98.9,98.3,94.8,93.4,92.5
1005.0,87.83828587410248,87.8,91.1,85.8,84.6,85.9
1006.0,86.65222525604277,86.5,87.7,87.4,86.8,84.2
1007.0,85.50952934448397,85.4,84.3,82.6,84.7,83.1
1101.0,91.81648318172358,91.8,92.9,93.0,92.8,93.5
1102.0,82.44599474214439,82.1,83.9,84.3,87.5,86.2
1103.0,82.49576866778592,82.1,81.2,88.4,86.2,85.4
1104.0,84.33054776316605,84.3,79.8,78.3,78.2,80.2
1105.01,84.30536770293733,83.9,91.5,90.5,92.3,89.7
1105.02,80.34689053015616,80.0,76.0,81.3,81.9,81.3
1201.0,96.99929880002153,97.2,97.2,96.1,95.3,93.7
1202.0,94.31780709738705,94.5,91.9,91.0,91.2,92.1
1203.0,88.11366884176354,88.0,88.7,88.9,88.7,88.0
1204.0,83.18181956407649,82.7,85.8,92.8,90.4,91.1
1301.0,72.29246542725555,71.7,73.5,72.0,75.9,72.3
1302.0,96.9209815361846,97.1,97.4,96.0,97.1,92.9
1303.0,78.29571159180438,77.9,78.9,78.8,78.7,78.9
1401.0,79.05604124085333,78.8,77.6,72.9,79.5,74.8
1402.0,81.79978684456928,81.5,84.7,84.3,79.2,76.5
1403.01,54.1961339564644,53.2,44.6,47.8,57.2,54.7
1403.02,84.04035763101919,83.9,86.1,80.3,82.9,78.9
1404.0,75.70310844900538,75.4,72.8,70.6,69.6,72.5
1405.0,73.15958112565085,72.6,74.9,75.0,72.4,76.0
1406.01,65.60026699297683,64.7,63.0,70.1,72.6,69.5
1406.02,80.95045019871966,80.8,80.7,76.5,73.5,76.0
1407.01,84.28073139987458,84.1,82.2,82.7,84.8,83.1
1407.02,81.83791380657937,81.6,83.3,80.6,79.8,77.2
1408.0,83.67488456270537,83.6,82.0,79.1,77.1,79.2
1502.0,87.73655167786515,87.7,85.9,86.8,83.0,84.8
1503.0,88.9350359370365,88.8,91.5,91.6,90.5,89.4
1504.01,83.71245780824093,83.4,82.2,86.7,87.7,88.1
1504.02,84.54964729222688,84.4,85.6,83.4,81.6,83.4
1505.01,84.97072290024414,84.9,83.3,78.6,84.7,84.5
1505.02,71.37494811612609,70.7,74.1,74.4,74.6,77.5
1506.0,85.43342129560834,85.3,82.9,85.3,82.3,78.0
1507.0,81.17141983663284,80.9,80.6,79.1,82.2,80.0
1508.0,84.07019758960526,83.8,82.6,85.3,87.9,87.4
1510.01,73.16557192874532,72.6,73.2,71.7,78.8,82.6
1510.02,84.38706989599038,84.3,79.2,81.9,78.1,78.3
1511.0,71.95305873829918,71.3,73.4,75.1,74.7,77.4
1512.0,70.35423757637048,69.7,69.8,71.5,72.3,70.9
1601.0,83.2434319627582,82.8,86.2,89.6,92.3,90.9
1602.0,87.88842707428057,87.7,86.7,90.7,92.0,93.6
1603.0,83.17595164707596,83.0,80.2,81.9,79.7,76.0
1604.0,88.04327780887063,88.0,86.1,87.2,84.7,85.6
1605.01,77.6041348084115,77.2,77.4,76.0,80.5,77.8
1605.02,87.33139220326755,87.3,86.8,83.3,85.9,83.2
1606.01,84.65040857864051,84.4,83.3,85.1,89.5,83.2
1606.02,89.50162254777796,89.4,90.1,90.1,93.2,93.6
1607.0,86.9621420079928,86.9,86.5,84.4,85.0,82.3
1608.0,86.4584328812541,86.4,86.3,85.3,80.3,80.2
1609.0,88.69203176576765,88.6,88.6,89.2,89.4,89.9
1610.0,96.90939856369117,97.1,97.2,97.1,94.1,93.6
1611.0,97.30022420177872,97.6,98.6,92.6,93.0,93.2
1612.0,77.75473884532094,77.3,78.9,78.6,81.7,83.1
1613.0,86.3832476343008,86.3,85.2,83.9,84.8,81.0
1701.0,78.72814562196541,78.3,78.2,77.5,86.6,92.3
1702.0,84.78284405739565,84.7,81.2,80.3,82.3,82.9
1703.0,82.26755614066421,82.0,83.4,83.6,80.1,81.4
1704.0,82.12306429533398,81.8,81.6,82.8,86.3,88.0
1705.0,87.22635206436354,87.2,83.9,83.7,84.6,89.2
1706.0,85.82428788382234,85.7,85.5,83.7,85.9,88.4
1707.0,83.75062365008286,83.5,85.2,85.4,83.6,77.3
1708.0,80.27920933075887,79.9,84.2,81.7,82.7,79.3
1709.0,88.91384018729764,89.2,83.4,77.1,74.9,71.7
1710.0,83.34579114806913,83.1,85.8,85.0,81.4,81.3
1711.0,89.38845323820897,89.5,87.6,84.0,82.4,76.4
1801.0,77.96435542183531,77.6,78.5,77.2,76.5,79.7
1901.0,64.27602395868426,63.2,63.7,75.4,73.2,70.0
1902.0,71.01627916691972,70.3,69.9,76.4,73.9,76.6
1903.0,71.36758731487963,70.8,69.4,70.9,70.7,70.2
1904.01,73.61036379208598,73.4,68.4,61.6,64.4,66.5
1904.02,70.12304374613208,69.5,65.5,69.9,71.3,69.1
1906.01,77.39026806197262,77.1,73.3,71.9,75.7,71.2
1906.02,75.55814821123614,75.3,75.0,67.7,68.9,64.2
1907.01,73.85390699366079,73.6,71.4,65.4,63.2,58.2
1907.02,72.11409356689343,71.6,72.0,70.8,69.5,76.5
1908.0,74.83667886067336,74.5,70.3,69.9,69.5,68.0
1909.0,81.53952056746579,81.2,83.2,81.8,86.0,83.3
1910.0,71.06480309228489,70.6,69.1,68.4,63.2,56.0
1911.0,73.91303847681031,73.3,75.8,78.2,76.4,74.5
1912.0,68.38603840481736,67.7,68.6,67.9,70.4,75.3
1913.01,82.28333564299162,82.0,81.9,82.5,83.8,81.4
1913.02,73.47554367707866,72.9,75.8,77.1,72.1,73.9
2001.0,73.46066826980645,73.0,70.5,70.8,72.2,70.3
2002.0,72.50903124214487,72.1,67.6,67.1,68.4,68.5
2003.0,74.54031145926339,74.2,74.9,71.9,64.1,73.5
2004.01,66.7999871219918,65.9,68.4,73.6,72.7,70.7
2004.02,74.72259427573772,74.2,78.0,76.5,74.7,81.3
2101.0,84.51055602761186,84.2,89.3,87.8,89.1,89.2
2104.0,81.071825493388,80.7,81.8,82.4,85.7,78.9
2105.01,75.18883466165688,75.0,62.1,64.4,67.6,63.8
2105.02,80.73091224857434,80.6,78.3,75.2,72.9,66.5
2106.01,85.22772504250493,85.2,83.9,82.3,75.7,76.3
2106.02,90.07337505254625,90.2,84.8,85.0,83.6,79.8
2107.0,86.87188157914882,86.9,84.9,81.8,80.3,77.3
2108.0,82.2218801480859,82.1,79.3,78.4,75.0,84.8
2109.0,87.8672743847365,87.8,84.6,87.9,85.1,83.6
2203.0,96.07954122401465,96.2,94.7,96.5,97.6,98.0
2204.0,92.0598348555419,92.0,92.4,96.4,92.8,91.0
2205.0,92.65584962404054,92.7,93.0,91.6,94.0,96.7
2206.01,88.05751984281598,88.0,90.9,89.6,81.4,84.9
2206.02,87.20536571788288,87.1,88.1,85.5,88.5,87.4
2207.01,84.48872471100509,84.5,80.6,79.2,73.4,74.5
2207.02,84.11600009430293,84.0,74.6,81.3,81.1,80.8
2209.01,85.06107210394158,84.8,85.0,86.6,90.1,81.7
2209.02,75.92420377901261,75.4,79.0,77.3,80.2,82.6
2210.0,79.26069577272042,78.9,73.3,78.6,82.0,84.9
2211.0,89.5319832999645,89.5,90.3,89.6,87.4,88.2
2212.0,91.98297876777526,92.0,92.2,92.4,91.6,90.8
2213.0,94.26038729537248,94.5,95.2,90.8,85.1,82.4
2214.0,92.79015152777882,93.1,91.4,82.9,83.7,80.7
2215.0,82.05310540723916,81.8,80.3,82.5,79.8,81.9
2216.0,95.46480380553844,95.7,93.4,90.9,92.5,92.9
2222.0,98.55752456078913,98.8,99.3,97.1,98.1,96.1
2225.0,76.10993942057432,75.6,71.8,77.9,80.0,81.0
2226.0,88.98823175689283,88.9,89.1,90.0,89.3,88.0
2227.0,86.12638969576615,86.2,85.2,78.2,77.6,82.6
2228.0,62.132829752397335,60.8,75.8,80.3,75.9,74.6
2229.0,67.13019005401658,66.3,69.3,68.9,75.5,74.5
2301.0,88.88257017874899,88.9,89.5,87.1,83.2,80.3
2302.0,85.7812524930249,85.7,85.9,84.6,79.9,82.8
2303.0,73.64538795268986,73.4,66.5,63.1,65.8,55.4
2304.0,69.67203575722392,69.1,67.1,66.5,69.2,72.0
2305.0,77.87515686366496,77.4,74.6,82.1,79.2,74.2
2306.0,87.34378491770956,87.4,87.6,80.2,82.5,81.5
2307.0,71.23791237247976,70.4,73.4,79.3,81.6,77.3
2308.0,74.43721407532651,73.8,80.6,81.0,76.3,63.8
2309.0,78.3629778892747,77.9,80.3,80.6,82.4,84.1
2311.0,91.36393624699564,91.2,93.9,96.6,98.4,98.5
2312.0,90.69092483655706,90.6,90.6,93.3,93.5,93.3
2315.0,99.46598048217301,99.7,99.6,99.7,99.7,99.1
2402.0,90.21611221844967,90.2,90.2,89.1,90.6,86.3
2403.0,96.20309404899609,96.3,97.6,97.6,98.3,98.3
2405.0,99.26909674147001,99.5,99.5,99.4,99.4,99.0
2406.0,89.62758052889144,89.6,92.4,86.3,92.7,97.9
2407.0,87.68390678262811,87.7,84.2,82.1,85.7,87.8
2408.0,81.03307674522294,80.9,79.1,76.1,73.2,84.2
2409.0,75.4906270693771,75.1,71.5,73.3,72.6,75.4
2410.0,86.26422251562752,86.2,84.8,84.1,82.0,84.6
2411.0,93.94994637519565,94.1,92.5,92.4,89.8,92.9
2412.0,90.79336481722719,90.8,90.0,89.7,90.7,92.6
2413.0,94.24204974767511,94.3,95.4,92.8,99.3,99.4
2414.0,92.8787930710399,92.9,94.2,94.3,92.8,91.5
2415.0,97.87664789291912,98.1,96.7,96.2,98.0,97.5
2416.0,94.81359787295698,94.9,94.8,95.3,95.7,97.0
2420.0,83.5286150672455,83.2,79.8,87.6,87.1,87.6
2421.0,97.88122899212173,98.1,98.4,97.1,96.7,96.2
2422.0,93.7228742942336,93.8,94.8,94.4,91.9,94.3
2423.0,93.80109275976024,93.8,94.7,95.7,97.8,98.3
2424.0,83.08290063503381,82.8,80.2,84.4,85.4,85.9
2425.0,89.13040987120556,89.0,91.7,90.9,92.3,92.3
2426.0,85.85667755926745,85.8,81.6,80.6,85.3,83.8
2427.0,84.45776802555808,84.0,91.4,93.9,92.6,91.3
2428.0,93.71532626884002,93.9,91.5,89.5,90.1,88.7
2429.0,93.99197852571247,94.1,91.6,93.4,92.6,84.4
2430.0,90.96496578051308,91.1,87.5,84.3,88.6,91.3
2431.0,73.38154591664697,72.8,76.4,74.5,76.4,82.4
2432.0,96.47896499718833,96.7,96.8,93.9,94.1,94.6
2433.0,92.83511302898656,92.9,91.1,91.9,92.8,95.6
2434.0,91.15034121737396,91.1,92.5,93.1,92.2,90.5
2435.0,98.89366225275299,99.1,99.2,99.7,99.2,99.2
2502.0,91.14877220048061,91.1,92.1,93.4,91.6,91.3
2503.0,91.5008798674942,91.5,91.6,90.9,93.2,96.7
2504.0,99.2615097762993,99.5,99.4,99.6,98.3,97.7
2505.0,97.73000016767821,98.0,97.3,95.8,93.2,91.8
2506.0,98.78527597693288,99.0,98.6,98.6,99.7,96.7
2507.0,99.46516255330782,99.7,99.7,99.7,99.6,100.0
2508.0,95.00890010413909,95.0,96.3,98.8,100.0,99.2
2510.0,97.08116773291269,97.2,98.8,99.2,98.3,98.5
2511.0,96.25085185114793,96.3,96.6,99.8,99.7,100.0
2512.0,97.67933912921478,97.8,100.0,100.0,100.0,100.0
2513.0,98.51757603075707,98.7,98.7,99.5,99.8,99.8
2514.0,99.25251235934391,99.5,99.7,98.0,100.0,100.0
2515.0,98.32084518727635,98.5,98.7,99.2,99.5,99.5
2516.0,97.38685624685316,97.5,99.8,99.7,99.6,99.7
2517.0,95.51294096589244,95.6,95.1,95.7,98.9,96.9
2518.0,99.7577983328917,100.0,100.0,100.0,100.0,99.4
2519.0,99.74097504701767,100.0,99.6,99.3,99.5,98.9
2520.0,98.40365724463308,98.6,98.5,98.5,99.5,99.5
2521.01,99.7577983328917,100.0,100.0,100.0,100.0,100.0
2521.02,99.7577983328917,100.0,100.0,100.0,100.0,100.0
2522.01,98.49339138509615,98.7,99.2,98.8,98.4,98.7
2522.02,99.56884749619378,99.8,100.0,100.0,100.0,100.0
2601.0,99.74809007201708,100.0,100.0,100.0,99.0,98.9
2602.0,99.7577983328917,100.0,100.0,100.0,100.0,100.0
2603.0,99.7577983328917,100.0,100.0,100.0,100.0,100.0
2604.0,99.7577983328917,100.0,100.0,100.0,100.0,100.0
2605.0,99.18987554224223,99.4,99.3,100.0,100.0,100.0
2606.0,99.28496254948018,99.5,99.7,100.0,100.0,100.0
2607.0,99.17656297529601,99.4,99.5,99.4,99.6,99.6
2608.0,99.5635212760066,99.8,99.7,99.7,100.0,100.0
2609.0,99.75682750680424,100.0,100.0,100.0,99.9,99.7
2610.0,99.7577983328917,100.0,100.0,100.0,100.0,100.0
2705.0,99.7577983328917,100.0,100.0,100.0,100.0,100.0
2712.0,99.7577983328917,100.0,100.0,100.0,100.0,100.0
2713.0,98.68705685309224,98.9,99.1,99.1,98.4,98.3
2714.0,98.73357561021223,99.0,98.9,97.3,96.5,95.8
2715.0,99.7577983328917,100.0,100.0,100.0,100.0,100.0
2718.0,99.7577983328917,100.0,100.0,100.0,100.0,100.0
2801.0,99.18402383941071,99.4,99.5,99.8,99.7,99.6
2804.0,99.37311422510726,99.6,99.8,99.9,99.5,99.5
2808.0,98.62210564881501,98.8,98.7,100.0,100.0,95.9
2809.0,96.26220785398053,96.3,100.0,100.0,100.0,100.0
2819.0,96.8738636329436,97.1,95.2,94.5,95.1,96.5
2827.0,94.1399110341714,94.6,87.2,80.4,81.6,82.2
2828.0,91.5865594962927,91.5,92.7,95.0,95.0,95.2
2831.0,94.00677168161373,94.0,99.1,95.0,100.0,99.4
2832.0,96.38538273489638,96.5,96.2,97.8,97.5,96.1
2838.0,94.96098950448402,95.0,97.6,97.4,97.2,97.7
2909.0,99.7577983328917,100.0,100.0,100.0,100.0,100.0
2912.0,99.15829687330368,99.4,99.2,99.2,98.1,100.0
2916.0,82.29033976178452,82.4,74.7,67.2,72.3,76.8
2922.0,99.27266090315176,99.5,99.5,99.5,99.6,100.0
2924.0,99.7577983328917,100.0,100.0,100.0,100.0,100.0
2925.0,99.7577983328917,100.0,100.0,100.0,100.0,100.0
3005.0,82.87665454595847,82.9,82.8,73.1,72.9,72.0
3006.0,83.5605688641638,83.4,80.8,81.3,81.3,83.4
3007.0,75.1946012013716,74.6,76.8,79.9,78.9,81.6
3008.0,69.75095312249701,69.0,71.3,73.5,74.7,72.3
3009.0,62.76454470410201,61.9,62.3,62.2,66.3,74.9
3011.0,80.08954674468612,79.8,82.1,80.1,75.9,72.1
3012.0,78.40063721682431,78.2,78.1,72.9,70.3,70.9
3016.0,74.6125936295694,74.2,70.5,73.0,70.4,71.0
3017.01,64.96094488899189,64.1,68.0,66.0,71.2,70.5
3017.02,69.40739670701274,69.1,64.5,55.7,60.4,53.6
3018.01,58.41143489253537,57.4,56.2,58.6,62.8,52.6
3018.02,77.44656879540493,77.3,70.2,70.0,65.7,69.4
3018.03,72.34369840671184,71.7,79.4,75.2,74.9,74.1
3102.0,90.08192631822044,90.1,88.6,88.0,88.6,89.6
3103.0,90.06328019976645,90.1,90.8,87.9,86.5,86.7
3104.0,85.03550720291747,85.1,83.0,76.6,75.3,78.3
3105.0,74.27864150525679,74.0,71.1,66.4,66.4,64.5
3106.0,84.26169589976162,84.0,81.9,86.6,86.1,84.0
3107.0,76.93308033252917,76.7,80.8,68.7,71.7,75.6
3108.0,79.43655151079875,79.2,75.4,76.2,74.6,73.6
3109.0,73.17218932230082,72.5,76.5,77.5,79.0,77.0
3201.0,92.53232308654441,92.5,95.9,95.0,94.6,97.1
3204.0,97.87932738461761,98.1,97.8,96.8,97.1,97.0
3206.0,99.14140087926809,99.4,97.9,98.7,97.4,96.6
3301.0,97.62075085673416,97.8,97.3,97.9,97.9,97.9
3302.0,89.88888578733699,89.9,88.9,87.6,88.8,87.3
3403.0,57.571706693989704,56.6,57.9,55.9,58.4,58.7
3404.0,56.374402267389335,55.2,57.0,60.3,64.1,64.3
3405.0,86.57268506372543,86.4,88.1,89.3,85.1,85.3
3406.0,99.7577983328917,100.0,100.0,100.0,100.0,100.0
3501.0,98.11444622731082,98.3,98.5,99.4,97.4,96.0
3504.0,97.0991665235177,97.4,95.7,94.7,88.7,90.0
3510.0,97.14984337727398,97.3,97.2,98.0,97.9,99.2
3511.0,99.7577983328917,100.0,100.0,100.0,100.0,100.0
3514.0,99.7577983328917,100.0,100.0,100.0,100.0,100.0
3515.0,97.77381454756375,97.9,100.0,100.0,100.0,100.0
3602.0,96.17361741035381,96.3,95.9,97.2,96.2,100.0
3801.0,98.51042096108685,98.7,98.9,99.1,99.7,100.0
3802.0,99.15792418816258,99.4,99.4,98.5,99.2,99.3
3805.0,98.90675508163987,99.1,99.5,100.0,100.0,100.0
3807.0,98.97175967881155,99.2,99.1,98.7,99.2,99.5
3812.0,99.7577983328917,100.0,100.0,100.0,100.0,100.0
3814.0,99.7577983328917,100.0,100.0,100.0,100.0,100.0
3815.0,99.7577983328917,100.0,100.0,100.0,100.0,100.0
3817.0,2.5361471674126506,0.0,0.0,0.0,0.0,0.0
3818.0,96.11041234746868,96.3,97.2,93.9,95.0,98.2
3819.0,99.16686806264498,99.4,99.3,99.3,98.8,98.7
3901.0,98.5049151472302,98.7,98.9,99.0,99.3,100.0
3902.0,99.00199498610009,99.2,100.0,100.0,100.0,100.0
3903.0,99.46514920508419,99.7,99.9,99.8,99.4,98.4
3904.0,99.28465675503567,99.5,99.5,100.0,100.0,99.5
3905.0,95.82845079269705,95.9,97.6,98.1,97.8,98.5
3906.0,96.7798736027086,97.0,95.1,94.3,95.5,96.7
3907.0,96.79982162400523,97.0,96.7,94.9,96.3,96.7
4003.0,99.7577983328917,100.0,100.0,100.0,100.0,99.5
4004.0,99.74906089810453,100.0,100.0,100.0,99.1,99.2
4005.0,99.69357061473978,100.0,98.7,97.6,97.6,97.8
4008.0,99.7577983328917,100.0,100.0,100.0,100.0,100.0
4101.0,95.61296244220698,95.7,95.3,97.1,97.1,97.3
4102.0,98.22339049968744,98.4,99.5,99.3,98.9,98.6
4105.0,99.3549474778642,99.6,99.8,98.9,99.3,99.5
4106.0,99.26067844935095,99.5,99.5,99.3,98.7,99.0
4107.0,98.32593736586546,98.6,97.7,95.7,96.3,93.2
4108.0,95.52006943883448,95.6,95.7,97.1,97.2,96.0
4109.0,98.85582658221057,99.1,98.2,98.3,97.8,97.1
4110.0,98.21223927311597,98.4,99.0,98.6,99.0,98.6
4111.0,98.49793972108897,98.7,99.0,98.8,98.9,98.1
4112.0,97.61495022720493,97.9,98.9,94.8,92.5,93.2
4201.0,99.7577983328917,100.0,100.0,100.0,100.0,100.0
4202.0,98.32858434365176,98.6,97.9,97.4,93.7,94.4
4203.0,99.36275423095375,99.6,99.6,99.4,99.3,99.3
4204.0,99.37989665949588,99.6,100.0,100.0,100.0,100.0
4205.0,98.5840635884369,98.8,98.0,98.2,99.2,99.1
4206.0,99.07837049804304,99.3,99.4,99.3,99.4,98.7
4207.0,98.98246556193989,99.2,99.1,99.3,99.3,98.2
4208.0,98.68981643413238,98.9,99.0,99.1,98.7,99.2
4212.0,99.7577983328917,100.0,100.0,100.0,100.0,100.0
4301.01,99.07692763206522,99.3,99.3,99.4,99.1,100.0
4301.02,99.7577983328917,100.0,100.0,100.0,100.0,98.8
4302.0,99.62763523615149,99.9,98.5,98.6,98.9,98.9
4303.0,98.88815643889632,99.1,99.2,99.6,98.8,97.9
4304.0,98.88571595066477,99.1,99.1,99.1,99.4,100.0
4305.0,95.85721638798199,95.9,98.2,98.5,100.0,100.0
4306.0,99.7577983328917,100.0,100.0,100.0,100.0,100.0
4307.0,97.70920832680575,97.9,97.6,97.8,97.4,95.1
4308.0,98.43514247600638,98.6,100.0,100.0,100.0,100.0
4309.0,99.7577983328917,100.0,100.0,100.0,100.0,100.0
4312.0,99.4688929604354,99.7,99.6,99.7,100.0,100.0
4313.01,99.74132093599252,100.0,99.4,99.4,99.4,99.5
4313.02,97.255357169643,97.4,97.0,98.4,98.4,99.5
4314.0,98.42292101873865,98.6,99.0,99.7,99.4,99.6
4401.01,99.43946223378845,99.7,98.8,98.5,99.1,99.0
4401.02,99.7577983328917,100.0,100.0,100.0,100.0,100.0
4402.01,98.12465322452304,98.3,98.2,99.1,99.0,100.0
4402.02,98.03704634680743,98.2,99.3,99.3,99.2,100.0
4403.0,99.73004355850551,100.0,98.6,98.9,99.2,99.4
4406.0,99.190945822798,99.4,100.0,100.0,100.0,100.0
4407.0,99.37262878713378,99.6,99.7,99.7,99.8,100.0
4408.0,99.7577983328917,100.0,100.0,100.0,100.0,100.0
4409.0,99.45857311067178,99.7,99.2,99.7,99.0,99.3
4503.0,99.27038671022558,99.5,99.5,99.3,99.7,99.0
4601.0,94.43062233106454,94.5,95.3,95.0,95.6,97.4
4602.0,90.22531869384956,90.1,88.8,96.4,89.3,91.1
4603.01,91.07838784064877,91.0,92.4,93.6,93.7,97.5
4603.02,97.21847149606535,97.4,97.9,96.7,97.3,98.1
4604.0,98.7986870928918,99.1,97.3,96.0,95.9,96.7
4605.0,98.6792634482263,98.9,99.1,98.5,98.6,99.7
4606.0,90.9102044679683,90.8,90.3,94.3,95.0,95.5
4607.0,88.02506409249662,87.9,88.8,86.5,93.3,92.8
4610.0,87.12568106455754,86.9,88.7,91.4,89.8,92.0
4701.0,98.98435377136086,99.2,99.7,99.3,99.4,99.6
4801.0,99.7577983328917,100.0,100.0,100.0,100.0,100.0
4802.0,99.7577983328917,100.0,100.0,100.0,100.0,100.0
4803.0,99.00061891109982,99.2,99.1,100.0,100.0,100.0
4804.0,99.52793310194315,99.8,99.1,98.7,98.1,98.0
4805.0,95.02295542261824,95.1,96.7,95.9,96.5,98.8
4903.0,98.69464381826296,98.9,99.2,98.9,99.5,100.0
4904.0,99.7577983328917,100.0,100.0,100.0,100.0,100.0
4905.0,99.07321057316123,99.3,99.2,99.3,98.9,99.0
4906.0,95.84163124168423,95.9,95.2,98.6,98.7,100.0
4907.0,99.190945822798,99.4,100.0,100.0,100.0,100.0
4908.0,98.51060060461583,98.7,98.8,99.3,99.4,99.4
4909.01,98.29316317091124,98.5,98.4,98.3,98.2,98.0
4909.02,98.30398180687197,98.5,98.7,98.4,99.1,100.0
4910.0,99.65233798327664,99.9,99.6,99.6,99.6,100.0
4911.0,99.47244377389353,99.7,99.8,99.9,100.0,100.0
4912.0,98.12721981381058,98.3,98.4,99.0,99.4,100.0
4913.0,99.27296669759627,99.5,99.7,99.5,99.6,100.0
4914.0,99.7577983328917,100.0,100.0,100.0,100.0,100.0
5001.0,99.37989665949588,99.6,100.0,100.0,100.0,99.5
5002.0,97.9009380099514,98.1,99.0,97.6,97.8,97.1
5003.0,89.17635904459715,88.9,94.7,96.4,97.1,95.8
5101.0,75.64037980581159,75.1,76.6,78.1,79.2,79.9
5102.0,97.41166492417106,97.6,97.7,97.1,97.1,97.8
5103.0,98.9982912754197,99.2,99.7,99.8,100.0,99.6
5201.0,73.05279824140702,72.3,79.4,79.3,82.7,84.8
5202.0,86.79597470894247,86.7,82.5,86.6,84.3,85.0
5203.0,80.42792896746447,80.4,76.0,71.5,67.7,71.1
5204.0,83.0598921502619,82.9,78.0,79.7,81.5,77.7
5205.0,82.79973189298444,82.6,81.5,82.3,79.0,78.7
5206.0,79.80076878770332,79.5,77.4,77.7,80.1,77.8
5301.0,86.20545474709499,86.0,88.8,86.9,90.1,86.4
5302.0,99.7577983328917,100.0,100.0,100.0,100.0,100.0
5303.0,99.00153629443334,99.2,99.7,100.0,100.0,100.0
5304.0,99.37943796782913,99.6,99.7,100.0,100.0,100.0
5305.01,99.07820425259719,99.3,99.5,99.4,99.2,100.0
5305.02,99.75197337636692,100.0,100.0,100.0,99.4,96.5
5305.03,98.5094501349994,98.7,98.9,99.1,99.6,100.0
5306.0,97.81512736808759,98.0,98.3,98.2,97.8,99.2
5401.01,97.45031852357867,97.6,98.6,98.5,98.6,98.7
5401.02,98.38791763739795,98.6,98.8,98.1,98.5,98.8
5501.0,92.78722411405028,92.8,92.1,93.6,94.6,93.2
5502.0,92.81702662038272,92.9,90.9,92.3,90.3,92.4
5601.0,83.24130467367867,83.1,87.1,77.6,82.8,83.9
5602.0,98.67972213989304,98.9,99.4,98.5,98.6,97.7
5603.0,82.87795290106878,82.8,82.9,76.6,76.9,79.0
5604.0,73.57910899253166,72.9,78.1,78.3,80.4,80.9
5607.0,75.50463080587306,75.0,76.3,77.2,76.5,79.3
5608.0,90.5242546685643,90.5,91.5,90.8,90.1,93.8
5609.0,94.21210126858054,94.3,94.4,94.1,94.2,93.4
5610.0,92.37170509403487,92.4,94.6,93.2,91.0,90.3
5611.0,90.54518094698798,90.5,91.2,91.4,91.3,93.0
5701.0,73.55261258054594,73.0,71.6,77.5,70.3,73.5
5702.0,82.67974161611012,82.5,81.8,80.4,79.5,80.6
5703.0,77.4258030425797,77.1,75.5,74.9,74.0,75.7
5704.0,81.8863475692866,81.7,83.7,79.4,77.0,75.9
5705.0,72.95601395839333,72.6,67.5,67.1,65.8,69.2
5801.0,68.6810285165286,68.0,67.9,68.2,71.2,74.1
5802.0,71.56608814439912,70.8,75.8,79.3,76.1,78.4
5803.0,61.69961251301155,60.9,63.8,58.9,59.2,62.3
5804.0,74.53650540254039,74.0,71.0,75.9,77.1,76.2
5805.01,75.14748816028043,74.7,73.9,73.9,74.8,72.7
5805.02,69.65793487576609,69.0,67.2,73.0,66.6,68.9
5806.0,72.84192831842353,72.4,72.8,69.3,69.0,72.7
5807.0,73.69700422351512,73.2,69.7,72.3,74.7,68.1
5808.0,76.26870644568949,76.2,76.8,65.8,57.4,58.5
5905.0,73.60335360653052,73.0,73.3,75.8,78.1,78.4
5906.0,83.02129740211132,82.8,84.0,82.1,82.3,85.6
5907.0,76.9336184338521,76.5,76.2,78.0,76.4,76.0
6004.0,69.48905468707544,69.0,68.3,65.3,61.9,59.3
6006.0,78.80072343132521,78.7,72.3,73.0,63.6,71.3
6007.0,73.60034602726873,73.0,77.7,75.2,78.1,74.3
6009.0,85.18954514432036,85.0,86.1,86.0,84.7,85.2
6103.0,80.17501125037896,80.1,76.0,73.5,67.5,66.1
6104.0,64.3002687956486,63.6,62.6,63.4,57.0,55.9
6108.0,96.29502957450472,96.4,97.0,97.5,98.3,98.7
6110.0,92.56766629009739,92.5,93.6,95.6,97.6,94.5
6111.0,81.14758263357608,80.8,85.3,86.9,75.7,72.6
6112.0,79.02031562785959,78.6,81.5,80.6,81.8,83.8
6113.0,75.05863943559193,74.4,81.1,83.0,78.5,78.8
6114.0,75.92233664801195,75.4,77.5,79.6,76.4,79.5
6115.0,77.67288731706665,77.5,75.0,68.5,71.3,70.4
6116.0,94.98598616182615,95.0,95.3,98.2,98.8,100.0
6117.0,87.05517682001081,86.8,91.8,94.5,86.6,87.9
6118.0,98.3367837533076,98.5,100.0,100.0,99.6,97.2
6119.0,96.48007041040553,96.6,97.4,97.7,97.5,99.2
6120.0,99.71262213168512,100.0,98.0,98.9,97.5,99.5
6121.0,98.90583769830636,99.1,98.9,100.0,100.0,100.0
6201.0,76.13467979305909,75.7,74.1,75.3,76.8,75.8
6202.0,74.98001937868958,74.6,76.6,71.6,70.7,70.2
6203.0,81.40207053239389,81.1,80.7,81.9,81.8,81.5
6204.0,71.01988075452303,70.4,70.3,71.3,73.0,72.3
6301.0,79.08576612701484,78.8,76.0,75.9,77.8,77.7
6302.0,71.1732740204394,70.8,66.6,62.0,66.0,65.6
6303.0,61.35576057443888,60.2,64.0,66.9,78.5,74.0
6304.0,75.97725277051072,75.7,72.8,72.9,64.8,64.7
6305.0,73.03689962242902,72.5,71.1,73.5,72.6,72.7
6308.0,81.53060359097014,81.4,77.7,78.5,72.0,70.0
6309.0,71.7782712704273,71.2,67.6,69.5,76.7,74.2
6401.0,83.71728181774516,83.6,82.2,79.6,80.6,87.0
6403.0,92.17015324242897,92.3,90.1,88.7,88.2,90.1
6404.0,88.3558365746366,88.1,91.4,93.5,95.8,94.1
6405.0,87.91477812190413,87.8,85.6,88.4,89.0,87.1
6406.0,88.18592199603017,88.1,86.9,87.7,88.7,92.7
6407.0,86.13044863709123,86.0,87.4,85.7,84.6,86.2
6408.0,88.97535866606525,88.9,88.3,90.0,88.1,85.0
6501.0,81.44956041475847,81.2,81.7,82.5,75.8,73.6
6502.0,81.31508367978154,80.9,82.5,86.1,85.0,86.7
6503.01,86.63943736600427,86.6,86.0,84.3,81.2,81.1
6503.02,79.09589550405613,78.7,75.3,79.9,82.0,84.0
6504.0,78.21230786922574,77.9,75.0,76.6,74.4,77.4
6505.0,77.42079009563466,76.9,79.7,78.9,85.6,83.2
6603.01,93.40760306193405,93.4,99.5,96.8,93.6,89.5
6603.02,77.96554674185917,77.5,79.2,79.5,82.4,82.1
6604.0,81.34023477172893,81.2,79.6,75.9,75.9,77.6
6605.0,77.48257923828677,76.9,78.9,84.1,83.4,80.5
6606.0,93.22750297139616,93.3,94.2,92.8,92.3,94.7
6607.0,97.35681388145767,97.5,98.4,98.1,99.4,100.0
6608.0,92.46077642272809,92.4,92.9,95.2,97.1,95.2
6609.0,98.96321523577696,99.2,98.8,98.8,98.2,98.1
6610.0,98.61253688707951,98.8,98.8,99.7,99.5,99.3
6611.0,89.43286004129493,89.4,89.6,89.2,87.7,90.1
6701.0,99.73449850679259,100.0,100.0,100.0,97.6,98.0
6702.0,99.7577983328917,100.0,100.0,100.0,100.0,100.0
6703.0,99.7577983328917,100.0,100.0,100.0,100.0,100.0
6704.0,99.45988977587454,99.7,98.8,99.4,99.7,99.0
6705.0,97.3161726680203,97.5,96.4,97.1,97.2,98.7
6706.0,99.7577983328917,100.0,100.0,100.0,100.0,100.0
6707.0,99.7577983328917,100.0,100.0,100.0,100.0,100.0
6708.0,98.41956319703311,98.6,98.5,99.6,99.3,99.0
6709.0,98.52808892213282,98.7,99.0,100.0,100.0,100.0
6711.0,99.7577983328917,100.0,100.0,100.0,100.0,100.0
6712.0,99.7577983328917,100.0,100.0,100.0,100.0,100.0
6713.0,99.7577983328917,100.0,100.0,100.0,100.0,99.0
6714.0,99.7577983328917,100.0,100.0,100.0,100.0,100.0
6715.0,99.7577983328917,100.0,100.0,100.0,100.0,100.0
6716.0,99.05702567234248,99.3,99.2,99.2,97.4,98.4
6718.0,98.88062873394452,99.1,99.8,98.9,99.1,100.0
6719.0,99.7577983328917,100.0,100.0,100.0,100.0,100.0
6720.0,98.40428218174569,98.6,98.7,98.4,99.7,99.7
6805.0,99.00046601387757,99.2,99.0,100.0,100.0,98.1
6806.0,99.0869550854675,99.3,99.5,99.7,99.6,100.0
6809.0,99.46613337939527,99.7,99.7,99.7,99.7,100.0
6810.0,97.31980958772313,97.5,97.5,97.4,96.9,99.6
6811.0,98.80624831693044,99.0,99.8,99.6,100.0,100.0
6812.0,99.7577983328917,100.0,100.0,100.0,100.0,100.0
6813.0,97.20604465413652,97.3,99.4,100.0,100.0,100.0
6814.0,99.7577983328917,100.0,100.0,100.0,100.0,100.0
6903.0,99.55510298388755,99.8,99.7,99.6,99.3,99.7
6904.0,98.78670554454662,99.0,99.1,99.0,99.1,100.0
6905.0,96.11661079487115,96.2,98.4,97.0,100.0,100.0
6909.0,99.17478756856694,99.4,99.4,99.3,99.6,99.9
6910.0,97.22935692300364,97.4,97.4,96.7,98.5,100.0
6911.0,98.68790142854516,98.9,98.4,98.5,99.6,99.4
6912.0,99.7577983328917,100.0,100.0,100.0,100.0,100.0
6913.0,96.99015692205813,97.1,97.7,98.5,100.0,100.0
6914.0,99.47437207784485,99.7,100.0,100.0,100.0,99.4
6915.0,98.57640978242911,98.8,98.5,98.1,98.5,98.8
7001.0,96.98094664164402,97.2,96.2,96.2,93.4,97.0
7002.0,85.48796729975429,85.3,83.2,86.3,86.2,86.9
7003.01,82.30589039796563,82.0,83.5,83.5,84.2,82.5
7003.02,90.5133156492935,90.5,92.0,89.6,90.9,89.7
7004.01,94.10669441157896,94.2,93.6,94.1,93.2,93.8
7004.02,93.51768000251555,93.5,95.1,96.8,95.9,95.2
7005.01,99.27009431386422,99.5,99.3,99.6,99.2,98.9
7005.02,96.69258687283576,96.8,98.4,98.4,98.6,100.0
7101.0,97.71243994773627,97.9,97.6,97.7,97.9,96.8
7102.0,99.55167832134494,99.8,99.8,99.2,99.6,99.5
7103.0,99.37766256110005,99.6,99.6,99.9,100.0,100.0
7104.0,99.7577983328917,100.0,100.0,100.0,100.0,99.5
7105.0,99.74710584784648,100.0,100.0,99.7,99.4,99.4
7106.0,98.81304414940219,99.0,100.0,100.0,100.0,100.0
7107.0,99.7577983328917,100.0,100.0,100.0,100.0,100.0
7108.0,99.35935631471789,99.6,99.5,99.2,99.3,99.5
7109.0,99.28009502095975,99.5,99.7,99.7,100.0,100.0
7110.0,99.54441049884231,99.8,99.7,99.3,98.7,98.2
7111.0,98.19651301410444,98.4,99.1,98.1,98.2,99.5
7112.0,99.46306800391062,99.7,99.6,99.7,99.4,99.8
7113.0,99.43451456606685,99.7,99.8,98.4,98.6,98.2
7114.0,99.66057668172623,99.9,99.9,99.9,99.9,100.0
7115.0,99.7577983328917,100.0,100.0,100.0,100.0,100.0
7201.0,98.79254389915452,99.0,99.1,99.3,99.2,99.7
7202.0,97.53594365458905,97.7,97.9,98.2,98.3,98.4
7203.0,98.18394566786186,98.4,98.3,97.7,97.7,97.4
7204.0,99.73679929644695,100.0,99.2,99.2,99.3,99.6
7205.0,99.34265922961889,99.6,99.6,98.7,98.4,98.3
7206.0,99.56367417322885,99.8,99.8,99.7,100.0,100.0
7207.0,99.26909674147001,99.5,99.5,99.4,99.4,100.0
7301.0,98.49942268159712,98.7,98.7,98.8,99.1,98.3
7302.01,99.54361926642433,99.8,99.4,99.1,99.0,98.5
7302.02,98.42002183884034,98.6,98.6,99.2,100.0,100.0
7303.0,99.05846858817982,99.3,99.5,99.5,97.0,96.3
7304.0,99.3558322475665,99.6,99.1,99.2,99.0,98.8
7305.0,99.47082126438671,99.7,99.8,99.8,100.0,100.0
7306.0,99.7577983328917,100.0,100.0,100.0,100.0,100.0
7307.0,99.7577983328917,100.0,100.0,100.0,100.0,100.0
7401.0,99.27801381978617,99.5,99.4,99.6,100.0,99.0
7402.0,99.07980001579728,99.3,99.7,99.3,99.5,99.5
7403.0,99.280247918182,99.5,99.8,99.7,100.0,100.0
7404.0,99.45556704526557,99.7,100.0,99.2,99.4,99.3
7501.0,99.56838880452703,99.8,99.7,100.0,100.0,99.6
7502.0,99.36616549541324,99.6,99.5,99.5,99.5,98.6
7503.0,98.31794605723756,98.5,98.5,99.1,99.4,99.5
7504.0,98.74407505364536,99.0,99.0,97.1,97.9,97.7
7505.0,98.68980308590878,98.9,99.2,99.2,98.5,99.4
7506.0,99.18191589193042,99.4,99.4,99.5,100.0,100.0
7608.01,78.86993905920617,78.5,78.8,80.7,76.3,80.3
7608.02,85.76554185196962,85.6,83.4,86.1,85.9,85.6
7608.03,69.81680730684998,69.2,70.1,68.3,70.9,77.8
7702.01,92.90967409470427,92.9,93.2,95.4,94.3,97.4
7702.02,95.89993122407624,96.1,95.8,94.5,92.0,92.8
7703.0,94.88018488510511,95.0,94.8,94.0,95.0,93.4
7704.0,81.87311239954579,81.5,80.6,84.0,87.9,88.7
7705.0,67.81305380580942,66.8,69.9,80.5,77.7,76.7
7706.01,82.58722094886213,82.4,80.6,78.3,83.4,84.5
7706.02,83.32911373733967,83.2,81.2,79.6,79.7,78.6
7707.0,94.74509499962552,94.9,92.6,93.2,92.5,91.9
7708.0,78.4765294608074,78.2,74.6,73.3,78.0,79.4
7709.01,79.17935778083616,78.8,78.9,79.6,80.8,81.0
7709.02,83.89169882034908,83.6,85.6,86.2,87.0,87.7
8001.0,98.11655407507209,98.3,98.2,98.9,98.5,98.0
8002.0,98.55498471780831,98.8,98.9,97.4,97.4,98.5
8003.0,98.58809983986853,98.8,98.3,98.6,98.9,98.9
8004.0,98.58158310539405,98.8,98.7,98.4,98.5,98.2
8005.0,98.96693229468094,99.2,98.9,98.9,98.4,98.6
8006.0,98.5854664097439,98.8,98.7,98.4,98.9,99.6
8007.0,97.23891243623457,97.4,97.9,97.9,97.4,98.1
8008.0,95.21025108631858,95.3,95.2,95.7,96.9,96.2
8009.0,80.34472767592584,80.0,80.3,81.3,81.0,81.8
8010.0,92.2785463408887,92.3,94.2,92.9,91.7,93.1
8011.0,98.78236354853,99.0,98.8,99.0,98.7,99.7
8012.0,99.46399873546775,99.7,100.0,99.6,99.6,99.7
8013.0,94.89712940988528,94.9,96.0,98.6,98.6,97.7
8014.0,93.53009259076516,93.7,92.0,90.4,88.9,89.9
8015.0,95.60354577195713,95.8,94.1,94.4,91.1,92.0
8016.01,92.27540234005846,92.3,91.5,93.2,91.3,89.2
8016.03,84.45428204258774,84.2,86.2,86.0,86.8,83.9
8016.05,90.37327207918926,90.4,88.7,88.0,89.4,90.0
8016.06,95.83410268113634,96.0,94.2,95.1,94.2,94.2
8016.07,89.17693605936515,89.1,89.6,89.1,90.7,89.0
8016.08,89.99349564431512,90.0,88.3,88.7,88.1,88.8
8017.01,95.90430072227666,96.0,97.1,96.7,98.3,95.9
8017.02,99.56205171358155,99.8,100.0,100.0,99.3,98.8
8018.0,95.14410946747313,95.2,95.9,97.5,96.7,94.5
8019.01,90.81205704711458,90.8,89.5,90.6,91.2,91.1
8019.02,96.91250398384662,97.1,96.7,96.8,95.0,94.4
8020.02,93.98477603019136,94.1,94.5,93.7,90.9,90.0
8020.03,90.40505061237954,90.3,92.2,92.4,94.5,95.7
8020.04,77.6928581279758,77.3,78.9,77.0,78.0,74.3
8021.0,95.85174981305958,96.0,96.2,95.7,94.7,95.3
8022.0,97.83792850770863,98.0,98.8,98.9,98.9,98.8
8023.0,93.19385148763878,93.2,93.9,95.5,94.1,93.8
8024.02,80.48921325505546,80.2,79.0,79.4,79.8,82.2
8024.03,91.18807237186014,91.0,92.7,97.4,98.6,97.7
8024.04,76.47004390443794,76.0,78.4,76.6,79.3,82.3
8025.03,80.1576383522017,79.8,81.3,81.5,80.7,77.3
8025.04,87.10531935813385,87.0,85.9,86.8,86.1,85.0
8025.05,80.1053394955181,79.8,80.0,78.1,81.2,79.0
8025.06,81.28297204729954,80.9,84.6,85.0,83.2,86.2
8026.05,92.45369330534238,92.5,92.8,92.6,91.0,90.0
8026.07,81.71033596832156,81.7,75.1,70.2,75.6,81.6
8026.08,89.08244829796723,88.9,92.0,93.2,93.2,93.7
8026.09,76.70538739719983,76.3,78.1,75.4,76.4,75.2
8026.1,87.73058565848613,87.7,89.2,86.6,82.2,80.9
8027.01,85.65520705147546,85.6,79.1,81.5,82.9,80.2
8027.02,85.62971943575052,85.4,87.2,87.7,88.1,86.8
8028.01,92.80624636565865,92.9,93.0,90.6,91.7,93.2
8028.02,86.49473275483287,86.3,88.8,87.5,89.7,93.5
8029.0,98.10307526268001,98.3,98.5,98.4,97.9,97.5
8030.05,90.3149698769241,90.3,90.7,90.4,88.8,90.7
8030.07,93.32656772572389,93.3,95.4,96.1,96.8,97.4
8030.08,95.7701474855382,95.9,97.0,95.7,95.9,95.1
8030.1,96.82558883422118,97.0,97.2,96.8,95.7,96.2
8030.12,90.3422600424595,90.3,90.1,91.6,89.7,92.8
8030.13,84.47572035571311,84.2,85.2,85.8,89.5,88.8
8030.14,77.64572125638279,77.1,82.4,82.0,83.7,91.4
8030.15,89.96033436096202,90.0,87.0,86.3,88.9,92.0
8030.16,91.3224428774872,91.2,93.9,95.0,96.8,98.6
8030.17,89.60464250888053,89.5,90.8,90.8,92.8,92.0
8031.0,94.70484001688946,94.7,97.0,98.3,98.6,98.9
8032.0,97.24214405716508,97.4,97.9,97.8,97.9,97.5
8033.0,95.83602350418855,96.0,96.1,94.8,94.6,94.9
8034.0,97.41460419859972,97.6,97.7,97.7,96.4,97.7
8035.0,95.59758788963526,95.7,96.5,95.8,97.5,97.3
8036.03,95.55624164974364,95.7,95.5,95.5,93.9,94.0
8036.04,94.54198787612457,94.6,95.1,96.0,95.7,97.8
8036.05,89.12357555777808,89.0,88.7,91.3,91.4,89.6
8036.06,87.90939750364787,87.9,83.9,84.5,85.5,83.5
8036.07,96.65779731237038,96.8,96.0,97.2,97.4,97.6
8036.08,95.50557865079043,95.7,94.0,92.1,94.6,93.8
8036.1,94.35461940454364,94.4,95.3,95.6,96.5,96.3
8036.11,80.15719073902592,79.9,83.2,79.3,74.3,74.9
8036.12,90.1215041236012,90.0,93.6,92.5,94.1,89.7
8037.01,97.63912885596281,97.9,96.3,94.8,95.4,95.5
8037.02,90.548579818539,90.4,93.3,95.2,94.7,94.3
8038.0,95.07333826853998,95.2,95.2,94.7,94.2,93.5
8039.01,92.7482706872417,92.8,92.9,92.5,92.3,94.9
8039.02,92.70689248987686,92.7,91.4,93.7,96.0,95.0
8040.0,93.64334710112324,93.7,93.6,93.4,95.3,96.8
8041.02,96.63822036264023,96.8,97.4,96.4,96.5,96.4
8041.04,92.88397878691332,93.0,92.2,90.9,89.6,87.7
8041.05,95.478203483904,95.6,96.3,95.6,95.3,95.6
8041.06,90.70723603786988,90.6,91.5,94.4,93.2,91.7
8041.08,97.80410108992034,98.3,89.1,87.8,86.3,83.3
8041.09,94.11332389888582,94.2,93.5,93.8,94.4,95.8
8042.01,95.01795582599829,95.1,94.7,95.9,96.3,96.6
8042.02,90.87998832636833,90.8,90.5,92.0,95.7,96.9
8043.05,91.00088699392292,91.1,90.1,89.5,83.2,83.7
8043.06,89.35579290098083,89.3,91.2,90.9,86.4,88.6
8043.08,87.68251765856134,87.7,84.7,84.6,81.3,80.2
8043.09,84.99430298119522,85.0,80.7,80.1,75.3,75.3
8043.1,90.2663639017275,90.2,88.5,91.4,92.2,90.9
8043.11,83.60662391788864,83.4,80.4,82.8,83.6,85.2
8044.03,94.08532268999308,94.2,93.0,92.6,93.6,90.1
8044.04,86.33518323196787,86.4,84.6,79.3,77.9,79.6
8044.05,76.00389827470448,75.6,76.5,78.7,67.0,75.0
8044.06,80.83705183365208,80.6,79.9,78.3,78.4,78.9
8045.05,95.07307261848536,95.2,94.8,95.2,93.4,93.2
8045.06,95.02259759955635,95.1,93.1,95.2,98.2,96.7
8045.07,86.43139323086909,86.1,87.2,92.7,94.2,95.1
8045.08,89.98880574897439,90.2,83.8,80.6,82.4,76.9
8045.09,83.15388663368483,83.0,83.6,80.1,79.9,78.1
8045.1,82.52156401211309,82.4,80.2,78.3,76.7,77.8
8045.11,84.23288302820433,84.0,84.6,88.1,80.2,85.1
8046.03,89.95216942570818,89.9,90.0,90.2,90.8,89.1
8046.06,95.88068170364993,96.0,96.9,96.4,96.4,94.5
8046.07,90.42143613542856,90.3,90.8,94.2,93.4,95.4
8046.08,93.40072168175806,93.5,92.8,92.8,90.9,91.8
8046.09,89.6921609607593,89.7,91.0,88.0,87.0,86.9
8046.1,92.32582386637402,92.4,93.6,92.8,87.1,87.8
8046.11,93.45761959872014,93.6,93.9,90.5,90.7,91.1
8047.01,88.8932160558671,89.1,79.8,78.7,80.4,89.4
8047.05,84.88278620024559,84.7,83.8,84.3,85.5,82.2
8047.06,83.79828008503469,83.5,85.5,84.3,90.3,90.9
8047.09,86.35756929865741,86.2,85.2,88.2,84.7,84.1
8047.1,94.14911851264452,94.2,94.0,95.6,95.0,95.3
8047.11,86.13441956154136,86.0,84.7,85.9,85.1,89.0
8047.12,88.26880676154852,88.2,87.6,86.8,88.9,89.0
8047.13,94.03065239570236,94.0,96.2,98.6,96.9,96.9
8047.14,95.28308265730256,95.3,98.1,98.3,99.6,97.9
8047.15,80.23074209882432,79.9,80.9,80.4,80.4,81.3
8047.16,85.63911493206393,85.7,76.9,79.5,75.2,76.9
8048.03,88.43861269359532,88.4,89.9,86.6,86.9,90.5
8048.04,90.9727010300538,91.0,89.4,90.6,88.3,85.4
8048.05,93.8286268906315,93.9,94.8,93.3,94.9,94.5
8048.06,78.94308982271777,78.5,81.9,83.6,78.5,80.6
8048.07,95.3573025487182,95.6,93.1,92.1,89.2,88.4
8048.08,94.28975249559987,94.5,92.2,90.2,89.6,89.9
8048.09,97.71044490266691,97.9,98.4,98.1,96.9,95.9
8048.1,81.89066513858863,81.6,82.0,81.7,83.6,85.0
8049.01,93.98069366732636,94.1,92.5,92.5,92.8,94.9
8049.02,86.35431002386308,86.1,89.6,88.8,92.4,90.2
8050.01,95.38957976838655,95.5,96.1,95.8,95.6,95.3
8050.02,76.96126035568686,76.5,76.9,78.8,77.8,81.3
8051.05,83.31964644042176,83.0,86.4,87.3,84.5,89.1
8051.06,91.46464015958998,91.5,91.6,91.0,89.3,85.8
8051.07,80.48131898158466,80.2,82.3,79.5,78.3,79.0
8051.08,78.38626947859761,78.0,80.8,78.2,79.0,77.4
8051.09,87.48446327527721,87.4,87.4,85.0,89.0,86.5
8051.1,91.50004130894435,91.5,94.4,92.2,90.5,86.0
8051.11,82.98806169940445,83.0,78.6,74.3,73.3,74.3
8051.12,71.89225612932404,71.1,79.8,80.6,77.7,77.1
8052.01,80.44018636313027,80.2,78.3,78.0,77.2,80.5
8052.02,84.43988078527423,84.1,85.8,88.4,91.1,94.8
8053.01,76.30787261271034,75.8,74.5,77.9,80.5,79.3
8053.02,76.37896655190345,75.9,79.1,78.0,77.2,79.8
8054.01,85.19298154151195,85.0,89.0,85.4,85.6,86.7
8054.02,84.06077434391192,83.8,84.9,85.4,86.4,84.6
8055.01,93.9383373125535,94.0,93.3,94.5,94.7,93.9
8055.02,96.05281673537291,96.2,94.8,96.1,95.5,94.7
8056.0,97.74202357160546,97.9,98.5,98.9,98.8,98.4
8057.01,92.62027731723094,92.6,90.8,94.6,95.4,94.9
8057.02,97.01481871905686,97.2,97.6,96.6,96.0,91.7
8058.01,86.95865397895848,86.7,87.8,91.4,92.2,94.6
8058.02,97.2928060010841,97.5,97.0,96.8,95.2,95.7
8059.01,90.26196103191734,90.2,90.7,91.4,91.4,91.6
8059.02,85.1067478991833,84.9,82.3,86.3,86.0,83.4
8060.01,75.46854243147595,75.0,79.8,76.8,72.9,71.8
8060.02,62.91949675393111,62.0,66.2,65.5,66.4,68.8
8060.03,61.719710083236166,60.8,62.6,64.1,62.5,67.4
8060.04,72.79073436837766,72.4,71.9,69.7,63.2,64.0
8061.02,85.56321165734794,85.4,84.4,85.6,85.2,89.8
8061.03,88.65541927300329,88.6,88.4,87.8,88.0,87.2
8061.04,72.87491107322708,72.4,69.0,68.4,74.5,80.1
8062.01,86.31652046475406,86.1,90.3,88.2,89.4,89.7
8062.02,94.54855057245386,94.6,95.8,95.8,96.6,96.3
8063.0,89.61581456457476,89.5,89.4,91.8,92.5,93.9
8064.0,89.78203601449803,89.8,87.8,87.3,88.2,89.2
8065.01,79.35712963948117,79.1,76.4,74.7,78.5,86.7
8065.02,85.67074824626769,85.4,85.4,89.8,89.1,88.1
8066.0,87.06735096123245,86.9,88.1,88.4,88.9,85.0
8067.0,90.30236981733124,90.3,88.2,89.5,89.4,89.3
8068.01,83.81040289567217,83.6,81.2,83.1,84.5,84.6
8068.02,85.61675842776701,85.6,81.9,81.2,79.0,77.9
8069.0,73.9978203966448,73.4,71.6,77.4,77.4,79.1
8070.0,75.83765424259107,75.4,74.8,72.9,79.3,76.0
8071.0,93.65549599980797,93.7,94.3,95.1,93.6,92.7
8072.0,79.36782312970107,79.0,78.6,79.0,81.8,86.4
8073.0,72.75364538043348,72.2,72.1,72.1,74.8,79.3
8074.0,83.16021184040277,83.0,79.7,79.9,81.5,83.1
8075.0,81.28379002602426,80.9,84.7,85.4,82.6,78.4
8076.0,73.4801285335374,73.1,74.2,68.7,67.4,75.0
8077.0,77.8259097249995,77.3,80.2,84.3,79.3,79.7
8078.0,78.3375560115946,78.0,79.2,78.4,73.9,74.4
8079.0,83.18426139025298,83.0,84.4,80.7,81.9,83.3
8080.01,81.8063292204568,81.6,81.5,79.9,78.0,71.7
8080.02,79.12497301040767,78.7,78.6,81.8,81.3,83.7
8081.0,79.60548297012826,79.1,82.5,86.5,83.4,81.9
8082.0,74.40804945755562,73.9,74.2,75.0,74.6,75.9
8083.01,83.96665214585839,83.7,82.4,84.7,88.0,85.5
8083.02,75.08560844810992,74.6,76.1,76.3,73.8,75.0
8084.0,79.89519864097213,79.4,83.9,85.2,86.0,83.2
8085.0,86.55679150423387,86.5,85.9,84.5,82.1,82.8
8086.0,93.61861765755086,93.7,92.9,92.6,94.2,94.9
8087.02,97.53122902329085,97.7,98.0,97.9,98.3,98.0
8088.0,97.9225828126315,98.1,98.1,98.6,98.5,98.1
8089.0,99.27686340002924,99.5,99.7,99.8,99.5,99.2
8090.0,95.1919057007212,95.2,97.5,98.5,99.7,99.7
8091.0,99.71768846942314,100.0,99.0,98.4,98.7,98.8
8092.0,90.90978430711677,90.8,93.0,93.9,95.2,95.7
8093.0,97.76343433268751,98.0,96.3,96.1,96.3,97.0
8094.0,99.12738313628905,99.4,98.5,97.6,97.7,97.6
8095.0,98.41770760124335,98.6,99.2,99.3,99.5,99.5
8096.0,96.59006479247469,96.8,95.8,94.6,94.8,96.3
8097.0,88.67031501080307,88.5,89.8,90.4,94.7,95.2
8098.0,97.14270160596786,97.3,97.0,97.1,98.7,98.4
8099.0,99.26909674147001,99.5,99.5,99.4,99.4,98.9
8100.0,97.53490603752401,97.7,98.7,98.3,97.9,97.9
8101.0,98.5526511649442,98.8,97.8,97.3,97.5,97.8
8102.0,97.11247231558235,97.3,98.2,96.5,96.4,97.4
8103.01,93.796617740329,93.9,90.4,92.4,93.8,94.3
8103.02,96.79513474418842,96.9,98.8,98.8,98.7,97.7
8104.0,89.78543984791793,89.8,89.6,87.4,88.1,86.3
8105.01,83.5122063954816,83.3,85.3,83.0,82.5,84.6
8105.02,74.75640845720864,74.2,74.5,76.7,78.4,75.9
8106.0,74.73265585662678,74.2,75.9,76.6,75.9,75.7
8107.01,84.09667236883314,84.0,83.6,79.5,80.7,81.7
8107.02,82.33513571347815,82.0,83.3,85.8,83.4,84.0
8108.0,82.81584499109728,82.5,82.4,85.8,84.4,85.1
8109.0,84.45381080843394,84.1,87.5,88.5,92.1,91.4
8110.0,95.14122273034282,95.3,93.5,93.7,93.4,94.3
8111.0,85.1213675302791,85.0,86.4,85.3,78.8,77.6
8112.0,88.15123790693616,88.1,87.3,87.2,85.9,85.4
8113.01,76.61398569083075,76.1,78.1,78.6,81.1,81.0
8113.02,80.14514547727387,79.8,78.8,83.0,77.3,81.1
8114.01,79.23633087513052,78.8,79.3,80.8,84.6,86.8
8114.02,86.26370466346089,86.2,84.2,85.8,79.2,79.0
8115.0,84.20691419058346,84.1,83.3,80.5,80.7,79.6
8116.0,79.47380233875889,79.2,75.8,77.8,75.7,83.7
8117.01,81.14586012114627,80.8,82.4,82.4,83.5,84.0
8117.02,86.05957803354931,86.0,86.2,83.3,81.5,79.9
8118.0,88.59945304291347,88.4,89.7,93.6,91.8,94.4
8119.0,97.71163541695418,97.9,97.7,98.0,97.3,96.9
8120.0,96.57591603643029,96.7,96.8,98.2,96.9,98.3
8121.0,98.6618419715464,98.9,98.3,98.1,97.6,98.1
8122.0,98.66665600745335,98.9,98.7,98.0,98.2,98.2
8123.01,95.6166393567211,95.7,95.6,96.7,98.1,98.6
8123.02,97.54602455074526,97.7,97.5,98.5,98.9,98.8
8124.0,98.98196677574279,99.2,99.2,99.2,99.4,99.3
8125.0,98.79546972564052,99.0,98.9,99.2,99.7,99.6
8126.0,98.62021000835445,98.8,100.0,100.0,99.6,99.1
8127.0,99.72863335601843,100.0,100.0,99.1,98.5,98.3
8128.01,98.10403269068435,98.3,98.5,98.1,98.5,98.9
8128.02,99.23212496164767,99.5,99.5,97.6,98.6,98.6
8129.0,96.96380491911945,97.1,96.8,97.2,99.6,99.8
8130.0,98.7852760267924,99.0,98.8,99.0,99.0,99.5
8131.0,98.80144762924708,99.0,99.2,99.6,99.6,100.0
8132.0,97.49823413496216,97.7,97.2,96.6,97.2,97.3
8133.01,78.8986817651596,78.7,76.7,72.4,74.0,70.0
8133.02,79.87631692939217,79.8,74.4,69.0,73.7,73.2
8134.0,70.88497537472226,70.4,67.3,66.2,68.1,71.3
8135.0,76.20848972088916,75.7,75.5,78.7,78.5,78.6
8136.0,77.02088924661159,76.8,74.3,69.5,70.7,66.0
8137.01,78.06339338209824,77.8,73.7,76.0,70.0,67.2
8137.02,77.89176872374425,77.8,72.1,70.3,62.1,58.1
8138.01,76.83157722637033,76.2,81.6,85.2,82.2,80.8
8138.02,83.11291809066266,83.1,82.3,77.2,71.0,70.6
8139.0,76.0594672932196,75.7,73.0,73.7,71.9,74.6
8140.0,77.41911844908475,77.1,79.2,73.9,74.4,74.7
8141.0,76.5966043585407,76.1,77.1,78.7,79.3,74.0
8142.0,80.24802312104995,80.0,79.6,77.5,77.5,77.5
8143.0,76.43075874261471,75.9,80.6,77.7,82.8,82.3
8144.0,79.2569957593509,79.0,77.3,76.6,74.6,75.9
8145.0,80.81329069713696,80.7,80.6,73.4,74.3,76.1
8146.0,88.46124172044603,88.4,89.0,87.9,87.2,86.8
8147.0,80.87290732120432,80.6,77.9,80.1,79.4,80.3
8148.0,88.62664037935424,88.6,88.2,87.9,84.9,88.9
8149.0,90.0492056158797,90.0,88.9,91.0,89.9,90.6
8150.0,87.08441967643836,87.0,85.4,85.2,86.7,84.0
8151.0,85.18284781100178,85.1,84.6,82.0,81.2,81.0
8152.0,87.84355495422486,87.7,87.7,87.9,91.9,89.6
8153.0,86.7771373597876,86.5,88.4,92.4,91.2,87.0
8154.0,94.2123211063589,94.3,94.3,95.2,92.4,93.4
8155.0,84.84344182806292,84.6,85.5,86.7,86.9,90.7
8156.0,92.3146209082408,92.2,96.9,97.7,96.7,96.1
8157.01,97.70851644913704,97.9,97.6,96.8,99.0,98.3
8157.02,95.53444394984128,95.7,96.3,94.5,93.2,93.7
8158.0,97.89703539033441,98.1,97.3,97.4,98.0,97.9
8159.0,99.42964117022193,99.7,98.3,98.6,98.0,97.9
8160.0,99.35545966214441,99.6,99.7,99.3,98.7,97.6
8161.0,97.39876503717724,97.6,96.9,96.5,96.9,96.2
8162.0,86.70970957930221,86.6,86.0,85.4,86.6,87.2
8163.0,80.51125733960487,80.2,77.1,80.1,81.2,84.0
8164.01,75.8200715820532,75.5,74.2,69.7,73.2,73.4
8164.02,80.72810433412624,80.5,85.3,76.6,78.9,75.6
8165.0,79.7723776884707,79.3,80.2,84.4,85.0,83.2
8166.0,65.55964358095102,64.7,66.3,69.2,69.4,66.5
8167.0,76.67818074759339,76.3,71.9,77.0,71.9,77.4
8168.0,91.66222250088228,91.6,94.8,94.6,93.4,93.9
8169.0,89.18439682376084,89.1,89.2,88.7,92.2,91.6
8170.0,98.4512671612911,98.7,97.3,97.4,96.7,96.2
8171.01,99.74840921468518,100.0,100.0,99.9,99.2,99.0
8171.02,97.22028699732476,97.4,97.6,96.9,97.2,99.3
8172.0,98.80205921813608,99.0,99.6,99.6,99.6,98.8
8173.0,97.4953886471154,97.7,97.2,98.1,94.4,96.7
8174.0,89.39168561501653,89.4,88.8,85.9,89.1,95.3
8175.0,99.53661709397637,99.8,99.7,98.7,98.9,98.3
8176.0,98.31220715709796,98.5,99.2,98.8,99.2,99.4
8177.0,99.37262878713378,99.6,99.7,99.7,99.8,99.5
8179.0,98.78829292139197,99.1,99.2,95.3,95.7,96.8
8180.0,97.3054994483827,97.5,97.9,96.6,96.7,95.2
8181.0,92.80612850137884,92.8,92.4,93.6,96.5,94.5
8182.0,95.92403548123842,96.1,95.3,93.4,96.4,96.6
8183.0,92.2390154526779,92.3,92.3,91.6,90.1,92.9
8184.01,94.54753965183606,94.6,96.2,95.7,96.6,93.8
8184.02,94.93567516846986,95.0,96.1,96.4,96.5,96.8
8185.0,95.72274305326032,95.9,96.1,94.0,94.0,94.5
8186.0,96.89808109167382,97.1,96.8,96.5,94.0,95.3
8187.0,98.35637901313021,98.6,98.1,97.0,97.2,96.4
8188.0,97.42488400369251,97.6,98.7,98.0,96.8,97.5
8189.0,94.07356097942626,94.1,94.7,96.7,95.0,96.3
8190.0,99.1506964103308,99.4,98.7,98.3,98.9,98.9
8191.0,91.79453409845455,91.8,90.0,92.1,92.5,89.0
8192.0,91.01523793381126,91.0,90.3,92.0,90.2,89.6
8193.0,98.2845652352632,98.5,98.5,98.0,97.8,97.3
8194.0,95.55281111987654,95.7,94.1,95.6,93.6,93.9
8195.0,95.67520750819799,95.8,95.2,96.2,95.3,95.5
8196.0,98.37646066624147,98.6,98.3,97.8,97.9,98.2
8197.0,98.32641041093049,98.5,100.0,99.6,99.2,99.4
8198.01,98.7566097862567,99.0,98.5,97.8,98.1,97.7
8198.02,96.9352649292183,97.1,97.2,96.6,97.6,98.6
8199.0,98.18856079483221,98.4,97.3,97.6,98.5,98.3
8200.0,98.11752986302845,98.4,97.9,95.2,95.1,95.2
8201.01,97.0114741957154,97.2,96.7,96.0,96.8,97.4
8201.03,95.59916939915611,95.8,95.1,92.6,93.5,92.1
8201.04,97.16663896152615,97.4,95.8,94.9,95.3,93.3
8202.01,95.59801401753032,95.7,95.7,96.5,96.5,96.0
8202.02,94.94124681798895,95.1,93.3,92.8,93.8,93.2
8203.0,85.51971075014264,85.3,87.0,87.3,87.2,80.1
8204.0,80.2976516781264,79.8,81.3,86.3,87.1,86.3
8205.01,82.81811240914186,82.4,85.1,87.2,91.6,91.3
8205.02,81.89454267533303,81.6,80.9,83.0,82.0,83.1
8206.03,88.45911455741762,88.4,87.6,88.2,86.7,89.7
8206.04,88.59929261493258,88.4,91.1,92.8,92.9,88.2
8206.05,95.18466376892923,95.3,95.6,96.0,93.7,95.2
8206.06,84.72562701919144,84.7,89.0,75.5,83.2,83.4
8207.0,86.47533200061844,86.2,86.8,90.7,92.4,93.7
8208.0,78.33520389934041,77.9,77.6,80.1,80.8,80.9
8209.01,82.85461033816262,82.6,81.4,82.7,84.0,84.6
8209.02,75.79316840519762,75.4,76.4,72.7,74.8,70.8
8210.01,82.77739526249513,82.6,82.6,80.7,79.2,80.1
8210.02,85.16281453905655,85.0,83.7,84.1,85.5,86.1
8211.01,86.66130129834373,86.5,90.0,88.7,85.2,86.8
8211.02,91.45078881163535,91.5,92.7,91.0,87.7,86.1
8212.0,93.2972304366422,93.3,93.2,94.2,97.3,92.5
8213.0,84.40482972878503,84.1,87.3,85.5,92.1,92.6
8214.01,99.07948087312917,99.3,99.7,99.4,99.3,99.4
8214.02,99.04755626535623,99.3,99.6,98.1,98.2,98.7
8215.0,98.02644744890603,98.2,98.5,99.5,97.9,98.5
8216.0,99.26782012093805,99.5,99.3,99.4,99.3,98.2
8217.0,99.12389926338702,99.4,98.1,98.5,95.9,96.3
8218.0,98.92403610386552,99.2,98.2,97.1,97.1,97.7
8219.0,99.21788919390295,99.5,97.8,97.9,96.9,96.9
8220.0,98.56331103635819,98.8,96.5,97.9,97.8,98.3
8221.01,96.16928118194265,96.3,96.7,95.9,97.8,96.5
8221.02,92.95330697029004,93.0,92.2,92.6,93.9,92.7
8222.0,96.27772090051671,96.4,96.7,97.0,97.4,96.0
8223.01,90.84130822995157,90.8,90.8,92.4,91.0,93.2
8223.02,90.87170887723038,90.9,89.8,90.4,87.9,90.1
8224.0,86.6326039081729,86.5,84.6,87.5,85.1,82.6
8225.0,92.73508522652612,92.7,95.4,95.3,95.6,94.6
8226.01,92.57200738065836,92.6,92.1,92.4,93.9,94.9
8226.02,92.11400731895064,92.1,91.3,93.9,93.0,94.9
8227.01,96.51318467686964,96.7,95.2,96.1,94.2,92.7
8227.02,94.71047112606554,94.8,95.7,95.4,94.5,96.2
8228.01,94.39268720605382,94.5,93.6,93.6,94.3,94.9
8228.02,95.72295672455706,95.9,93.3,93.2,95.8,96.6
8229.0,90.8599177018885,90.9,92.3,88.6,89.3,89.6
8230.01,91.22865838149185,91.2,91.9,92.4,91.8,91.8
8230.02,91.52914196401079,91.4,93.6,96.9,95.5,96.2
8231.01,88.41343871231636,88.3,90.1,88.1,91.5,91.3
8231.02,96.30366664936795,96.5,94.5,94.3,95.2,90.8
8232.0,92.03919334300191,92.0,94.0,93.9,94.6,95.5
8233.02,94.50082113018335,94.6,93.4,94.7,93.9,94.3
8233.03,95.53574225509206,95.6,96.2,97.6,97.9,97.2
8233.04,98.92242699244183,99.2,98.2,97.3,96.6,96.1
8234.0,92.1628060864618,92.2,92.4,91.4,92.3,93.3
8235.0,93.83776370700699,93.9,94.2,93.8,95.1,94.4
8236.02,98.28566231198522,98.5,99.2,98.6,96.8,96.4
8236.03,87.50769807355195,87.4,85.6,87.2,88.0,89.7
8236.04,97.67904572767877,97.9,97.6,96.3,96.8,96.7
8236.05,97.98059863543834,98.2,98.0,97.2,97.1,98.0
8237.02,84.87452080534878,84.7,83.9,84.2,84.8,84.6
8237.03,82.49880568338921,82.1,84.7,87.3,87.8,84.3
8237.04,90.52272950345746,90.7,87.4,81.9,86.0,86.6
8237.05,87.39249513613736,87.3,86.7,85.4,88.7,89.2
8238.01,97.27522299152963,97.6,95.0,90.8,94.0,93.6
8238.03,84.30258860929347,84.1,83.1,84.8,83.4,88.0
8238.05,85.24648061325512,84.9,85.3,90.8,92.4,88.9
8238.06,95.21050273199162,95.4,95.0,94.1,89.9,94.5
8239.01,96.64520918686459,96.8,97.3,96.9,96.4,95.9
8239.03,96.66803702293285,96.8,97.4,97.4,97.9,97.8
8239.04,95.70104722713744,95.8,95.8,96.3,97.7,97.4
8240.03,91.13758579138812,91.2,91.5,88.5,89.0,89.4
8240.04,89.1526595897136,89.1,88.3,90.0,86.9,92.4
8240.05,95.03600233950985,95.1,96.1,97.0,96.1,96.5
8240.06,94.9223566344801,95.0,94.4,95.5,96.9,94.5
8241.05,94.16569536401198,94.2,95.3,96.2,95.5,96.1
8241.06,93.5579467199006,93.7,93.7,90.7,91.0,91.7
8241.07,91.87580227165009,91.9,92.4,91.0,92.6,94.1
8241.08,90.82999060835566,90.8,89.8,90.6,93.0,91.5
8241.13,92.52276080053335,92.6,92.1,91.1,91.0,89.2
8241.14,98.05735269984687,98.3,98.7,96.7,96.0,97.1
8241.15,92.9324484880186,92.9,93.9,95.9,95.7,97.9
8241.16,97.44202300774879,97.8,98.7,91.3,90.3,86.5
8241.17,95.72713348030244,95.8,95.9,97.3,98.7,98.5
8241.19,92.03436575943326,92.0,93.0,92.5,96.6,95.8
8241.2,95.4501562632969,95.6,94.5,94.4,94.7,95.5
8241.21,94.922654997885,95.0,96.5,95.5,96.6,98.1
8241.22,97.63465322813157,97.9,97.4,94.6,95.1,95.1
8241.23,94.18769187313191,94.2,95.5,96.4,97.4,97.3
8243.0,98.78620680820903,99.0,99.4,99.3,98.5,97.9
8244.0,93.28191695730212,93.3,92.7,94.5,95.3,97.4
8245.03,98.46848234785432,98.7,98.8,98.2,96.9,97.7
8245.05,92.68998997025727,92.6,93.8,96.4,99.1,99.6
8245.06,94.53566398382414,94.6,94.6,94.7,97.3,97.8
8245.07,96.59174170005058,96.7,97.2,98.3,98.3,98.5
8246.01,98.48695478982285,98.7,98.6,98.4,98.5,98.6
8246.02,97.45456849616657,97.6,96.3,98.5,99.4,99.3
8247.01,94.97413638452485,95.1,91.9,94.6,94.4,95.7
8247.02,95.18189069008693,95.3,95.3,94.9,95.3,93.6
8248.0,82.47778065651477,82.0,85.3,88.3,93.6,91.4
8249.0,98.9284049459079,99.2,98.7,98.1,95.8,97.5
8250.0,94.74726802478972,94.9,94.7,91.7,94.9,93.6
8252.0,95.2269873604923,95.4,92.9,93.1,93.6,94.1
8253.02,97.9472261998187,98.1,98.1,99.7,99.2,99.2
8253.03,98.45498427005461,98.7,97.6,97.9,96.2,97.2
8253.04,95.44917304430096,95.5,96.7,98.1,97.8,98.1
8254.0,96.43611728725794,96.6,95.8,95.8,96.4,97.0
8255.01,96.18195551341218,96.3,96.7,97.1,97.1,98.8
8255.03,98.0052152763188,98.2,98.2,98.1,98.1,98.1
8255.04,99.08437509809681,99.3,99.3,99.5,99.7,99.8
8255.05,99.75007176886282,100.0,99.4,99.7,99.8,99.9
8256.0,99.31561554844953,99.6,99.5,98.0,96.8,97.4
8257.0,95.62193797500545,95.8,94.5,94.0,93.6,93.3
8258.01,99.2621346635524,99.5,99.4,99.1,99.2,98.8
8258.02,96.67946138045811,96.8,96.6,98.0,98.2,96.8
8258.03,94.91581330327745,95.0,95.6,96.3,94.7,96.2
8259.0,96.98473630899055,97.2,96.8,95.3,95.2,95.5
8260.0,94.22335776708532,94.3,96.9,93.9,95.3,95.7
8261.0,94.75052754678016,94.8,97.3,97.0,95.7,95.2
8262.01,96.6503764929265,96.8,95.4,96.5,97.9,98.2
8262.02,96.47532913251965,96.6,98.1,98.0,96.4,98.3
8263.01,98.50004761870976,98.7,98.9,98.7,99.3,99.9
8263.03,98.33443685221987,98.5,99.1,100.0,99.5,99.0
8263.04,97.61344293970122,97.8,97.6,97.9,97.1,100.0
8264.01,97.54110352961133,97.7,97.9,97.8,99.5,99.6
8264.02,98.58169590808596,98.8,99.2,98.3,98.6,97.9
8265.0,99.35640374192515,99.6,99.9,99.1,99.1,99.3
8266.0,99.07918842690826,99.3,99.3,99.3,99.5,99.4
8267.0,99.66768327051138,100.0,100.0,96.6,96.4,95.2
8268.0,96.36232767986968,96.5,98.3,96.6,96.8,96.5
8269.01,99.73510999596257,100.0,100.0,99.2,99.0,98.5
8269.02,97.94312315740952,98.1,98.6,99.4,99.2,99.5
8270.0,97.99407744783045,98.2,97.7,97.7,97.7,98.0
8271.0,98.88088851667467,99.1,98.7,98.9,99.3,96.9
8272.0,96.39172574302589,96.5,97.6,97.7,98.1,97.3
8273.0,95.31286675382347,95.3,97.0,100.0,100.0,98.3
8274.0,97.91780153993432,98.1,99.6,99.6,96.1,96.1
8275.0,91.80863051663869,91.8,92.2,93.3,91.6,90.3
8276.0,99.75101589850307,100.0,99.8,99.9,99.5,99.5
8277.0,97.55940982585304,97.7,98.2,98.9,99.5,98.9
8278.01,97.7317169703464,97.9,97.5,98.0,99.4,99.7
8278.02,99.74323594157975,100.0,100.0,100.0,98.5,97.6
8278.04,96.95212830962267,97.1,97.2,97.4,98.0,98.2
8278.05,98.5166913109143,98.7,99.6,99.6,99.4,100.0
8279.01,98.50490179900659,98.7,99.1,99.1,99.1,98.6
8279.02,96.71119795834731,96.9,96.7,95.5,95.9,96.5
8280.0,93.48100061905458,93.5,95.3,94.7,95.6,96.7
8281.0,97.00662744645818,97.2,94.6,95.6,97.3,96.8
8282.01,97.64527396033034,97.8,98.5,98.7,98.9,99.0
8282.02,97.5278445549976,97.7,98.1,98.4,97.1,96.9
8283.0,99.2602064094606,99.5,99.4,99.4,98.5,97.9
8284.01,97.4324250070084,97.6,97.7,98.2,97.4,98.5
8284.02,98.01620020758492,98.2,98.6,98.5,98.5,98.4
8285.03,98.47498573410518,98.7,98.6,98.5,97.1,97.9
8285.04,95.8959685364023,96.0,98.0,96.7,97.3,98.2
8285.05,95.9392898000786,96.1,95.5,94.8,95.6,95.9
8285.06,96.9641242113661,97.1,97.4,98.3,97.7,99.4
8286.01,98.01878014509606,98.2,98.6,98.3,99.1,99.1
8286.02,98.76778770927541,99.0,98.6,98.3,98.4,98.4
8287.01,98.43239032600583,98.6,98.2,100.0,100.0,100.0
8287.02,98.10444547035578,98.3,97.9,98.9,97.3,98.1
8288.01,96.00264027928687,96.1,96.0,97.7,97.2,97.1
8288.02,95.17818697940653,95.3,95.0,94.7,95.3,97.6
8289.0,94.64467524661639,94.7,95.6,96.1,96.3,96.4
8290.0,99.7577983328917,100.0,100.0,100.0,100.0,100.0
8291.0,88.755215143934,88.7,87.6,89.4,86.0,85.1
8292.0,90.57245771444028,90.5,90.6,92.3,92.7,92.6
8293.01,96.60170236247528,96.7,98.2,98.7,98.5,98.4
8293.02,95.76983572405018,95.9,94.9,95.4,96.7,98.0
8294.01,98.68169701409919,99.0,95.3,95.1,95.4,96.8
8294.02,98.79028305445196,99.0,98.9,99.0,99.5,100.0
8295.0,91.88255304772261,91.8,93.3,95.0,96.2,97.3
8296.0,95.7023104994458,95.8,96.2,96.4,97.6,98.0
8297.0,97.42757077685205,97.6,97.3,97.4,98.3,96.2
8298.0,99.63256212460988,99.9,99.6,98.8,98.9,98.9
8299.01,96.30687252916638,96.4,96.9,98.0,98.7,99.0
8299.02,98.90303802273588,99.1,99.4,99.9,99.8,99.6
8300.01,99.36616549541324,99.6,99.5,99.5,99.5,99.4
8300.03,99.16251266854526,99.4,99.0,99.0,98.9,99.5
8300.04,97.72780691968981,97.9,97.7,97.8,99.3,98.8
8300.05,98.59066642915607,98.8,98.5,98.5,99.3,99.3
8300.06,97.56248859942083,97.7,98.3,99.2,99.3,98.3
8300.07,97.63027952393934,97.8,97.6,98.1,98.5,98.7
8300.08,97.83552816386694,98.0,98.5,98.9,98.7,100.0
8301.0,98.19112748383878,98.4,97.9,98.3,97.5,99.5
8302.01,99.39501639120633,99.7,99.6,97.6,95.9,95.0
8302.02,98.98876260821454,99.2,99.4,99.6,99.4,99.1
8303.0,98.57970824419668,98.8,97.9,98.3,98.6,99.3
8304.0,98.89098281091401,99.1,98.3,99.5,99.4,99.3
8305.0,59.24640088435338,58.2,56.7,60.5,67.7,65.1
8306.0,89.77175119767682,89.7,86.9,90.3,92.0,91.0
8307.0,90.4087350077928,90.3,90.8,92.4,95.1,95.9
8308.0,99.26909674147001,99.5,99.5,99.4,99.4,98.8
8309.0,93.9624537531003,94.0,97.6,96.0,94.0,94.3
8310.0,99.74483165492032,100.0,100.0,99.5,99.5,99.5
8311.0,75.50745732746931,75.0,76.0,78.3,75.0,74.0
8312.0,61.922218966071725,61.1,59.5,61.2,59.5,62.5
8313.0,91.8853991561566,92.2,74.1,78.6,88.0,78.0
8314.0,95.23802678954652,95.3,95.1,97.9,96.1,95.6
8315.0,78.64903586325397,78.4,76.7,75.2,72.8,75.0
8316.0,86.19736207336851,86.1,84.9,83.1,86.5,86.0
8317.0,73.52188249151257,73.0,74.5,72.7,74.7,79.2
8318.0,81.71900204703697,81.4,83.8,81.1,86.1,84.0
8319.0,99.35020023293478,99.6,98.6,98.9,99.0,98.9
8320.0,97.91990928797654,98.1,98.9,98.3,98.6,95.1
8321.0,92.78141064497838,93.0,88.1,86.7,86.7,83.8
8322.0,97.94179223852751,98.2,97.4,96.6,94.2,93.0
8323.0,98.60618634819137,98.8,98.9,99.0,100.0,100.0
8324.0,93.88940300259745,94.1,89.6,89.6,88.7,85.2
8325.0,97.1435062863285,97.3,97.5,98.0,97.2,96.7
8326.0,98.0102490502851,98.2,98.1,98.3,98.3,98.2
8329.0,97.03044557345959,97.2,97.0,97.5,96.2,99.3
8330.0,98.75524710933958,99.0,97.6,98.1,97.6,98.2
8331.0,97.59721784463308,97.8,97.6,96.9,97.1,97.0
8333.0,96.8280559690404,97.0,96.7,96.7,96.2,95.6
8339.0,85.51330853165373,85.3,85.1,88.7,84.5,84.5
8340.0,98.42346576679057,98.6,100.0,99.4,99.8,99.8
8342.0,97.75294914293362,97.9,97.8,99.4,99.2,99.2
8343.0,99.74778422771304,100.0,99.6,99.6,99.7,99.7
8344.0,99.37150506382405,99.6,99.6,99.7,99.7,99.1
8345.0,97.86706678813468,98.0,99.2,100.0,100.0,100.0
8346.0,99.7577983328917,100.0,100.0,100.0,100.0,99.6
8347.0,99.7577983328917,100.0,100.0,100.0,100.0,100.0
8348.0,99.4688796122118,99.7,99.8,99.8,99.8,99.8
8349.0,99.27801381978617,99.5,99.4,99.6,100.0,100.0
8350.0,93.25643481212698,93.3,94.7,93.1,94.7,96.6
8351.0,82.34774902157558,82.0,85.2,85.8,84.4,84.3
8352.0,83.64790160575102,83.6,78.8,77.2,78.0,83.2
8355.0,98.7978434228945,99.0,99.8,99.8,98.8,98.7
8356.0,99.7577983328917,100.0,100.0,100.0,100.0,100.0
8357.0,99.7577983328917,100.0,100.0,100.0,100.0,100.0
8358.0,98.32388386631376,98.5,99.2,99.4,99.4,99.2
8359.0,97.50221694363982,97.7,98.1,97.0,96.8,98.1
8360.0,99.45607917968628,99.7,99.7,99.2,99.5,99.5
8361.0,96.7979343698994,96.9,98.1,98.5,99.6,100.0
8362.0,99.27492169799478,99.5,99.5,99.4,100.0,100.0
8363.0,98.60360641068023,98.8,98.9,99.2,99.4,100.0
8364.0,98.00568736606868,98.2,98.5,98.4,97.6,97.4
8365.0,98.32919673827736,98.5,99.7,99.8,99.2,100.0
8366.0,93.68273186699334,93.8,92.7,93.5,89.6,85.7
8367.0,97.42886822650675,97.6,95.6,97.7,98.2,97.9
8368.0,99.09087848434768,99.3,99.1,99.8,99.9,99.5
8369.0,99.1412345341032,99.4,97.6,98.0,98.6,97.5
8370.0,99.66154750781368,99.9,99.9,99.9,100.0,100.0
8371.0,99.00077180832207,99.2,99.2,100.0,100.0,100.0
8373.0,99.31415331734506,99.6,97.5,97.5,97.8,97.1
8374.0,99.7577983328917,100.0,100.0,100.0,100.0,98.8
8378.0,99.07820425259719,99.3,99.5,99.4,99.2,97.9
8380.0,99.0559017994542,99.3,98.5,98.0,99.4,98.1
8381.0,98.7806282363313,99.0,98.3,99.0,98.6,98.1
8382.0,95.07838277198063,95.3,95.9,89.9,92.9,91.7
8383.0,95.91486710626589,96.0,97.0,97.6,97.9,98.9
8386.0,98.40571174935943,98.6,99.2,98.8,99.1,98.5
8387.0,99.74291669919259,100.0,99.6,99.3,99.7,99.7
8388.0,86.10808024856681,85.9,88.8,87.2,89.3,89.3
8390.0,96.22846825362916,96.4,94.4,94.6,96.7,96.9
8391.0,98.26412424523446,98.5,98.3,96.4,98.4,98.2
8392.0,93.7633699916288,93.8,94.6,95.0,95.1,95.6
8395.0,99.75391502854185,100.0,100.0,100.0,99.6,99.4
8396.0,99.73770333155683,100.0,100.0,99.3,99.1,99.0
8397.0,83.5093013482588,83.3,83.4,83.0,82.5,81.2
8398.0,84.58302204743869,84.4,83.3,83.4,85.4,84.7
8399.0,85.40452111109214,85.2,87.7,85.0,88.8,92.1
8400.0,82.62279607385906,82.4,82.6,81.8,80.9,75.9
8401.0,71.02784541446175,70.3,76.1,72.4,80.8,73.4
8402.0,64.58636761793382,63.8,65.8,64.0,65.5,63.7
8403.0,75.03615527871112,74.6,75.6,73.0,74.3,80.2
8404.0,79.98998290500418,79.8,79.8,74.3,75.7,70.7
8407.0,80.45937732935523,80.2,77.5,78.6,78.3,73.8
8408.0,68.96976698738102,68.4,67.6,67.4,63.4,55.7
8410.0,94.76034259344365,94.8,95.7,96.2,98.3,100.0
8411.0,39.667758191150945,38.0,41.0,44.3,46.3,46.0
8412.0,83.29724267203974,83.2,80.9,79.1,77.3,79.7
8413.0,80.33400252738988,80.0,78.8,80.9,80.8,83.7
8414.0,97.8516997164621,98.0,98.7,99.1,100.0,100.0
8415.0,99.17738090416121,99.4,99.4,99.4,99.7,100.0
8416.0,99.7577983328917,100.0,100.0,100.0,100.0,100.0
8417.0,94.60568835058048,94.8,93.5,92.5,88.9,82.7
8418.0,99.7577983328917,100.0,100.0,100.0,100.0,99.7
8419.0,96.86618403594419,97.0,97.9,97.8,98.1,99.3
8420.0,96.17370346673898,96.3,96.6,96.9,96.6,97.6
8421.0,94.40561970667889,94.5,95.7,93.9,94.8,93.7
8422.0,90.56611996523532,90.4,96.1,95.0,96.4,96.3
8423.0,98.50040690576772,98.7,98.7,99.1,98.7,97.9
8424.0,99.7577983328917,100.0,100.0,100.0,100.0,100.0
8425.0,98.46062953319088,98.7,97.5,97.3,97.8,98.9
8426.0,88.82372383473042,88.7,91.1,90.6,90.5,89.9
8428.0,63.77337435459344,62.7,72.1,73.7,71.6,72.8
8429.0,94.86415283164908,95.0,94.7,93.5,94.2,95.5
8430.0,99.46598048217301,99.7,99.6,99.7,99.7,100.0
8431.0,98.90706087608439,99.1,99.7,100.0,100.0,100.0
8432.0,80.81451785794127,80.6,76.2,77.2,78.5,79.7
8433.0,96.06855654204612,96.2,95.3,98.1,93.7,93.8
8434.0,98.7558913118598,99.0,99.3,97.8,97.9,98.3
8435.0,95.8075779071678,95.9,97.1,97.1,97.4,97.5
8436.0,95.0933540361293,95.1,98.0,98.8,98.7,98.8
8437.0,93.31290931966231,93.3,96.0,95.8,95.8,95.0
8438.0,89.81528076181912,89.6,88.1,96.0,96.5,97.8
8439.0,98.96873439785723,99.2,98.6,98.8,98.8,98.3
9800.0,2.5361471674126506,0.0,0.0,0.0,0.0,0.0
9801.0,2.5361471674126506,0.0,0.0,0.0,0.0,0.0
9900.0,2.5361471674126506,0.0,0.0,0.0,0.0,0.0
