tract,tot_pop_2016,tot_pop_2015,tot_pop_2014,tot_pop_2013,tot_pop_2012,tot_pop_2011
101.0,4056.7635037283026,4106,4189,5068,5163,5203
102.01,7256.88299851262,7229,7083,7316,6752,6770
102.02,2302.886469824392,2304,2502,2583,2557,2708
103.0,6076.386847969812,6077,6213,6065,6049,6282
104.0,5027.223148992705,5011,4730,4694,4690,4737
105.01,3830.7102171006704,3837,3831,3816,3995,4010
105.02,3379.7922173094985,3413,3690,3760,4098,3834
105.03,2095.0948386419996,2080,2228,2325,2098,2059
106.0,6519.241804881843,6558,6513,6946,7170,6631
107.01,3997.6366056072457,3999,3946,3943,4066,3913
107.02,5127.741930394861,5163,5274,5520,5789,5189
201.0,3924.6262399092416,3899,3990,4182,3684,3580
202.0,6622.639972478413,6634,6255,6556,6699,6724
203.01,5155.1521099323845,5142,5239,5233,4990,4694
203.02,4909.924487102923,4886,4651,4514,4445,4711
204.0,4535.781839630243,4518,4294,4380,4253,3971
205.0,5777.7038986097705,5794,6004,6044,6086,6175
206.01,6290.604191733857,6330,6697,6595,6939,6575
206.02,4117.303166933238,4113,4102,3932,4057,4200
207.01,1636.5583250120706,1635,1893,1920,1886,2002
207.02,7848.658759028511,7833,8232,8010,7546,7315
208.01,4715.571098624235,4760,4512,4797,5434,5540
208.02,7497.33461634938,7508,7942,7251,7492,7606
209.01,4963.446045161616,5004,5013,5363,5712,6319
209.02,4144.019161281705,4155,4195,4528,4482,4460
301.01,3611.4623119072376,3613,3727,3855,3794,3669
301.02,2875.0732187814624,2880,2956,3101,3139,3112
301.03,2384.892324309396,2347,2238,2138,1881,1782
301.04,3488.248986075939,3487,3688,3536,3580,3506
302.0,4943.249682748322,4978,5274,5709,5721,5420
303.0,3259.385223241509,3231,3049,2931,2830,2784
304.0,2645.531385134827,2632,2683,2589,2558,2706
305.0,6140.247669300566,6160,6269,6588,6533,6341
306.01,3816.932642291334,3788,3538,3169,3256,3652
306.03,1989.1351729468763,1991,2048,2123,2223,2337
306.04,2925.2032979918276,2910,2961,2860,2796,2841
307.01,1731.9979057457526,1721,1734,1973,1814,1837
307.02,1465.1413699277218,1457,1460,1538,1554,1451
307.03,2738.9013911496895,2736,2579,2620,2783,2668
307.06,3598.7614665514557,3578,3460,3339,3290,3297
308.0,4158.763824806434,4176,4405,4200,4496,4693
309.0,3204.2801396600667,3188,3207,3279,3085,3181
310.0,3824.061510634813,3801,3522,3218,3363,3240
311.0,4532.455471182364,4510,4136,4228,4131,4528
312.0,5049.365615616333,5063,4860,5323,5343,5402
313.0,7826.014802522027,7796,7543,7491,7142,6707
314.0,5098.624651571793,5114,5260,5216,5381,5261
315.01,3651.1586655124947,3653,3430,3321,3658,4231
315.02,3971.5738550528426,4027,4386,4532,5052,4888
317.0,6719.010142746312,6726,6525,6564,6704,6569
318.0,1774.1239551224805,1766,1717,1774,1825,1821
319.0,2370.5375327000634,2361,2355,2272,2343,2320
321.0,6791.754625108911,6797,6767,6968,6849,6921
401.0,4050.1179570973577,4045,3998,4074,4041,4227
402.01,6326.444834599179,6314,6195,5679,5895,6056
402.02,6801.120516425199,6801,6691,6816,6727,6999
403.0,2943.141796419873,2912,2656,2545,2465,2499
404.01,3004.4455500458253,3009,2836,2982,3176,2856
404.02,5064.683587838656,5042,4701,4431,4538,4624
406.0,2711.5066472100407,2696,2684,2529,2552,2612
407.0,3401.3676741097106,3383,3353,3168,3149,2957
408.0,1898.4686760589811,1876,1815,1766,1687,1627
409.0,2170.657841044463,2152,2118,2174,2044,1861
501.0,2586.640720246466,2564,2406,2558,2366,2220
502.0,5259.277835397667,5230,5120,5072,4761,4779
503.0,2526.0149465533914,2520,2566,2531,2576,2352
505.0,5559.373199386559,5541,5365,5204,5160,5179
506.0,2390.5378432731372,2371,2414,2503,2274,2243
507.0,1603.4868980039146,1587,1753,1488,1509,1635
508.0,1405.6449038722442,1390,1427,1349,1347,1376
509.0,1562.1526697187942,1546,1660,1644,1531,1601
510.0,1699.5358781315315,1677,1610,1551,1492,1393
511.0,1465.0160092254769,1454,1526,1683,1555,1561
512.0,1645.9595393166321,1636,1562,1630,1670,1736
513.0,2804.776031405481,2794,2953,2730,2749,2924
514.0,1869.6892374439442,1873,2174,2373,2247,2398
601.0,2689.5173559414175,2675,2596,2582,2566,2851
602.0,2105.123157080848,2088,2126,1835,1927,1864
603.0,3265.389003980294,3248,3176,3270,3103,3190
604.0,3838.359267483693,3848,4003,4162,4157,4163
605.0,1259.8620879499424,1242,1235,1157,1160,1152
608.0,4987.512276324351,4980,4840,4834,4841,4727
609.0,6869.0364699646625,6849,6758,6557,6395,6098
610.0,1785.1019737761687,1774,1716,1672,1757,1757
611.0,1472.3540262004826,1442,1309,1253,1135,1203
612.0,2130.3279449798756,2122,2235,2296,2214,2081
615.0,1854.9947171185838,1843,1859,2028,1896,1878
618.0,1200.163242317868,1179,1130,1145,1066,985
619.01,3850.17637654758,3842,3785,3767,3773,3834
619.02,4018.598009126008,4015,4045,3891,3992,4403
620.0,3030.2019843817015,3003,2897,2762,2650,2631
621.0,3620.968645079914,3595,3372,3313,3215,3236
622.0,2697.5649465233946,2697,2987,3085,2941,2926
623.0,1623.1799438245557,1611,1716,1668,1638,1681
624.0,1513.2340067908042,1517,1622,1709,1819,1850
625.0,1396.9071820800846,1383,1342,1246,1335,1408
626.0,2325.373694724622,2317,2281,2272,2330,2238
627.0,2878.339325419441,2860,2757,2696,2665,2541
628.0,3505.2462297818174,3500,3792,3630,3561,3541
629.0,4217.28512871372,4217,4176,4278,4284,4429
630.0,3153.3867916953013,3160,3055,3275,3393,3469
631.0,2466.679503863682,2454,2399,2384,2390,2166
632.0,6960.815453797261,6942,6580,6142,6344,6517
633.01,2652.2796125940554,2637,2626,2418,2484,2298
633.02,4245.942202561919,4219,4186,4040,3830,3962
633.03,1178.3718608942033,1166,1157,1275,1224,1282
634.0,1973.208843419756,1958,2158,2070,1943,1907
701.01,4099.41627744689,4086,3988,4131,3963,4084
701.02,2774.525122185566,2745,2656,2355,2328,2292
701.03,1629.8057225625862,1629,1679,1795,1850,1701
702.0,4140.574763536403,4136,3937,4142,4124,3955
703.0,3440.512017201595,3426,3383,3408,3303,3359
704.0,3432.9519117627624,3415,3440,3500,3275,3252
705.0,3151.32601314474,3137,3022,3147,3037,3045
706.0,3238.748176158312,3218,3083,2834,2905,2960
707.0,4289.503975066019,4221,3983,3673,3116,2973
710.0,4125.827511741807,4116,4277,4095,4032,4277
711.0,2870.4624463376936,2861,2932,2971,2880,2948
712.0,2132.5302491756347,2118,2016,2091,2055,1957
713.0,3469.7266424524905,3471,3414,3556,3604,3749
714.0,4583.375799009964,4579,4357,4666,4571,4557
715.0,5822.2779368922675,5807,5710,5562,5487,5481
716.0,1666.6711927489075,1666,1715,1702,1849,1786
717.0,1832.588182538554,1819,1813,1784,1785,1733
718.0,2725.5285759485228,2714,2670,2606,2643,2449
801.0,7125.052493979355,7078,6657,6446,6112,5767
802.01,3298.6412155489575,3297,3235,3463,3420,3488
802.02,3685.6925627011983,3664,3533,3521,3386,3178
803.0,4758.069425970317,4733,4480,4496,4322,4303
804.0,5074.529556512988,5053,4907,4469,4579,4772
810.0,7343.067573641084,7367,7427,7811,7744,7508
811.0,3789.566308748939,3766,3657,3652,3465,3384
812.01,4418.758305732837,4392,4552,4551,4102,3852
812.02,3013.572052144783,3005,3221,3268,3079,2925
813.0,5244.65230943647,5232,5053,4994,4978,5308
814.01,2482.007142101978,2477,2516,2360,2512,2497
814.02,4789.8879309308295,4758,4389,4072,4112,4033
814.03,7484.737732173678,7443,7004,6786,6528,5682
815.0,4440.31423843053,4418,4400,4196,4074,4031
816.0,3377.379502413696,3359,3177,3385,3192,3341
817.0,3257.4788769014567,3234,3607,3225,3006,2814
818.0,7358.557824073618,7325,7488,7243,6721,6375
819.0,1057.8355265542145,1048,1152,1297,1193,1293
901.0,3276.172125765241,3266,3262,3122,3178,3408
902.0,6761.103910492868,6767,6406,6331,6642,6342
903.0,1336.081843798486,1323,1325,1431,1363,1485
1001.0,5253.5307888221805,5285,5666,5989,5960,5983
1002.0,6379.964125484306,6424,6605,7024,7188,7049
1003.0,5773.903258484132,5783,6029,6209,6024,6250
1004.0,3069.1075753596815,3061,3027,2961,3025,3122
1005.0,5602.9010050639545,5617,5156,5162,5659,5866
1006.0,5151.9264075064875,5125,5254,4938,4694,4505
1007.0,4798.899460728308,4788,4749,4705,4631,4501
1101.0,6038.824557893771,6020,5923,5993,5702,5403
1102.0,3060.828340149645,3055,3017,2893,3034,2983
1103.0,5288.665666729048,5257,5314,5310,4819,4998
1104.0,4436.69001054367,4455,4439,4734,4844,4714
1105.01,4844.236057553826,4847,4636,4837,4901,4529
1105.02,3643.045755652802,3630,3646,3445,3471,3472
1201.0,3789.467131964663,3800,3993,3935,4073,4297
1202.0,4644.793743350484,4619,4552,4526,4251,4202
1203.0,6348.3593383889265,6347,6179,6513,6320,6565
1204.0,3662.4380555021758,3671,3754,3736,3898,3760
1301.0,5131.773970072578,5169,5158,6149,6002,5071
1302.0,1633.1213086346715,1620,1598,1530,1586,1407
1303.0,5351.508204338244,5326,5260,5403,4977,4962
1401.0,3660.5976685722644,3643,4079,4034,3599,3706
1402.0,5967.1639614208225,6002,5895,5998,6468,6317
1403.01,2815.67887827866,2798,2748,2739,2648,2968
1403.02,4293.811566091256,4288,4472,4597,4351,4725
1404.0,7344.510331528342,7319,7186,7347,6855,6666
1405.0,4345.829815750007,4352,4121,4239,4449,4014
1406.01,2950.731026211825,2951,2969,3287,3171,3304
1406.02,5334.782263274146,5356,5614,5714,5774,5574
1407.01,2652.0331434666455,2642,2385,2296,2520,2378
1407.02,6053.821503731437,6072,6252,6163,6330,6265
1408.0,6597.440949270489,6656,7209,7604,7732,7801
1502.0,7414.094500177743,7442,7821,7601,7799,7889
1503.0,8362.797751905397,8298,7526,7017,6814,6240
1504.01,4993.000999653284,4965,4805,4660,4483,4490
1504.02,3638.3625668533605,3640,3695,3642,3749,3684
1505.01,3931.9534146101732,3907,3743,3932,3618,3794
1505.02,4713.266066807917,4720,4290,4679,4822,5162
1506.0,4141.580282160578,4112,3868,3818,3650,4057
1507.0,4585.195713016503,4577,4621,4422,4451,4084
1508.0,5412.965892067219,5412,5451,5270,5353,5340
1510.01,2364.680677311632,2371,2538,2421,2628,2828
1510.02,4116.621500490351,4158,4685,5034,5087,5174
1511.0,5446.580581624162,5419,5391,5163,4939,4907
1512.0,3543.31009366005,3541,3680,3716,3651,3661
1601.0,2703.9798004724735,2690,2626,2824,2655,2414
1602.0,3269.5512832678082,3295,3822,3761,3916,3737
1603.0,3816.470153137819,3815,3877,3757,3853,3972
1604.0,5106.583694045816,5111,5090,5092,5179,5251
1605.01,4697.388342372638,4683,4498,4309,4391,3946
1605.02,4208.385537851231,4239,4568,4599,4851,4672
1606.01,4418.390184094775,4383,3999,3996,3792,3146
1606.02,3983.227058551262,3970,3983,3937,3836,3824
1607.0,6192.210896346682,6182,6008,5816,5879,5532
1608.0,5417.199396744555,5410,5388,5698,5385,5270
1609.0,2379.762083871813,2384,2272,2469,2612,2428
1610.0,1733.5206564904079,1722,1726,1762,1745,1694
1611.0,1913.620535042229,1919,2026,2215,2255,2238
1612.0,2841.2055502163153,2812,2664,2823,2512,2607
1613.0,3924.921928875217,3905,3943,3783,3652,3729
1701.0,1858.3002708446281,1865,1871,1906,2145,2038
1702.0,4190.130615121355,4166,4366,4030,3840,3804
1703.0,4925.130825147585,4931,4918,5065,5074,5260
1704.0,3598.407984849674,3603,3720,3716,3791,3623
1705.0,5272.555557499537,5245,4888,4699,4679,4785
1706.0,2836.794160962449,2818,2774,2752,2649,2584
1707.0,2878.98156929329,2892,2831,2808,3174,3083
1708.0,3787.84900288978,3775,3750,3708,3645,3612
1709.0,1742.4576573469642,1729,1729,1740,1715,1754
1710.0,7882.269579204307,7843,7949,7430,7032,6656
1711.0,4155.413987871773,4158,4257,4551,4371,4287
1801.0,5785.698284477633,5786,5918,5413,5662,6416
1901.0,2630.8457397997913,2625,2720,2671,2690,2650
1902.0,5565.090470041637,5591,5694,5831,6026,5956
1903.0,5377.105521657156,5375,5445,5116,5268,5658
1904.01,4101.4279618172,4124,4183,4238,4545,4627
1904.02,5187.445275081615,5178,4642,4731,4901,5289
1906.01,4713.565179182406,4695,4777,4744,4474,4409
1906.02,5459.828838011541,5434,5265,5153,4967,4955
1907.01,2987.338746439713,2981,3072,2733,2935,3195
1907.02,5572.133080812531,5515,5090,4923,4492,4539
1908.0,6735.3065934595115,6739,6881,6901,6774,6898
1909.0,2020.2404639568729,2018,1864,2154,2184,1944
1910.0,2755.3522611900207,2742,2901,2875,2720,2536
1911.0,7552.945372542439,7570,7936,7561,7714,8033
1912.0,3935.556056279452,3937,3975,3881,4011,3778
1913.01,5659.970877425039,5677,5941,5961,5997,5926
1913.02,5527.115293437984,5468,5088,5033,4466,4912
2001.0,5105.730719026968,5078,4603,4651,4549,4103
2002.0,4777.75253281442,4815,4968,5369,5546,5276
2003.0,2415.3234807063113,2399,2401,2231,2258,2339
2004.01,4109.881553620771,4101,3814,4067,4014,3958
2004.02,4177.625159657168,4164,4033,3898,3942,4055
2101.0,3440.042526983423,3480,3447,3991,4298,4409
2104.0,3098.114424156288,3097,3128,2999,3163,3261
2105.01,4258.455266063946,4262,4569,4706,4505,4319
2105.02,4903.34987146264,4917,4909,5046,5172,4535
2106.01,2760.597140353083,2779,3066,3251,3318,3361
2106.02,4232.8746001033105,4249,4126,4032,4468,4645
2107.0,4197.410076479105,4214,3978,4270,4518,4250
2108.0,1080.4453498789715,1076,1028,1127,1235,1132
2109.0,3132.3813631473063,3141,3223,3107,3366,3047
2203.0,2391.7900922794583,2389,2409,2153,2425,2248
2204.0,2571.2545637158632,2553,2565,2618,2445,2445
2205.0,2759.674904897283,2756,2682,2731,2820,2703
2206.01,1842.5407491689914,1817,1596,1449,1506,1518
2206.02,4706.57954137716,4697,4690,4554,4547,4787
2207.01,3390.6667395012,3406,3459,3699,3810,3710
2207.02,4084.3745949692166,4089,4426,4321,4295,4037
2209.01,3164.5081205700867,3169,3297,3332,3392,3116
2209.02,3257.7607053115303,3249,3325,3205,3214,3483
2210.0,2998.957317291312,2991,3254,3271,3081,3121
2211.0,5210.032991841217,5190,4810,4815,4785,4998
2212.0,3220.1822898404716,3163,3065,2808,2335,2420
2213.0,2680.5907034542433,2671,2762,2603,2646,2721
2214.0,3039.5750808866396,3034,2799,3187,3104,3003
2215.0,2615.1675412622617,2610,2574,2695,2693,2661
2216.0,2969.192515611219,2960,3118,3078,2983,2878
2222.0,2119.520153763664,2099,1964,1921,1905,1910
2225.0,1508.1406732091366,1492,1424,1449,1433,1467
2226.0,1637.420244485503,1625,1554,1636,1629,1534
2227.0,2801.7335483560882,2773,2660,2631,2438,2519
2228.0,1173.35256297949,1146,1014,902,881,847
2229.0,804.0444834305848,816,878,1022,1274,1467
2301.0,1581.8849712827996,1565,1646,1600,1519,1523
2302.0,2171.237331926722,2134,1972,1712,1624,1453
2303.0,1203.679813277784,1188,1170,1035,1120,929
2304.0,2457.2668541330004,2459,2666,2521,2650,2763
2305.0,3634.1391369146363,3623,3710,3424,3490,3320
2306.0,6587.616508019413,6669,6933,7706,8092,7260
2307.0,5189.5548182555685,5193,5177,4952,5178,5572
2308.0,1267.076836168217,1239,1195,1051,978,1169
2309.0,5331.227615291016,5330,5155,4926,5188,5369
2311.0,1243.5340669630352,1227,1227,1039,1135,1164
2312.0,5320.578017308452,5369,5102,5078,5974,6350
2315.0,7117.059886367875,7027,6965,6204,5396,5591
2402.0,1516.5287839252337,1507,1469,1659,1601,1571
2403.0,1351.5941236160152,1335,1402,1407,1315,1436
2405.0,2091.601084445308,2081,2154,2228,2133,2168
2406.0,1513.4670685981162,1479,1340,1483,1167,1072
2407.0,1372.9457594505561,1383,1427,1801,1847,1719
2408.0,1777.5835790403903,1763,1816,1608,1684,1687
2409.0,1291.9235504477201,1263,1236,986,963,896
2410.0,2099.944271926933,2102,2036,2082,2283,2344
2411.0,4069.458189576718,4062,4015,3776,3931,3961
2412.0,1898.9024509274623,1895,1952,2009,2043,2127
2413.0,1955.2378705313706,1942,1878,1896,1902,1780
2414.0,5353.254441086483,5325,5238,5055,4834,4553
2415.0,2930.402747393746,2917,2881,3133,2904,2797
2416.0,3603.6236742931674,3598,3438,3421,3545,3624
2420.0,4938.655040960426,4920,4786,4044,4409,4770
2421.0,3525.9875848541305,3509,3311,3128,3235,3348
2422.0,3673.133554487606,3681,3875,4047,3989,3814
2423.0,3133.911715592867,3149,3003,3387,3540,3328
2424.0,2845.1953157256216,2844,2926,2859,2956,2882
2425.0,4016.1431569298297,4010,3928,4043,3993,3800
2426.0,6527.479394941306,6501,5999,5221,5669,4870
2427.0,1774.6767078563394,1766,1689,1852,1839,2039
2428.0,1359.2616147584579,1360,1515,1547,1626,1701
2429.0,1649.4609316262527,1656,1818,1947,2022,1982
2430.0,2489.175299403986,2472,2398,2496,2369,2372
2431.0,2676.1710027280815,2659,2594,2553,2509,2215
2432.0,2274.530805691681,2253,2190,2181,2070,1977
2433.0,2462.297743406153,2437,2353,2342,2183,2061
2434.0,2917.0150400593925,2919,2955,2866,3052,2880
2435.0,3041.79799811846,3040,3198,3168,3169,3199
2502.0,2886.6871494310485,2860,2968,3008,2642,2841
2503.0,4790.504604116772,4796,4775,4848,4916,4654
2504.0,5208.362665896189,5271,5963,5957,6402,6263
2505.0,7622.453558734343,7622,7663,7575,7489,7371
2506.0,4336.780469166525,4370,4450,4581,4962,4991
2507.0,5558.528036178177,5580,5813,5901,5979,6227
2508.0,2361.628967889525,2348,2438,2251,2272,2335
2510.0,1125.1844221868284,1120,1284,1210,1284,1355
2511.0,4350.660058804764,4372,4346,4659,4811,4882
2512.0,4322.194340639128,4297,4375,4163,3946,3729
2513.0,4886.820275472999,4882,4735,4693,4774,4892
2514.0,4364.379585780394,4342,4347,3951,3952,4094
2515.0,3911.7092426753547,3922,4084,4202,4227,4192
2516.0,3634.6081074140043,3606,3689,3247,3174,3326
2517.0,1489.347322844968,1478,1805,1817,1613,1740
2518.0,5101.10957176257,5094,5069,4932,4954,5226
2519.0,5480.759404087384,5509,5999,5986,6063,5649
2520.0,6281.165911812458,6265,6368,6216,5973,5844
2521.01,1709.0501574004256,1685,1787,1819,1559,1698
2521.02,6362.094490976966,6358,5888,5938,6110,6054
2522.01,2935.5662025824695,2912,3007,2776,2653,2890
2522.02,5119.451212139033,5083,4871,4504,4391,3940
2601.0,1012.9885294979723,1014,1047,1152,1283,1237
2602.0,1246.4612788038996,1230,1266,1042,1140,1196
2603.0,1497.4579808309884,1485,1483,1450,1484,1724
2604.0,1624.5901176697603,1608,1567,1505,1520,1190
2605.0,1815.1003030451614,1797,1837,1816,1716,1327
2606.0,2171.718652119658,2199,2592,2830,2945,3355
2607.0,1999.1117186302235,2015,2147,2000,2408,2297
2608.0,2477.7160884665536,2453,2494,2476,2245,2242
2609.0,1526.7078720883708,1536,1858,1777,1938,1898
2610.0,2391.0247322240025,2396,2594,2667,2698,2498
2705.0,1904.320123300256,1878,1929,1848,1660,1838
2712.0,1265.0988396282112,1254,1104,1432,1342,1222
2713.0,1199.019772784046,1183,1169,1165,1150,1093
2714.0,1194.8832376301502,1185,1151,1368,1299,1396
2715.0,1416.811865228301,1405,1286,1306,1395,1417
2718.0,1372.0530786968204,1345,1230,903,1017,635
2801.0,6888.295713365123,6811,6524,5730,5293,4581
2804.0,1755.1963207952563,1703,1366,1136,950,893
2808.0,988.6519649907185,951,850,695,544,495
2809.0,891.2683916180999,888,790,827,1039,952
2819.0,4931.831697420169,4888,4820,4124,4049,3802
2827.0,2594.7451569720433,2581,2402,2557,2505,2648
2828.0,1521.401849936956,1517,1565,1801,1726,1774
2831.0,2950.3881157460332,2917,2758,2819,2519,2485
2832.0,1633.5232754483698,1602,1481,1360,1255,1190
2838.0,3432.1326585863017,3414,3367,3249,3196,2966
2909.0,3758.4597184567538,3769,3449,3938,4038,4361
2912.0,2479.5402794849933,2471,2368,2317,2440,2360
2916.0,869.1819966562933,859,804,823,920,987
2922.0,2994.511029461175,2989,2866,3065,3043,2850
2924.0,2026.0868182843142,2015,2124,2038,2028,2040
2925.0,4174.613737439467,4168,4276,4180,4136,3959
3005.0,3300.7052627924622,3273,3015,3009,2888,2988
3006.0,3421.368247588575,3420,3398,3299,3458,3243
3007.0,4933.64837769311,4910,4694,4465,4451,4501
3008.0,4271.428710998845,4249,4674,4180,3970,4083
3009.0,4154.659986948639,4133,3963,3604,3718,3854
3011.0,2999.853671752173,2967,3182,2860,2583,2411
3012.0,3363.5798586240044,3394,3518,3533,3974,4087
3016.0,4734.229633071325,4722,4513,4346,4458,4399
3017.01,3946.0391279767964,3924,3744,3615,3578,4662
3017.02,4314.795360471001,4266,3694,3558,3387,3551
3018.01,4067.3140421935923,4080,4246,4029,4315,4127
3018.02,3203.900966411522,3163,2897,2615,2509,2563
3018.03,5281.345698703425,5274,5054,4635,4976,4795
3102.0,1539.0503771920637,1521,1526,1399,1412,1327
3103.0,1688.8270363858608,1673,1493,1428,1547,1383
3104.0,1342.9311726755273,1332,1426,1295,1363,1363
3105.0,1566.9327392651644,1560,1722,1589,1659,1756
3106.0,5109.380586539713,5135,5141,5575,5644,5048
3107.0,1441.0869083265104,1440,1241,1194,1538,1800
3108.0,4489.564697423425,4509,4734,4638,4875,5077
3109.0,5013.194968888147,5034,5065,4972,5332,5622
3201.0,11156.071332079697,11104,10534,9589,9603,8222
3204.0,3081.6577025911,2995,2523,1987,1546,1143
3206.0,4853.832154499574,4791,4451,4015,3670,3470
3301.0,18011.22161074334,17935,17582,16375,15740,14321
3302.0,3730.6935488637146,3730,3756,3978,3872,3856
3403.0,1785.7114288454488,1783,1734,1919,1957,1991
3404.0,2016.9230719973627,2005,1740,1888,1954,2089
3405.0,1641.8321660591128,1629,1688,1511,1593,1755
3406.0,920.2129224398125,917,1066,1266,1195,1141
3501.0,1949.9293790933984,1941,1989,1940,1980,2011
3504.0,1701.8461064931544,1647,1379,1068,857,719
3510.0,4133.425850408806,4109,4022,3762,3711,3688
3511.0,1974.1396012450803,1962,1656,1880,1919,2146
3514.0,1678.6831337222804,1651,1551,1437,1366,1369
3515.0,479.55199349102276,447,415,311,176,135
3602.0,1570.6827312649418,1544,1616,1487,1330,1011
3801.0,1926.794126230452,1927,1822,1949,2101,2274
3802.0,1812.2254014467826,1786,1752,1690,1552,1598
3805.0,862.0338026104303,837,820,841,697,412
3807.0,1173.8527909605552,1186,1216,1264,1590,1428
3812.0,2002.6163723105358,2010,1946,2008,2278,2206
3814.0,1759.7727052710334,1755,1746,1687,1842,1607
3815.0,270.64565209039506,252,250,178,211,408
3817.0,18.176192997272665,0,0,0,0,0
3818.0,1257.7650969863619,1240,1102,1300,1198,1109
3819.0,1347.2410903132852,1339,1293,1335,1414,1520
3901.0,1513.0706795505996,1491,1386,1376,1324,1377
3902.0,1618.0299267202806,1621,1637,1746,1884,1800
3903.0,2704.2348049046745,2708,2909,2900,2954,2734
3904.0,2685.595984363585,2693,2524,2765,2946,2970
3905.0,1478.7998252004325,1465,1643,1621,1507,1415
3906.0,1864.5214715901097,1859,1976,1969,1986,1977
3907.0,5773.625998325681,5764,6142,5644,5579,5733
4003.0,1309.0473177282895,1318,1329,1404,1671,1725
4004.0,1850.0362592383435,1818,1661,1604,1460,1410
4005.0,2419.985815855472,2394,2422,2338,2147,1923
4008.0,3203.0820566056964,3164,2839,2884,2613,2337
4101.0,1807.4279556528677,1796,1956,1797,1810,1721
4102.0,1346.974012955643,1317,1248,1061,1004,1082
4105.0,2615.5022320221724,2609,2630,2689,2673,2487
4106.0,2291.204105657117,2290,2365,2513,2490,2388
4107.0,2110.387716462113,2096,1959,1939,1997,2146
4108.0,3297.469823620589,3278,3201,3207,3074,3066
4109.0,2961.1302367094427,2980,2923,2990,3370,3700
4110.0,3228.8609121063005,3239,3313,3492,3565,3724
4111.0,2277.8121000916854,2266,2246,2227,2234,2268
4112.0,1690.6875811463335,1675,1691,1840,1677,1689
4201.0,1343.8227734875177,1329,1224,1245,1284,1133
4202.0,1782.2480227068081,1771,1707,1591,1729,1768
4203.0,2546.8150727707416,2505,2275,2058,1901,1812
4204.0,1313.775872259716,1307,1216,1363,1421,1591
4205.0,1955.4527270512795,1963,2099,2228,2320,2345
4206.0,2161.8609275833933,2129,2056,1607,1656,2163
4207.0,3543.169789860995,3505,3050,2995,2879,3074
4208.0,2288.918704352216,2293,2292,2294,2502,2465
4212.0,1765.7572946661185,1738,1707,1641,1484,1527
4301.01,4066.6310405457675,4055,3913,4233,3997,4353
4301.02,3073.3399030343753,3064,3414,3262,3109,3166
4302.0,4966.100155595828,4940,4927,4467,4442,4598
4303.0,2167.23169070402,2141,2262,2410,2001,2230
4304.0,3463.000139021056,3440,3119,3265,3139,3096
4305.0,3460.6907022748055,3456,3661,3468,3490,3506
4306.0,1629.9268735286716,1619,1742,1774,1693,1600
4307.0,2568.005131608245,2548,2480,2567,2399,2296
4308.0,1679.6916065100913,1676,1692,1781,1834,2038
4309.0,1393.9515910479838,1411,1345,1445,1859,1486
4312.0,3327.764179245104,3296,3291,3019,2855,2640
4313.01,3056.7871947952062,3037,3421,3115,2898,2966
4313.02,4009.2293921045994,3951,3401,3343,2981,3426
4314.0,6139.063326246299,6146,5850,6472,6292,6126
4401.01,3915.333578652646,3952,3747,3764,4489,4382
4401.02,3010.0372495040942,3019,3156,2969,3252,3434
4402.01,5280.774315665208,5278,5343,5555,5323,5504
4402.02,3739.005031864086,3712,3604,3588,3361,3205
4403.0,4597.171698552669,4584,4455,4496,4400,4695
4406.0,1999.5135093298686,1987,2056,2155,2022,2227
4407.0,1655.3935799537926,1650,1501,1589,1731,1782
4408.0,1604.3478434606302,1619,1777,2029,2139,2035
4409.0,2434.881646992788,2456,2480,2299,2858,2871
4503.0,3835.749495398581,3825,3716,3610,3677,3542
4601.0,3774.927834244074,3751,3614,3389,3372,3428
4602.0,2548.068066097102,2523,2626,2422,2272,2334
4603.01,2572.4981389736026,2595,2639,3101,3205,3209
4603.02,3604.7154331181196,3619,3506,3348,3827,4240
4604.0,3076.751402658467,3072,3154,3308,3186,3380
4605.0,4739.9177280691065,4768,4798,4899,5241,5818
4606.0,947.5821996860652,948,1107,1115,1224,1292
4607.0,2563.4087681667506,2572,2901,3073,2989,3583
4610.0,1819.7354210031426,1814,2034,1947,1950,1593
4701.0,2552.4358923391046,2601,2618,2837,3508,3374
4801.0,2111.246664256219,2095,2045,1908,1963,2144
4802.0,1213.6232029538016,1208,1157,1292,1353,1358
4803.0,1201.9616063002884,1202,1192,1199,1405,1383
4804.0,6280.0694377847085,6301,6106,6378,6572,6917
4805.0,2925.9174361957994,2926,2900,3077,3089,3058
4903.0,2257.7563868268553,2233,2290,2325,2056,2095
4904.0,931.7841550700942,929,972,949,1113,1269
4905.0,2270.8467556207056,2266,2340,2508,2420,2396
4906.0,1450.1663246150304,1433,1452,1350,1353,1323
4907.0,2668.231701574709,2694,2888,2893,3261,3346
4908.0,3888.2195060764097,3883,3769,3685,3817,4029
4909.01,4439.05727561416,4423,4215,3950,4090,3866
4909.02,5176.406046718123,5146,4825,5345,4763,5739
4910.0,4783.410951189302,4785,5536,5105,4951,5512
4911.0,4661.291721158189,4667,4577,4728,4797,5091
4912.0,2266.123109578174,2293,2746,2742,2977,2756
4913.0,2208.3206505661637,2228,2343,2415,2724,3084
4914.0,2425.2970059539043,2462,2698,2678,3205,3010
5001.0,3062.121566759529,3084,3314,3312,3585,3583
5002.0,2008.0926302000953,1995,2091,2098,2003,2134
5003.0,1420.2712511518912,1422,1565,1524,1674,1705
5101.0,3132.3264299227835,3165,3646,3489,3854,4073
5102.0,2611.6464984406084,2627,2655,2872,3055,3243
5103.0,5971.91405356931,5988,6037,5977,6186,5885
5201.0,2178.510548512566,2151,2278,2061,1887,1636
5202.0,4116.680859237543,4120,3987,3607,4073,4168
5203.0,5917.167723409419,5933,6116,6751,6377,7209
5204.0,4234.685592734261,4223,3735,3857,3986,4515
5205.0,4574.304403691617,4565,4613,4377,4414,4538
5206.0,2837.9917923526596,2825,3010,2873,2780,2986
5301.0,2160.3774772467646,2181,2091,2502,2726,3127
5302.0,4653.604533432213,4675,4893,5736,5334,5945
5303.0,4659.036280871931,4638,4453,4165,4223,4351
5304.0,1979.5227650876734,1980,2017,2034,2169,2063
5305.01,4631.322804314257,4695,5192,5297,5839,5882
5305.02,1479.7088319771988,1467,1495,1428,1463,1250
5305.03,5459.989955560359,5469,5147,5639,5632,5822
5306.0,2844.0640541624657,2868,2872,2995,3373,3722
5401.01,3798.824708040881,3779,3922,3562,3509,3080
5401.02,3320.4634071782043,3311,3268,3444,3311,3351
5501.0,6106.430998389959,6180,6759,7126,7497,7580
5502.0,2785.737729105732,2772,2579,2696,2671,2759
5601.0,1518.5613901242093,1486,1263,1160,1102,944
5602.0,1527.5218137893914,1541,1510,1797,1997,2133
5603.0,3449.4405409664746,3430,3174,3197,3166,2832
5604.0,1519.5234425559374,1504,1417,1356,1422,1307
5607.0,3542.578107724661,3517,3486,3541,3242,3494
5608.0,6089.783521602057,6064,5937,5893,5600,5838
5609.0,5350.656614084024,5341,5377,5289,5186,5123
5610.0,5291.911197794578,5272,4892,4898,4865,5133
5611.0,5660.1264859002995,5663,5816,5809,5735,5434
5701.0,1257.5475442547997,1237,1296,1335,1172,1209
5702.0,1866.178818693157,1845,1878,1943,1740,1588
5703.0,5949.344128227326,5966,6337,6429,6322,6143
5704.0,1849.4918281048463,1827,1933,1812,1673,1384
5705.0,2424.6153044328994,2418,2554,2613,2527,2704
5801.0,3055.927164370381,3043,2996,3176,3006,3001
5802.0,2998.488024471266,3020,3382,3088,3476,3696
5803.0,2403.8992954123637,2381,2334,2202,2141,2349
5804.0,3939.9644906668063,3924,4051,3894,3757,3765
5805.01,5526.981615235408,5527,5059,4992,5346,5432
5805.02,5334.686448179407,5324,4893,4935,5042,5129
5806.0,5566.652808717071,5593,5824,5894,6056,5974
5807.0,6119.14292300664,6098,6292,6247,5803,5632
5808.0,1853.397917969462,1846,1661,1600,1833,1907
5905.0,1773.3352209776228,1772,1842,1877,1961,1844
5906.0,3857.773429956689,3868,3954,4010,4132,3773
5907.0,3361.8306298182715,3344,3234,3210,3141,3083
6004.0,5119.0367309877765,5078,4748,4597,4345,4348
6006.0,2986.532444022717,2947,2494,2485,2343,2243
6007.0,2371.3267876979858,2354,2200,2408,2261,2409
6009.0,3754.5643776731204,3734,3658,3497,3443,3543
6103.0,5905.039405078859,5876,5717,5520,5319,5371
6104.0,2081.8798968658234,2040,1897,1594,1461,1675
6108.0,1643.393831950748,1618,1549,1562,1415,1320
6110.0,936.2919391361704,931,1188,1152,1144,1142
6111.0,2322.798096814345,2324,2658,2564,2570,2316
6112.0,2453.8804406371214,2440,2340,2319,2343,2384
6113.0,2684.5385222617083,2695,2768,3011,3071,3124
6114.0,3389.496529378209,3405,3544,3759,3832,3773
6115.0,3045.305925270555,3046,2978,2932,3133,3354
6116.0,1576.3664088660462,1604,1529,1978,2295,2259
6117.0,1282.0568350166927,1267,1335,1388,1287,1509
6118.0,2533.4937919520994,2531,2443,2278,2556,2436
6119.0,1966.045277807968,1980,2154,2139,2399,2464
6120.0,1538.8316180717986,1528,1586,1598,1581,1640
6121.0,1092.4298038403197,1093,1068,1180,1335,1388
6201.0,4602.994445629365,4604,4765,4748,4701,4512
6202.0,2424.785899435157,2415,2443,2535,2453,2310
6203.0,7413.869021023268,7371,7050,6981,6525,6350
6204.0,4778.640116586093,4802,4907,5253,5301,5066
6301.0,1049.709269601392,1045,1135,1069,1198,1279
6302.0,2098.1452660363434,2103,2217,2131,2344,2223
6303.0,5745.115320162346,5754,5332,5760,5850,5442
6304.0,7271.5771351601725,7261,6835,7118,6957,6601
6305.0,6429.182237959331,6405,6663,6251,5964,5606
6308.0,7732.466298218975,7702,7456,6860,6889,6834
6309.0,5368.73044551753,5347,5188,4899,4895,4918
6401.0,1372.369848871568,1342,1230,1104,1026,1262
6403.0,7064.852607625772,7018,6947,6828,6198,6648
6404.0,3851.4969589580187,3819,3653,3475,3317,3329
6405.0,3394.0949922427712,3389,3183,3111,3323,3651
6406.0,4371.771311137704,4352,4432,4123,4049,4039
6407.0,3228.03335385968,3221,3235,3049,3173,3278
6408.0,1843.7795373377894,1821,1772,1709,1630,1645
6501.0,4490.650815590866,4515,4510,4805,4992,4824
6502.0,7675.882998657933,7653,7628,7139,7055,7173
6503.01,5811.710725699586,5798,5744,5729,5554,5341
6503.02,4117.593711932248,4112,4148,4116,4093,4018
6504.0,6566.596269260788,6575,7284,7254,6855,6821
6505.0,4080.461859838915,4096,4163,4156,4401,4508
6603.01,2015.0092669674282,1988,1790,1917,1735,1850
6603.02,5614.5099189181155,5616,5554,5657,5633,5328
6604.0,6373.167205627681,6330,5975,5547,5415,5671
6605.0,5351.554200606541,5346,5702,5431,5300,5362
6606.0,6020.326193030579,6046,6164,6192,6428,6470
6607.0,2428.065284342949,2398,2677,2426,2124,2021
6608.0,5735.327259491615,5740,6517,6585,6058,6265
6609.0,4378.83682453685,4393,4357,4592,4701,4676
6610.0,5491.50078391832,5501,5717,5651,5680,5445
6611.0,6299.427914372938,6285,6029,5887,5904,5969
6701.0,1342.2389881440843,1325,1601,1798,1420,1496
6702.0,874.5725360921134,873,985,1093,1138,1394
6703.0,1201.355373536204,1201,1381,1259,1422,1371
6704.0,1576.766302602266,1594,1858,1851,2111,2681
6705.0,1075.7378107112986,1072,1040,1212,1268,1131
6706.0,1456.1388577876528,1460,1636,1603,1754,1689
6707.0,1384.0461639344148,1365,1547,1483,1325,1634
6708.0,1772.6090003021243,1762,1688,1666,1754,1709
6709.0,1528.450885768913,1506,1496,1440,1350,1377
6711.0,1452.2133012017682,1449,1486,1524,1617,1498
6712.0,1068.9707385790387,1064,1063,1018,1189,1394
6713.0,1995.312460075923,1999,2190,2339,2322,2460
6714.0,1833.2589838580723,1815,1864,1704,1693,1793
6715.0,2996.4421853936738,3012,3254,3730,3569,4013
6716.0,2005.7253043594103,2030,2291,2252,2617,2524
6718.0,1273.8020813999044,1260,1139,1119,1216,1463
6719.0,1204.1458339508083,1195,1313,1307,1303,1336
6720.0,3866.766789225815,3848,4148,3912,3677,4150
6805.0,1266.2248379663893,1274,1285,1322,1601,1681
6806.0,1469.618592034883,1444,1594,1760,1362,1400
6809.0,3150.0789479270893,3189,3389,3398,3925,3733
6810.0,3091.820766930251,3079,2873,2888,2942,3225
6811.0,3434.347379747748,3434,3583,3510,3549,3520
6812.0,2418.770308976328,2437,2375,2524,2867,2827
6813.0,2243.3810693180494,2255,2409,2810,2742,2761
6814.0,2634.323382328934,2624,2898,3166,2775,2916
6903.0,2456.9852523545223,2437,2284,2213,2220,2289
6904.0,3665.6135607598044,3654,3581,3531,3530,3568
6905.0,763.3635144319301,778,952,1011,1288,1221
6909.0,4441.823680881701,4431,4442,4743,4410,4315
6910.0,2604.137017981457,2599,2703,2434,2614,2702
6911.0,3271.7317488920316,3261,3209,3101,3159,3563
6912.0,3139.933571556003,3104,2975,2952,2645,2542
6913.0,2663.83550056803,2658,2842,2693,2721,2789
6914.0,2690.1253464123706,2720,2716,3236,3432,3488
6915.0,1822.5028467520056,1819,2124,2059,2021,2140
7001.0,3249.083118316906,3244,3486,2990,3206,3413
7002.0,6781.634535702448,6785,6868,6902,6798,6531
7003.01,6201.059899926434,6151,5796,6064,5349,5712
7003.02,5320.404700368745,5314,5686,5806,5377,5166
7004.01,6142.693629610934,6153,6261,6125,6256,6616
7004.02,4180.211253468452,4192,3840,3845,4306,4129
7005.01,7704.35948297264,7751,7871,7968,8373,8235
7005.02,3170.8971041183318,3162,3001,3121,3123,3138
7101.0,1298.7254906226187,1290,1406,1377,1392,1362
7102.0,5378.979007149241,5397,5845,6279,5926,6100
7103.0,1301.7914887804714,1301,1365,1546,1562,1756
7104.0,4907.031010197265,4912,5092,5214,5098,6029
7105.0,3913.325621620832,3935,4136,4330,4439,4473
7106.0,1887.080828122426,1884,1803,1847,1996,2017
7107.0,2646.5353071220466,2651,2695,2682,2858,3282
7108.0,4777.125041268727,4767,4917,4783,4657,5063
7109.0,2369.1362009534564,2380,2491,2619,2756,2672
7110.0,3145.626493711618,3153,3445,3485,3473,3689
7111.0,2616.483647912312,2658,3136,3320,3599,3744
7112.0,5029.529481028257,5021,4928,5057,4920,4972
7113.0,1776.219690151214,1765,1580,1660,1742,1640
7114.0,2341.750888320741,2346,2249,2146,2493,2553
7115.0,2372.9628244095206,2382,2523,2589,2723,3187
7201.0,3338.8885407943794,3366,3685,4135,4090,3939
7202.0,4301.004206614212,4312,4344,4558,4594,4693
7203.0,4054.32607217545,4024,3672,3712,3547,3748
7204.0,1932.1757814336459,1934,1974,2125,2185,2240
7205.0,2222.4472429369557,2209,2189,2149,2150,2096
7206.0,1732.973480895032,1716,1709,1790,1670,1684
7207.0,3280.453333571448,3254,3429,3293,2990,2914
7301.0,2508.0231826885793,2504,2548,2438,2567,2586
7302.01,6307.034793115834,6305,5824,5714,6039,6042
7302.02,3357.813969459811,3342,3479,3393,3230,3474
7303.0,1182.2646810626095,1172,983,1043,1185,1126
7304.0,4042.1896339037503,4019,3801,3524,3596,3539
7305.0,4156.754893281819,4153,4323,4479,4257,4413
7306.0,3293.128169806523,3276,3218,3343,3147,3471
7307.0,2378.0489042899667,2345,2259,2307,2000,1960
7401.0,2949.234881587463,2945,2805,2826,2962,2969
7402.0,6456.939069532439,6466,6307,6249,6472,6365
7403.0,4526.591866057785,4515,4436,4612,4413,4469
7404.0,4871.323781388612,4857,4809,4710,4628,4549
7501.0,4391.360147196253,4396,4411,4419,4516,4141
7502.0,3068.3022594430795,3050,2875,2893,2846,2784
7503.0,2552.3695758393446,2549,2657,2950,2758,2682
7504.0,3158.644145656893,3150,3187,3248,3162,3191
7505.0,6210.501287619635,6168,6369,6390,5582,5252
7506.0,3587.2618845144066,3595,3705,3668,3817,3658
7608.01,4481.574494043201,4477,4399,4272,4390,3956
7608.02,2394.303225266281,2374,2401,2191,2173,2235
7608.03,6617.416947810498,6632,7343,7237,6977,6583
7702.01,5555.209335583509,5564,5640,5781,5745,5788
7702.02,4978.870472303871,4982,4936,5062,5066,5011
7703.0,7331.5823588264475,7321,7282,7196,7031,6927
7704.0,4915.061386720764,4895,4716,4519,4510,4642
7705.0,4110.937074808318,4122,4073,3771,4237,4213
7706.01,3114.7065836435695,3095,3163,3157,2940,3204
7706.02,4975.978650175585,4971,4733,4944,4901,5139
7707.0,2568.714656255401,2566,2590,2680,2697,2518
7708.0,5673.413198176939,5707,5860,5862,6224,5922
7709.01,5369.537494208967,5357,5237,5101,5095,5040
7709.02,3577.0950260542713,3561,3363,3329,3341,3100
8001.0,2585.8561636356753,2577,2593,2509,2565,2542
8002.0,6307.9936164023175,6304,6231,6269,6185,6148
8003.0,3351.462924708041,3339,3310,3248,3229,3275
8004.0,3718.9652126949827,3720,3716,3925,3874,3911
8005.0,5311.534647815644,5301,5266,5037,5071,4942
8006.0,2615.947187316233,2603,2598,2672,2570,2445
8007.0,5054.903853236087,5049,5050,5039,4974,4955
8008.0,2147.241684873641,2141,2157,2017,2172,2231
8009.0,4630.017722619275,4633,4583,4515,4674,4503
8010.0,4754.226244495648,4754,4805,4842,4806,4760
8011.0,4711.245672312741,4700,4622,4753,4581,4711
8012.0,3396.1749314409085,3400,3454,3431,3561,3791
8013.0,4657.367677599748,4628,4605,4473,4191,4100
8014.0,3056.6929515100014,3048,3017,2971,3011,2892
8015.0,6462.884933456241,6476,6735,6529,6632,6134
8016.01,4507.690940062719,4483,4342,4310,4112,4411
8016.03,4007.707573602169,4004,3872,3856,3968,3866
8016.05,5425.360319085262,5429,5421,5371,5459,5741
8016.06,5797.362927729182,5797,5830,5940,5811,5816
8016.07,5515.381848949499,5506,5349,5304,5297,5162
8016.08,6626.538447820443,6607,6308,6237,6143,6356
8017.01,3708.930471344201,3715,3590,3584,3840,3961
8017.02,4896.162471284996,4887,4893,4877,4773,4491
8018.0,5788.355514170575,5765,5444,5570,5338,5226
8019.01,4092.4121272392413,4111,4342,4098,4443,4285
8019.02,3406.439342444536,3384,3334,3270,3120,2969
8020.02,5278.577518177955,5281,5475,5500,5388,5422
8020.03,2701.1222655040087,2682,2785,2751,2559,2523
8020.04,5465.553670432906,5442,5554,5386,5082,5323
8021.0,3449.1322382341446,3444,3335,3307,3419,3392
8022.0,4236.286805133322,4235,4182,4203,4259,4163
8023.0,5286.372171548641,5286,5174,5348,5297,5143
8024.02,5507.126653431332,5476,5453,5278,4959,4557
8024.03,1469.6897627917488,1452,1457,1420,1378,1307
8024.04,7497.646425000355,7487,7385,7212,7142,6706
8025.03,5751.696278563717,5749,5512,5307,5552,6033
8025.04,6752.66987372877,6756,6676,6740,6726,6626
8025.05,6745.008829138116,6773,6888,6989,7173,6972
8025.06,2847.188583950621,2836,2904,2727,2767,2878
8026.05,7132.214640695465,7125,7204,7075,6919,7039
8026.07,1441.0119363846582,1427,1329,1329,1385,1527
8026.08,6398.037754723915,6374,6465,6440,5996,5834
8026.09,6378.784066340607,6385,6477,6006,6314,6410
8026.1,1745.1589209161539,1724,1614,1498,1526,1531
8027.01,6637.3096716934315,6635,6715,6864,6606,6693
8027.02,4791.8501697477,4801,4718,5004,5016,4830
8028.01,5140.834838681356,5130,5105,5025,4951,5033
8028.02,6413.252847637936,6421,6468,6414,6478,6385
8029.0,6052.861110510663,6061,6052,6164,6172,6160
8030.05,2822.170226101811,2800,2744,2643,2556,2452
8030.07,4556.763151382233,4580,4802,5025,5090,5220
8030.08,4491.5772508986165,4495,4542,4612,4621,4827
8030.1,4842.347805009567,4841,4698,4753,4815,4739
8030.12,2288.3461336104433,2278,2319,2350,2301,2284
8030.13,5446.174261883475,5438,5269,5190,5236,5324
8030.14,3390.531024969136,3403,3296,3543,3716,3889
8030.15,4644.339715334251,4648,4535,4666,4736,4640
8030.16,2634.447653533369,2605,2361,2248,2201,2053
8030.17,5595.7938588454535,5603,5504,5452,5646,5500
8031.0,3396.98274037943,3387,3331,3396,3339,3236
8032.0,5822.625529738733,5831,5898,6019,5984,6005
8033.0,5664.785020626195,5652,5729,5854,5512,5666
8034.0,6092.84609601696,6106,6197,6252,6303,6301
8035.0,6375.53754965064,6369,6327,6150,6157,5951
8036.03,6671.5303135318245,6695,6725,6659,6957,6918
8036.04,4392.756491563974,4379,4450,4285,4201,4190
8036.05,7482.292123974152,7488,7462,7394,7435,7539
8036.06,9068.691722822248,9064,9166,9286,8879,8630
8036.07,5045.212341217696,5055,5046,5033,5203,4918
8036.08,7766.264471475452,7769,7773,7617,7643,7646
8036.1,7237.847871382452,7244,7491,7748,7393,7144
8036.11,6115.578624976313,6107,5881,5834,5857,5635
8036.12,3793.625533740504,3761,3606,3665,3333,3521
8037.01,2753.2782344830107,2739,2658,2594,2615,2531
8037.02,5683.334146783119,5675,5952,6043,5653,5818
8038.0,4925.689974931484,4922,5000,5135,4953,4797
8039.01,3475.115459307219,3458,3363,3163,3213,3437
8039.02,3509.569345882005,3502,3710,3749,3561,3574
8040.0,4495.761766506997,4491,4487,4307,4409,4669
8041.02,6608.44295846675,6642,6621,6773,7100,7113
8041.04,5015.845562840751,5025,5079,4951,5152,5030
8041.05,4368.461603547993,4357,4320,4280,4215,4155
8041.06,7200.813587694763,7196,7009,6712,6886,6839
8041.08,3957.7799022365884,3937,3815,3777,3654,3621
8041.09,2940.0925198806417,2927,2992,2996,2878,2867
8042.01,8068.157373398035,8053,7989,7973,7673,7679
8042.02,7836.241012789991,7851,7838,7735,7905,7708
8043.05,7881.324258016324,7871,7962,8171,7686,7205
8043.06,5977.915270858989,5986,6138,5779,6014,5855
8043.08,5093.970999137078,5097,5157,5402,5243,5084
8043.09,3185.6859340877877,3177,2957,3025,3106,3102
8043.1,9105.374821305539,9131,9358,9195,9339,9134
8043.11,8305.014864436507,8276,8507,8263,7713,7601
8044.03,6885.877655692544,6856,6834,6580,6266,6379
8044.04,5490.8813020388525,5485,5326,5332,5342,5216
8044.05,3174.0165020688473,3210,3376,3520,3931,3580
8044.06,6620.250268345159,6621,6194,6203,6432,6188
8045.05,3565.0795578190996,3570,3652,3501,3710,3608
8045.06,5122.394838624733,5114,4988,5555,5128,5247
8045.07,12798.807716969279,12762,12552,12210,11693,11534
8045.08,2487.7321520365545,2478,2469,2347,2439,2728
8045.09,5600.468806903505,5623,5594,5636,5937,6418
8045.1,6736.701014749003,6708,6713,6428,6142,6135
8045.11,2863.0364914403976,2839,2643,2611,2541,2121
8046.03,5278.538022471595,5257,5285,5154,4919,4908
8046.06,7422.8343105020995,7437,7363,7454,7540,7274
8046.07,6751.955734342573,6768,6870,6875,6963,7206
8046.08,3562.870681827862,3567,3612,3793,3781,3543
8046.09,5785.953743655228,5787,5739,5635,5733,5354
8046.1,2440.4110628427043,2421,2348,2202,2217,2218
8046.11,4313.510954769206,4308,4437,4345,4293,4575
8047.01,6713.07957725208,6686,6794,6803,6264,6382
8047.05,4163.803116752164,4147,3937,3958,3900,4120
8047.06,2717.3037070905743,2697,2506,2441,2452,2465
8047.09,5988.978592152313,6034,6100,6272,6722,6649
8047.1,4375.534667309937,4382,4393,4347,4512,4465
8047.11,8481.331764020684,8433,8091,7839,7395,7268
8047.12,5148.008150909784,5177,5609,5758,5787,5969
8047.13,4605.980927905626,4612,4313,4141,4587,4285
8047.14,3672.372277793624,3666,3413,3414,3574,3391
8047.15,3255.606871169577,3272,3375,3478,3674,3848
8047.16,5490.161427047346,5490,5686,5684,5542,5064
8048.03,5802.754648994209,5793,5805,5968,5680,5527
8048.04,6829.088999394815,6832,6897,6401,6675,6762
8048.05,7110.8467897305145,7128,7043,7414,7368,7261
8048.06,3736.1200273133477,3707,3891,3571,3331,3836
8048.07,4683.733185044488,4701,5003,5180,5131,5073
8048.08,2635.544727518863,2624,2555,2453,2538,2413
8048.09,4179.069434909402,4168,4188,4085,4041,4002
8048.1,7302.463926659533,7275,7017,7132,6731,7014
8049.01,6271.748696815643,6284,6334,6741,6549,6704
8049.02,5636.90102211554,5606,5753,5722,5183,5050
8050.01,4882.366864691843,4878,4856,4769,4804,4902
8050.02,6801.832356308906,6815,6647,6926,6959,6992
8051.05,7258.934262471195,7270,7268,7384,7367,7337
8051.06,2928.9072721812345,2903,2668,2557,2539,2483
8051.07,6833.040679181594,6800,6953,6796,6252,6110
8051.08,6858.448106626012,6888,7144,7373,7388,7139
8051.09,4349.572647353407,4349,4322,4230,4353,4200
8051.1,4297.881036913028,4288,4214,4149,4153,4129
8051.11,7427.959623767198,7457,7548,7036,7651,7951
8051.12,2979.1613587841007,2975,2947,3153,3082,2977
8052.01,3586.650480438787,3570,3315,3250,3314,3389
8052.02,4355.653086637707,4345,4025,3996,4127,3984
8053.01,3247.5093473038437,3254,3236,3358,3480,3340
8053.02,3587.2105672180005,3566,3519,3548,3339,3508
8054.01,3996.3090999184874,3985,3847,3913,3862,4007
8054.02,4911.808986126265,4929,4790,4926,5192,5184
8055.01,3899.5315308334207,3881,3759,3737,3638,3421
8055.02,3980.7172998339397,3955,3947,3740,3587,3612
8056.0,4571.491120184585,4581,4679,4625,4771,4739
8057.01,5135.495400393414,5141,5151,5152,5233,5209
8057.02,1993.7646272256843,1971,1899,1944,1797,1902
8058.01,2362.314181241203,2359,2385,2348,2455,2533
8058.02,4722.305766509023,4732,4939,5136,5026,5135
8059.01,4152.417329458342,4133,4068,4124,3906,3959
8059.02,6567.967283807127,6559,6448,6274,6281,6377
8060.01,6042.576957424425,6039,6263,6256,6022,5330
8060.02,7611.429687114635,7651,7762,7959,8202,7872
8060.03,7320.99810246737,7350,7652,7577,7745,7854
8060.04,7588.846470202588,7595,7671,7780,7628,7400
8061.02,4060.6997195968343,4061,4140,4341,4212,3863
8061.03,4962.303057766504,4966,5308,5132,5096,5106
8061.04,4996.202581445733,4963,4941,4460,4352,4485
8062.01,4775.574057357116,4741,4549,4460,4181,4030
8062.02,4493.860961362949,4503,4434,4508,4675,4961
8063.0,4901.613375911073,4879,4843,4475,4454,4551
8064.0,2494.2763100295797,2472,2459,2414,2273,2169
8065.01,2414.9520887687154,2420,2519,2357,2621,2561
8065.02,4413.886010793567,4404,4372,4417,4309,4191
8066.0,3490.89172448162,3478,3436,3433,3368,3374
8067.0,4200.521006342032,4213,4217,4290,4471,4387
8068.01,3815.6720894428513,3815,3878,3854,3893,3976
8068.02,2826.8758949091048,2829,2965,2962,3026,2915
8069.0,4636.343813081153,4644,4685,4878,4858,4835
8070.0,6399.707019975268,6356,5924,5496,5407,5329
8071.0,3444.965081788643,3461,3652,3844,3903,4075
8072.0,5471.086348148089,5497,5836,5792,5960,5854
8073.0,7273.526977365098,7270,7425,7464,7184,7351
8074.0,7172.011581900933,7166,6836,6966,6919,6861
8075.0,3559.904133447075,3545,3437,3365,3361,3183
8076.0,6532.827465650039,6528,6366,6414,6360,6273
8077.0,5897.034062600743,5884,6239,6054,5728,5782
8078.0,2841.151897340983,2826,2755,2632,2671,2673
8079.0,4121.5203064875095,4117,4074,4176,4127,4008
8080.01,3741.8054921787825,3734,3891,3747,3708,3664
8080.02,4821.62259940516,4815,4688,4688,4703,4811
8081.0,3536.7958827754346,3529,3552,3514,3501,3590
8082.0,5642.985880286323,5637,5600,5666,5542,5379
8083.01,6277.388130866681,6247,5923,5679,5585,5623
8083.02,3873.75772289356,3874,3947,4044,4001,3784
8084.0,4278.740775735446,4279,4387,4332,4353,4466
8085.0,4138.485920796905,4136,4072,4233,4185,4029
8086.0,2084.5405750348314,2075,2060,1990,2072,2064
8087.02,5490.256969776928,5498,5601,5647,5648,5771
8088.0,3723.773730149641,3718,3693,3797,3736,3731
8089.0,4242.836440273231,4225,4014,4172,3999,4208
8090.0,4226.763385283211,4205,4164,3970,3875,3933
8091.0,3333.8352771863892,3343,3345,3420,3596,3676
8092.0,5172.474112609258,5175,5153,4977,5160,5105
8093.0,4827.27507549311,4822,4529,4739,4737,4510
8094.0,5307.1088349802685,5276,5194,5029,4753,4665
8095.0,3889.7744394102974,3856,3546,3569,3346,3378
8096.0,3126.8820526752384,3129,3483,3362,3347,3671
8097.0,4050.6628369613513,4051,3971,4088,4127,4053
8098.0,3081.523215929081,3074,3025,3082,3077,2846
8099.0,3008.007065772545,2999,3009,3082,3008,2898
8100.0,4573.168905326904,4579,4925,4724,4753,4788
8101.0,4897.613928287518,4904,4823,4561,4914,4496
8102.0,5778.873336888305,5775,5939,5685,5675,5538
8103.01,3748.5969827411077,3741,3608,3676,3686,3724
8103.02,3246.2184605829643,3233,3260,3357,3182,3158
8104.0,5400.996948264535,5396,5381,5340,5303,5308
8105.01,5130.45624177171,5137,5105,5114,5233,5212
8105.02,4968.30343296403,4982,5064,5281,5287,5399
8106.0,4693.755026366897,4675,4718,4618,4420,4429
8107.01,5258.014759655682,5262,5046,4839,5192,5327
8107.02,3988.525491915086,3988,3970,4013,4053,3994
8108.0,5344.616314930983,5348,5515,5578,5468,5489
8109.0,6219.414022863033,6210,6248,6057,5986,5726
8110.0,4171.445430440745,4163,4181,4431,4177,4248
8111.0,6091.686582388096,6090,6161,6006,6005,6252
8112.0,5721.477784095038,5725,5708,5850,5792,5707
8113.01,5069.821584755603,5057,5200,5075,4894,5035
8113.02,3533.859894712554,3534,3575,3457,3603,3458
8114.01,5204.403424058055,5195,5177,5562,5172,4953
8114.02,4546.557655634998,4548,4439,4433,4570,4663
8115.0,6001.450250896772,5993,5983,5829,5789,5582
8116.0,6159.218108130034,6127,5982,5928,5558,5814
8117.01,3986.7573173972996,3986,3831,3538,3905,4168
8117.02,4355.77369432556,4395,4653,5121,5229,5238
8118.0,5554.862173196181,5532,5561,5196,5093,5026
8119.0,5941.725289988601,5950,5935,6035,6063,5856
8120.0,5292.258938437871,5283,5276,5148,5111,5308
8121.0,4654.100235960998,4646,4351,4656,4556,4783
8122.0,4187.6251897395405,4174,4162,4068,4002,4011
8123.01,3729.804901928758,3716,3537,3535,3537,3488
8123.02,2749.0468297073116,2741,2852,2743,2756,2526
8124.0,3520.9373683543727,3502,3550,3549,3333,3513
8125.0,3335.111876226202,3367,3708,3717,4038,3876
8126.0,3409.0265496060174,3403,3395,3402,3410,3298
8127.0,3208.807363454577,3197,3155,3208,3133,2993
8128.01,2918.412531179342,2916,2769,2754,2948,2896
8128.02,2649.532394022371,2645,2713,2762,2748,2724
8129.0,4847.266870684584,4834,5037,4953,4707,4563
8130.0,3573.4313439368348,3576,3415,3489,3669,3872
8131.0,4951.283325655229,4938,4799,4732,4700,4797
8132.0,4438.970252286152,4425,4545,4334,4244,4292
8133.01,3593.479070756798,3579,3431,3364,3388,3536
8133.02,3630.6881025594494,3611,3772,3712,3445,3672
8134.0,7555.701330472589,7564,7914,8292,7797,8047
8135.0,7407.074390966462,7421,8203,7744,7637,8221
8136.0,5250.046962367456,5238,5212,4846,4952,5208
8137.01,4036.9213020814027,4012,3465,3656,3595,3925
8137.02,3818.2326526972283,3821,4050,4121,4030,3329
8138.01,3058.3722802202838,3038,3120,3016,2852,2906
8138.02,5316.66701243911,5325,5243,5370,5456,5074
8139.0,6520.476847858026,6525,6466,6542,6534,6713
8140.0,5150.244100873378,5128,5137,4866,4739,4691
8141.0,4252.283120309652,4292,4306,4203,4892,4612
8142.0,6666.960925749895,6686,6808,7008,6992,6556
8143.0,5086.330190109531,5090,4608,4589,4993,5020
8144.0,7585.955452603534,7591,7609,7802,7614,7258
8145.0,5467.306892967124,5440,5079,4799,4840,4830
8146.0,5309.035588009625,5337,5350,5302,5731,5753
8147.0,5831.321603053193,5816,6238,6241,5707,5725
8148.0,6004.886319230132,6020,5911,5915,6170,6423
8149.0,6802.343730292955,6779,6711,6486,6281,5640
8150.0,4293.52005709364,4294,4307,4171,4316,3964
8151.0,4528.021526202057,4513,4244,4536,4334,4348
8152.0,6226.082148937526,6208,6377,6599,6022,6258
8153.0,3911.336454842035,3915,3845,3849,4016,4109
8154.0,5416.877378185463,5419,5656,5402,5447,5513
8155.0,8391.855631195835,8405,8123,8125,8352,8294
8156.0,5154.4244075353145,5154,5120,5137,5150,5076
8157.01,3797.2811283296546,3805,3872,3953,4037,4120
8157.02,5153.821942209574,5141,5073,4963,4910,4805
8158.0,1534.006062992955,1516,1557,1534,1450,1480
8159.0,4572.592956264876,4586,4593,4574,4813,4587
8160.0,3398.4436430363876,3386,3396,3315,3281,3182
8161.0,6229.16602831483,6222,6213,6313,6100,6476
8162.0,3655.382087890992,3669,3454,3665,3940,3998
8163.0,5181.31959230968,5165,5351,5117,4928,4711
8164.01,5418.1523877030095,5428,5092,5203,5489,5441
8164.02,4349.916723162667,4336,4669,4509,4244,4136
8165.0,4669.914846490368,4645,4575,4544,4286,4601
8166.0,4621.71861862137,4626,4770,4757,4765,4523
8167.0,2777.4758309847884,2771,2832,2849,2828,2831
8168.0,5422.494325861527,5419,5364,5348,5341,5339
8169.0,5458.284451044684,5479,5895,5873,5899,6039
8170.0,5423.260163018602,5389,5054,5285,4849,4928
8171.01,4599.268561601004,4614,4703,4485,4827,4757
8171.02,3722.0562292159802,3708,3468,3442,3499,3346
8172.0,4232.2291732484355,4199,4504,4258,3800,4306
8173.0,2542.4946112760895,2550,2377,2525,2783,2589
8174.0,4079.7277292235876,4097,4281,4329,4481,4201
8175.0,3957.3296964065016,3936,3911,3967,3704,3979
8176.0,4118.491662020615,4129,3874,4043,4307,3940
8177.0,5231.72598969181,5227,5201,5021,5102,5219
8179.0,5591.049607922987,5596,5482,5707,5683,5896
8180.0,4357.4144943690335,4349,4451,4290,4261,4197
8181.0,2500.818790589092,2485,2417,2249,2325,2178
8182.0,4461.527775265704,4468,4554,4750,4689,4564
8183.0,6155.420550073534,6153,6327,6310,6128,6199
8184.01,3469.6622397685687,3465,3425,3465,3488,3566
8184.02,3228.831845965819,3217,3085,3003,3083,3000
8185.0,5555.81055152465,5554,5557,5420,5477,5433
8186.0,4819.718556762831,4804,4773,5077,4681,4811
8187.0,3639.0596103475787,3633,3575,3664,3636,3487
8188.0,5559.6288437724625,5558,5630,5528,5516,5625
8189.0,4817.3793587984865,4806,4751,4492,4573,4440
8190.0,4522.962459175726,4535,4595,4539,4751,4660
8191.0,4508.903868762553,4501,4358,4502,4423,4439
8192.0,6165.043691734869,6168,6383,6201,6185,6079
8193.0,2981.1662474881605,2958,3028,2915,2729,2759
8194.0,5286.91967561548,5299,5232,5327,5481,5424
8195.0,3002.6883278152745,3007,3119,3201,3244,3179
8196.0,3837.132552461142,3841,3849,3915,3992,4158
8197.0,5961.5309028008905,5965,5985,5846,5949,5923
8198.01,5440.392682872372,5429,5405,5419,5255,5228
8198.02,2643.3260117740438,2636,2637,2678,2675,2749
8199.0,3468.5954415080328,3455,3416,3345,3317,3282
8200.0,2231.2811216018567,2211,2008,1955,1990,1934
8201.01,7124.681178850039,7131,7415,7283,7186,6960
8201.03,4298.545220555526,4269,3989,4181,3859,3961
8201.04,4202.4248344558,4196,4123,4072,4120,3745
8202.01,8067.647164006254,8049,8087,7939,7613,7642
8202.02,3404.355722034505,3417,3607,3810,3815,4199
8203.0,5171.748467124879,5186,5203,5352,5448,4991
8204.0,6288.230879030131,6261,6164,5922,5718,5946
8205.01,6247.605426945478,6251,6260,6209,6242,6418
8205.02,5192.532011381069,5173,5092,5166,4893,4886
8206.03,5298.494522919566,5288,5277,4932,5033,5364
8206.04,4107.276989258677,4101,4152,3893,4011,3743
8206.05,4180.520114768809,4204,4169,4293,4624,4238
8206.06,3932.4367058895273,3921,3748,3814,3788,3524
8207.0,6803.778874703335,6804,6810,6794,6731,6687
8208.0,4214.285914345733,4193,4223,4024,3892,3701
8209.01,5546.68879540705,5545,5462,5723,5559,5530
8209.02,4982.33209819,4975,4774,4829,4837,4872
8210.01,5105.378137909561,5124,5287,5185,5426,5505
8210.02,5567.541520145785,5565,5695,5408,5474,5332
8211.01,4703.361148006336,4696,4548,4748,4631,4658
8211.02,4143.146978637822,4134,4191,4141,4064,4034
8212.0,6163.361068099762,6127,6240,5413,5355,5651
8213.0,5639.087393626269,5647,5488,5898,5814,5630
8214.01,3755.2754365629603,3747,3432,3575,3645,3568
8214.02,3513.3582850111334,3517,3718,3780,3742,3610
8215.0,1846.009931561329,1858,2020,2221,2314,2356
8216.0,4412.0892144564705,4415,4503,4403,4501,4492
8217.0,4998.465062714269,4990,4855,4882,4848,4681
8218.0,5367.530053811326,5369,5428,5425,5406,5471
8219.0,5165.517517942855,5160,5138,5193,5097,5188
8220.0,4359.985679571132,4356,4358,4356,4346,4337
8221.01,4416.577278417678,4423,4429,4360,4542,4516
8221.02,4687.83455679675,4672,4752,4422,4404,4340
8222.0,4205.924289173087,4180,3786,4084,3821,3612
8223.01,3885.3599608588434,3874,4119,3845,3780,3670
8223.02,4637.999554218342,4611,4530,4250,4147,4151
8224.0,6414.197617738893,6422,6675,6531,6520,6114
8225.0,4481.3521962571085,4489,4424,4541,4654,4584
8226.01,4785.707323976589,4761,4555,4465,4338,4289
8226.02,7492.064459281769,7440,7274,6923,6425,6391
8227.01,4267.522714524404,4260,4148,4130,4162,4550
8227.02,3232.1934083383767,3234,3190,3381,3405,3417
8228.01,3089.4293934198186,3117,3473,3756,3823,3802
8228.02,3406.632393491828,3409,3574,3502,3570,3638
8229.0,2018.0638769182972,2004,1974,1917,1938,1967
8230.01,6235.834714285073,6251,6009,6285,6427,6413
8230.02,5820.065404782828,5837,6045,6237,6180,6380
8231.01,4713.129651185893,4702,4395,4316,4449,4317
8231.02,3424.638302994818,3439,3722,3789,3851,3823
8232.0,4643.97089423012,4673,4649,4955,5207,5426
8233.02,6380.851361627155,6367,6234,6201,6062,5804
8233.03,4679.633655180248,4670,4682,5001,4660,4398
8233.04,6217.3999314489265,6205,6096,5975,5911,5835
8234.0,5107.413943192069,5101,5064,4634,4881,4819
8235.0,4644.766039000752,4643,4896,4880,4728,4821
8236.02,6242.221569738498,6229,6152,6112,5956,6035
8236.03,2546.190117281685,2524,2384,2354,2287,2183
8236.04,3498.426244740027,3500,3587,3584,3640,3735
8236.05,4116.435888755013,4130,4268,4262,4428,4475
8237.02,6842.308760478424,6834,6888,6812,6634,6773
8237.03,7644.089585828307,7657,7414,7405,7647,7524
8237.04,4220.623638756073,4217,4187,3981,4149,4048
8237.05,4809.785309143554,4804,4849,4790,4743,4808
8238.01,5338.631097861401,5355,5394,5586,5659,5473
8238.03,6791.872653289307,6803,7011,7298,7042,6673
8238.05,2963.2912793321066,2952,2898,2952,2904,2955
8238.06,3595.830301354108,3581,3575,3485,3424,3567
8239.01,3876.739390563653,3863,3851,3932,3756,3634
8239.03,4731.584696295373,4717,4715,4534,4482,4634
8239.04,4181.168641555675,4172,4137,3981,4039,4079
8240.03,6362.561044096803,6342,6208,5947,5874,5649
8240.04,5413.41146754794,5421,5507,5464,5541,5250
8240.05,5637.273644787957,5636,5571,5708,5621,5658
8240.06,4203.572434931775,4186,4143,4113,3965,4111
8241.05,6449.990750709615,6481,6399,6403,6847,6891
8241.06,7321.841107181562,7313,7149,7216,7053,7082
8241.07,6537.4573584239915,6541,6617,6974,6661,6718
8241.08,8176.215041502108,8161,7684,7848,7694,7591
8241.13,6995.337357657382,6963,7166,6694,6341,6384
8241.14,5031.611457740896,5018,4941,4866,4789,4544
8241.15,3709.7914834042717,3694,3602,3496,3485,3461
8241.16,5068.768241264479,5047,4874,4893,4695,4774
8241.17,9937.699007752473,9938,9883,9770,9663,9333
8241.19,5729.970383340694,5751,6000,5848,6070,5893
8241.2,8679.99460484679,8684,8612,8676,8571,8266
8241.21,3109.738872497756,3120,3297,3442,3477,3302
8241.22,6090.629335672484,6082,6075,6003,5896,6234
8241.23,8373.27842610848,8367,8552,8309,8114,8224
8243.0,4794.708041740666,4808,4885,5064,5103,5134
8244.0,2274.437920870216,2266,2309,2320,2312,2242
8245.03,6785.790913654235,6782,6602,6368,6528,6455
8245.05,7126.977865333182,7113,7161,7214,6853,6794
8245.06,7666.576908724364,7689,7855,7756,7921,7765
8245.07,4314.8118642284735,4316,4449,4337,4393,4423
8246.01,4919.263117769786,4889,4805,4460,4344,4326
8246.02,6357.283108663938,6366,6838,6698,6552,6552
8247.01,4236.990805606966,4199,3949,3817,3585,3845
8247.02,5513.961922476379,5537,5650,5779,5934,5726
8248.0,8190.40714336112,8155,7758,7226,7218,7270
8249.0,3132.31447317399,3142,3124,3158,3394,3181
8250.0,5079.869393637167,5077,4933,4971,5012,4910
8252.0,2010.1501260503576,1995,1862,1807,1881,1932
8253.02,5764.306730292796,5770,5625,5853,5850,5957
8253.03,4194.529492782388,4172,4048,3954,3835,3867
8253.04,4131.73216446266,4127,3926,4020,4080,3753
8254.0,5119.379165161991,5169,5395,5652,6043,5738
8255.01,5541.436280338017,5567,5723,6347,6158,5901
8255.03,7087.942617019033,7067,7215,6842,6616,6698
8255.04,3808.2177436912725,3800,3780,3996,3813,3819
8255.05,5378.397091741186,5369,5291,4976,5113,5271
8256.0,5636.231547140516,5617,5612,5553,5305,5482
8257.0,4228.545573652377,4224,4225,4209,4208,4192
8258.01,3338.0213604188134,3354,3705,3729,3803,4032
8258.02,5777.874777294245,5717,5234,4739,4515,5131
8258.03,5185.7476620829675,5208,5026,5027,5477,5492
8259.0,3745.6542163973318,3700,3520,3274,2989,3134
8260.0,3150.10722694705,3163,3466,3769,3643,3613
8261.0,7419.361094673805,7408,7156,6877,6977,6599
8262.01,3751.5325687894506,3742,3691,3795,3696,3443
8262.02,5742.543471529791,5776,5977,6381,6421,5862
8263.01,4269.038453075622,4246,4165,4068,3911,4158
8263.03,4249.860039752372,4238,4260,4291,4136,3939
8263.04,3060.0566676675116,3059,3091,2996,3138,3347
8264.01,3675.2510299337187,3714,4140,4338,4550,4447
8264.02,5322.93020303323,5291,5208,5135,4782,5102
8265.0,6686.535969445557,6680,6469,6333,6410,6512
8266.0,5988.6698951373755,5991,6026,5699,5907,5948
8267.0,5210.687884555373,5211,5204,5516,5310,5279
8268.0,5180.717361017132,5161,4767,4982,4819,5011
8269.01,1669.1249247031863,1667,1579,1581,1789,1600
8269.02,1113.0399972391715,1093,1090,1032,994,1502
8270.0,4160.146824796433,4133,3735,3967,3738,3657
8271.0,2858.8303941195045,2846,2592,2744,2745,2706
8272.0,4157.059301394525,4141,4330,4279,4013,4043
8273.0,3154.6535831450146,3164,3295,3185,3416,3361
8274.0,4228.1923479574925,4224,4594,4399,4280,4258
8275.0,5370.837608460717,5381,5368,5669,5609,5662
8276.0,3325.921451565154,3331,3545,3422,3536,3577
8277.0,2916.5249149552706,2908,2907,2912,2905,2917
8278.01,4805.509124958559,4822,4752,4941,5118,5048
8278.02,3603.3565683120305,3603,3602,3529,3661,3225
8278.04,3085.090039622178,3080,3089,2915,3069,2802
8278.05,3013.278571429362,2996,3092,3014,2869,3014
8279.01,2581.9601359996136,2565,2456,2468,2424,2362
8279.02,4528.746649295839,4525,4442,4513,4504,4278
8280.0,5485.74540481689,5458,5258,4982,4904,4884
8281.0,4535.643986985724,4551,4740,4749,4875,4774
8282.01,4201.94708024634,4219,4290,4658,4651,4912
8282.02,4518.503036487174,4502,4558,4409,4278,4393
8283.0,3373.3192471475477,3385,3728,3620,3729,3423
8284.01,3638.104250814994,3641,3681,3644,3768,3823
8284.02,3935.456373992572,3936,3950,3978,4025,4020
8285.03,4666.337769325182,4657,4781,4352,4469,4336
8285.04,6059.3337876847845,6050,5862,6125,5895,6135
8285.05,6777.008943510174,6769,6488,6244,6419,6376
8285.06,8576.327679531876,8621,9252,9681,9434,9036
8286.01,4075.8362713110037,4078,4058,3948,4132,4076
8286.02,4694.192074989294,4683,4670,4792,4584,4647
8287.01,3618.234692864122,3614,3604,3533,3613,3703
8287.02,5383.079988373602,5367,5212,5206,5080,4949
8288.01,5776.814869826716,5730,5117,5080,4823,5028
8288.02,3417.9340198855934,3396,3557,3145,3105,3148
8289.0,3348.9598855450367,3373,3494,3783,3941,3999
8290.0,1299.6819598069244,1312,1481,1542,1761,1767
8291.0,3673.833105955827,3683,3793,3888,3960,3777
8292.0,5899.016832560523,5904,6143,6097,6011,6054
8293.01,3676.1421507647988,3685,3716,3552,3856,3910
8293.02,4452.596109350517,4415,3967,4091,3807,3604
8294.01,1343.9000689879367,1339,1544,1533,1528,1618
8294.02,3366.295645037917,3360,3363,3340,3360,3346
8295.0,4157.1775720787155,4150,4154,4143,4102,4103
8296.0,2881.0825670233226,2872,3043,3081,2928,2852
8297.0,4430.533301483234,4417,4168,4041,4148,4240
8298.0,6628.497477614654,6628,6543,7036,6673,6363
8299.01,9049.26015800849,9063,9136,8978,9054,8963
8299.02,6401.378340723037,6415,6377,6385,6548,6650
8300.01,2133.703388261467,2104,2263,1937,1789,1863
8300.03,7497.878700585588,7564,7952,8046,8563,8032
8300.04,7776.499184633913,7711,7108,6860,6377,6453
8300.05,4257.403923279471,4238,4192,4169,3989,3937
8300.06,2260.8241493555197,2276,2263,2584,2736,2632
8300.07,4900.474128551011,4863,4565,4378,4192,4241
8300.08,4486.4108119302555,4495,4595,4696,4722,4762
8301.0,3103.3359147674983,3113,3306,3448,3466,3626
8302.01,5832.036765278808,5819,5967,5730,5584,5474
8302.02,3651.6038680091306,3649,3757,3406,3626,3619
8303.0,4743.051485849704,4707,4743,4886,4269,4158
8304.0,4586.295196028491,4591,4359,4270,4594,4549
8305.0,4385.800062673036,4389,4306,4202,4424,4658
8306.0,4603.025610451454,4625,4854,5129,5132,5316
8307.0,3551.6413452046268,3523,3561,3542,3204,3107
8308.0,2552.5386768436133,2531,2500,2503,2348,2230
8309.0,3068.606416082256,3051,2868,2649,2785,2570
8310.0,2292.6615128887797,2284,2326,2458,2361,2348
8311.0,8547.222519825498,8506,7643,7733,7499,7082
8312.0,4947.821696804112,4932,5017,5049,4759,4980
8313.0,1047.1148862853356,1045,1206,1227,1284,1372
8314.0,2835.0488336136677,2826,2781,2536,2732,2756
8315.0,3539.44895567135,3541,3595,3773,3721,4038
8316.0,7204.595239569434,7187,6922,6870,6739,6869
8317.0,2273.011157848885,2284,2313,2219,2575,2468
8318.0,6329.660927828992,6327,6042,6136,6174,6514
8319.0,2666.4148575813942,2681,2619,2566,2987,2943
8320.0,2011.7436496394446,2012,2181,2014,2185,2112
8321.0,3131.965395754723,3136,3252,3249,3339,3541
8322.0,3491.920763747862,3469,3174,3067,3102,3198
8323.0,1960.336962805208,1963,1975,2233,2247,2264
8324.0,3063.54550218906,3087,3387,3442,3650,3868
8325.0,3844.5459898907825,3824,3774,3602,3534,3422
8326.0,3959.8737467825968,3971,4102,4269,4290,4069
8329.0,2618.6279487939405,2613,2347,2455,2611,2454
8330.0,2915.8834287057534,2895,2768,2534,2603,2722
8331.0,7562.178586592468,7547,7417,7113,7086,6785
8333.0,2655.9318471091015,2634,2442,2267,2336,2115
8339.0,2459.3062885163286,2433,2171,2450,2192,2279
8340.0,3039.216855019965,3063,3616,3822,3758,3668
8342.0,4374.644047526298,4375,4298,4759,4537,4829
8343.0,5997.00310304804,5988,6382,6341,5940,6490
8344.0,4317.358799098575,4276,4197,3943,3629,3575
8345.0,1527.199948476738,1520,1563,1619,1634,1533
8346.0,2883.398788703956,2885,3010,3150,3110,3560
8347.0,2057.0490112640086,2042,2048,2020,1980,2259
8348.0,1443.7243282278303,1458,1833,1813,1971,1939
8349.0,2320.66812440296,2326,2292,2322,2549,2624
8350.0,5907.294156679118,5908,5811,5713,5829,5746
8351.0,5595.272366970815,5585,5555,5492,5395,5516
8352.0,1838.2441975750064,1814,1871,1769,1625,1685
8355.0,1424.176158656126,1437,1593,1545,1851,1769
8356.0,1035.5980225030648,1020,950,1253,1073,1001
8357.0,416.68827842795,377,248,230,0,0
8358.0,1688.6461445251157,1662,1469,1439,1386,1322
8359.0,3250.146290261395,3258,3595,3494,3553,3447
8360.0,2477.950315422275,2482,2663,2658,2738,2408
8361.0,1891.9559359093878,1867,1833,1681,1621,1831
8362.0,1788.740630370172,1756,1590,1499,1378,1235
8363.0,1625.6861458457624,1591,1583,1577,1269,1274
8364.0,3306.916080771171,3305,3209,3114,3318,3274
8365.0,1584.741548361361,1573,1648,1646,1612,1522
8366.0,2673.4185036736108,2683,2426,2276,2825,2864
8367.0,2180.1997203975084,2194,2598,2506,2652,2393
8368.0,2430.21687917466,2475,2261,2566,3284,2983
8369.0,1508.7871879477354,1500,1553,1673,1614,1532
8370.0,2243.45463632188,2244,2457,2338,2438,2351
8371.0,2009.0991318459078,1996,1939,2071,1991,2024
8373.0,2148.139922085059,2138,2158,2035,2119,2221
8374.0,2075.6159277322167,2062,2034,2000,2007,2002
8378.0,3512.4658472603237,3472,3418,3431,2964,2812
8380.0,2947.6737641380355,2928,2861,2923,2758,2692
8381.0,1880.7401984330206,1868,1837,1860,1851,1916
8382.0,1994.384831458619,1969,1866,1733,1695,1672
8383.0,1467.6221898858462,1448,1506,1379,1337,1217
8386.0,1360.6809631517847,1374,1404,1774,1880,1856
8387.0,4776.764134075296,4736,4891,4584,4135,4079
8388.0,3540.176441096235,3525,3232,3405,3350,3473
8390.0,8918.963587495125,8848,7868,8126,7405,6181
8391.0,5793.554791443637,5704,5266,4897,4139,3639
8392.0,2539.0684866875836,2517,2191,2226,2241,2311
8395.0,1298.5611441842443,1304,1379,1558,1658,1622
8396.0,1756.417888121583,1746,1831,1891,1817,1685
8397.0,5035.053991131214,5053,4794,4971,5294,5259
8398.0,2804.295424837769,2810,2653,2865,3028,3007
8399.0,3991.6301971252947,3985,3807,3686,3862,3747
8400.0,2767.9644422298084,2759,2650,2624,2713,2603
8401.0,2656.1086117741893,2639,2346,3011,2624,2699
8402.0,2592.010691338894,2580,2589,2495,2517,2331
8403.0,4032.8616588897075,4025,4147,4213,4034,4098
8404.0,3342.8109630936656,3327,3272,3228,3166,3163
8407.0,4297.609637461636,4272,4070,4296,3954,3797
8408.0,3200.841484387469,3211,3419,3598,3582,3657
8410.0,757.7146443196625,736,683,689,633,777
8411.0,7707.812890407028,7673,7622,7536,7011,7279
8412.0,5639.972291180569,5651,5685,5640,5792,5435
8413.0,4006.1444429047756,4017,4221,4390,4354,4953
8414.0,1210.0396521783814,1213,1309,1391,1514,1389
8415.0,3070.7199767575553,3029,2672,2795,2459,2338
8416.0,749.1493810475398,745,817,754,916,1076
8417.0,1632.3001569908254,1607,1613,1349,1349,1342
8418.0,2618.9984442192635,2599,2646,2372,2379,2648
8419.0,6224.621322847358,6158,5774,5098,4830,4810
8420.0,2980.268237219313,2999,3017,3001,3386,3227
8421.0,7136.7416055935055,7111,6573,6758,6530,6023
8422.0,2619.649380591316,2614,2344,2601,2654,2691
8423.0,3782.8095716305916,3754,3499,3407,3305,3024
8424.0,3078.0983236302277,3102,3374,3454,3669,3900
8425.0,2288.445993200317,2286,2375,2459,2454,2658
8426.0,4885.002705974838,4852,4988,4874,4408,4097
8428.0,7424.297318063363,7446,7638,7539,7688,7707
8429.0,2421.490652979056,2412,2246,2165,2341,2128
8430.0,2858.6970796543765,2848,3138,2977,2862,3058
8431.0,1914.0883988726437,1931,2273,2379,2485,2342
8432.0,2525.8299092644506,2538,2725,3233,3061,3343
8433.0,1880.8979083995766,1848,1772,1564,1458,1570
8434.0,1268.3352939001418,1281,1460,1590,1760,1577
8435.0,8536.901560709905,8572,8881,8758,8983,10104
8436.0,2649.468115117237,2639,2609,2543,2591,2549
8437.0,2462.9004590783507,2440,2279,2218,2181,2126
8438.0,1858.7496115193599,1853,1856,1910,1958,1998
8439.0,3630.258896335936,3630,3628,3392,3640,3356
9800.0,18.176192997272665,0,0,0,0,0
9801.0,18.176192997272665,0,0,0,0,0
9900.0,18.176192997272665,0,0,0,0,0
