,WARD,PRECINCT,latitude,longitude
0,1,1,41.9150093,-87.6992369
1,1,2,41.9153893,-87.70998019999999
2,1,3,41.8991219,-87.668071
3,1,4,41.8966241,-87.67416519999999
4,1,5,41.9024109,-87.67430440000001
5,1,6,41.8939416,-87.6587921
6,1,7,41.925156,-87.6952824
7,1,8,41.9074262,-87.6785712
8,1,9,41.9193968,-87.6888261
9,1,10,41.9024109,-87.67430440000001
10,1,11,41.9080486,-87.676738
11,1,12,41.89551669999999,-87.6835924
12,1,13,41.9212751,-87.697796
13,1,14,41.9057847,-87.6855288
14,1,15,41.9007744,-87.68974449999999
15,1,16,41.9226831,-87.6932528
16,1,17,41.9153893,-87.70998019999999
17,1,18,41.9007744,-87.68974449999999
18,1,19,41.9263841,-87.7019967
19,1,20,41.9182127,-87.70034729999999
20,1,21,41.9024109,-87.67430440000001
21,1,22,41.9116321,-87.6966525
22,1,23,41.9182127,-87.70034729999999
23,1,24,41.9069484,-87.6941154
24,1,25,41.9069484,-87.6941154
25,1,26,41.9177477,-87.7171339
26,1,27,41.9104907,-87.6953119
27,1,28,41.9308048,-87.6799273
28,1,29,41.9141603,-87.6879897
29,1,30,41.9130714,-87.69633499999999
30,1,31,41.9104907,-87.6953119
31,1,32,41.89551669999999,-87.6835924
32,1,33,41.8927743,-87.6739364
33,1,34,41.9212751,-87.697796
34,1,35,41.8958385,-87.6680533
35,1,36,41.8958385,-87.6680533
36,1,37,41.8926564,-87.66536070000001
37,1,38,41.9082905,-87.6852119
38,1,39,41.8927743,-87.6739364
39,1,40,41.8975133,-87.6632119
40,1,41,41.925156,-87.6952824
41,1,42,41.9284101,-87.6866623
42,1,43,41.9193968,-87.6888261
43,1,44,41.9150093,-87.6992369
44,2,1,41.9051817,-87.6621009
45,2,2,41.8974908,-87.6199297
46,2,3,41.9012868,-87.67450410000001
47,2,4,41.8996893,-87.6814153
48,2,5,41.9000176,-87.6627352
49,2,6,41.9067673,-87.6633147
50,2,7,41.908949,-87.6697921
51,2,8,41.908949,-87.6697921
52,2,9,41.910598,-87.6450296
53,2,10,41.896415,-87.62384999999999
54,2,11,41.8978653,-87.6199177
55,2,12,41.9111944,-87.6462251
56,2,13,41.89953,-87.621349
57,2,14,41.8996893,-87.6814153
58,2,15,41.9072003,-87.6828914
59,2,16,41.9072003,-87.6828914
60,2,17,41.8969829,-87.6838834
61,2,18,41.8974908,-87.6199297
62,2,19,41.8989444,-87.6227945
63,2,20,41.9229347,-87.66660139999999
64,2,21,41.8996893,-87.6814153
65,2,22,41.9236606,-87.6628135
66,2,23,41.9004369,-87.623405
67,2,24,41.9260425,-87.6630512
68,2,25,41.9080486,-87.676738
69,2,26,41.9229347,-87.66660139999999
70,2,27,41.9012852,-87.6289091
71,2,28,41.9059639,-87.6325034
72,2,29,41.9034719,-87.6261222
73,2,30,41.9117946,-87.6324258
74,2,31,41.9117946,-87.6324258
75,2,32,41.896854,-87.62939750000001
76,2,33,41.9104645,-87.63268649999999
77,2,34,41.9027038,-87.6269037
78,2,35,41.9059639,-87.6325034
79,2,36,41.9054799,-87.6319264
80,2,37,41.9092557,-87.6323365
81,2,38,41.9047852,-87.62905230000001
82,2,39,41.9009364,-87.6340318
83,2,40,41.89542489999999,-87.6288512
84,2,41,41.8970403,-87.6392844
85,2,42,41.902086,-87.629572
86,2,43,41.8988895,-87.6287693
87,2,44,41.9124296,-87.6350566
88,2,45,41.896854,-87.62939750000001
89,2,46,41.913241,-87.64082499999999
90,3,1,41.8128037,-87.6251478
91,3,2,41.8205293,-87.6160506
92,3,3,41.853363,-87.6285987
93,3,4,41.8141967,-87.61605
94,3,5,41.8122536,-87.63460839999999
95,3,6,41.8577287,-87.62201809999999
96,3,7,41.8352015,-87.6200108
97,3,8,41.7987362,-87.6173583
98,3,9,41.8141967,-87.61605
99,3,10,41.8122536,-87.63460839999999
100,3,11,41.8106679,-87.61731089999999
101,3,12,41.81902280000001,-87.6162358
102,3,13,41.8584959,-87.6280008
103,3,14,41.8575794,-87.62511049999999
104,3,15,41.818092,-87.624178
105,3,16,41.7979598,-87.6220604
106,3,17,41.8508112,-87.624224
107,3,18,41.8437464,-87.6280534
108,3,19,41.8577227,-87.6212319
109,3,20,41.8198486,-87.6180875
110,3,21,41.8631839,-87.62279559999999
111,3,22,41.8612247,-87.6244713
112,3,23,41.8241717,-87.6261549
113,3,24,41.8197158,-87.6218873
114,3,25,41.8625126,-87.6252884
115,3,26,41.8667186,-87.6289961
116,3,27,41.8577227,-87.6212319
117,3,28,41.8167872,-87.63459639999999
118,3,29,41.8286115,-87.6325341
119,3,30,41.8078977,-87.6161664
120,3,31,41.805923,-87.615882
121,3,32,41.8663459,-87.6238048
122,3,33,41.8612247,-87.6244713
123,3,34,41.8612247,-87.6244713
124,3,35,41.82474089999999,-87.6212582
125,3,36,41.7905907,-87.6340628
126,3,37,41.7979598,-87.6220604
127,3,38,41.825842,-87.6175956
128,3,39,41.8625126,-87.6252884
129,3,40,41.8551452,-87.62387249999999
130,3,41,41.8352015,-87.6200108
131,4,1,41.7957122,-87.59386119999999
132,4,2,41.86900199999999,-87.626356
133,4,3,41.8051921,-87.60924539999999
134,4,4,41.8239445,-87.6027277
135,4,5,41.8142925,-87.5972855
136,4,6,41.8446749,-87.6208928
137,4,7,41.81741239999999,-87.5974365
138,4,8,41.8033492,-87.6122037
139,4,9,41.8068185,-87.5906127
140,4,10,41.8142925,-87.5972855
141,4,11,41.8234676,-87.60692519999999
142,4,12,41.8051921,-87.60924539999999
143,4,13,41.8743132,-87.6279679
144,4,14,41.8413893,-87.62227159999999
145,4,15,41.8098503,-87.6023766
146,4,16,41.86900199999999,-87.626356
147,4,17,41.873458,-87.6288916
148,4,18,41.8174183,-87.6078186
149,4,19,41.8296196,-87.615389
150,4,20,41.873458,-87.6288916
151,4,21,41.8743132,-87.6279679
152,4,22,41.8047591,-87.5943398
153,4,23,41.8047591,-87.5943398
154,4,24,41.8047591,-87.5943398
155,4,25,41.8701883,-87.6249677
156,4,26,41.8046161,-87.6059862
157,4,27,41.7998657,-87.59004279999999
158,4,28,41.8418196,-87.6172162
159,4,29,41.8174183,-87.6078186
160,4,30,41.8234676,-87.60692519999999
161,4,31,41.806603,-87.586581
162,4,32,41.8230194,-87.6094758
163,4,33,41.8026246,-87.605874
164,4,34,41.8138729,-87.60296009999999
165,4,35,41.8357465,-87.611834
166,4,36,41.8318193,-87.6176438
167,4,37,41.8667186,-87.6289961
168,4,38,41.83638149999999,-87.6161869
169,5,1,41.7686287,-87.57317309999999
170,5,2,41.7645637,-87.60011539999999
171,5,3,41.7948242,-87.5975921
172,5,4,41.7984806,-87.6023928
173,5,5,41.7776383,-87.58689570000001
174,5,6,41.7648992,-87.57320650000001
175,5,7,41.8032345,-87.5847599
176,5,8,41.7921767,-87.5943863
177,5,9,41.8007483,-87.5986258
178,5,10,41.7688995,-87.58330459999999
179,5,11,41.7957889,-87.58604009999999
180,5,12,41.7562701,-87.5902569
181,5,13,41.773523,-87.594026
182,5,14,41.7648992,-87.57320650000001
183,5,15,41.7976756,-87.6059071
184,5,16,41.774602,-87.60127299999999
185,5,17,41.7727349,-87.5853595
186,5,18,41.7978908,-87.5850478
187,5,19,41.7971781,-87.5913875
188,5,20,41.8008885,-87.5850354
189,5,21,41.7984806,-87.6023928
190,5,22,41.8032345,-87.5847599
191,5,23,41.7978908,-87.5850478
192,5,24,41.7961335,-87.5886245
193,5,25,41.7726808,-87.5841389
194,5,26,41.7678337,-87.5671794
195,5,27,41.7921767,-87.5943863
196,5,28,41.7665637,-87.5804285
197,5,29,41.773351,-87.5678762
198,5,30,41.7673044,-87.5902468
199,5,31,41.7686287,-87.57317309999999
200,5,32,41.773351,-87.5678762
201,5,33,41.7815574,-87.5882889
202,5,34,41.78938249999999,-87.59117789999999
203,5,35,41.7938271,-87.58322009999999
204,5,36,41.764666,-87.577235
205,5,37,41.773344,-87.5671249
206,5,38,41.7686287,-87.57317309999999
207,5,39,41.7949529,-87.59111899999999
208,5,40,41.7686287,-87.57317309999999
209,5,41,41.7938271,-87.58322009999999
210,6,1,41.7472797,-87.61676899999999
211,6,2,41.7509123,-87.61449379999999
212,6,3,41.7406771,-87.6084994
213,6,4,41.7656608,-87.6271711
214,6,5,41.7672251,-87.6422109
215,6,6,41.76039,-87.6172387
216,6,7,41.766664,-87.61128910000001
217,6,8,41.7512821,-87.62265819999999
218,6,9,41.7715893,-87.62140649999999
219,6,10,41.7628279,-87.63769239999999
220,6,11,41.7669482,-87.62223469999999
221,6,12,41.7628279,-87.63769239999999
222,6,13,41.7345169,-87.60744900000002
223,6,14,41.7562647,-87.6055354
224,6,15,41.7723457,-87.6318579
225,6,16,41.7581465,-87.6208965
226,6,17,41.7576032,-87.6323571
227,6,18,41.7687256,-87.6304521
228,6,19,41.756736,-87.63166149999999
229,6,20,41.7576032,-87.6323571
230,6,21,41.7941021,-87.6597424
231,6,22,41.764367,-87.65375
232,6,23,41.7657146,-87.6534178
233,6,24,41.774826,-87.65379779999999
234,6,25,41.7672251,-87.6422109
235,6,26,41.7685941,-87.6462335
236,6,27,41.7685941,-87.6462335
237,6,28,41.775497,-87.64213590000001
238,6,29,41.7386141,-87.62057639999999
239,6,30,41.762305,-87.6099852
240,6,31,41.7406771,-87.6084994
241,6,32,41.762424,-87.624028
242,6,33,41.76039,-87.6172387
243,6,34,41.747768,-87.610372
244,6,35,41.7519718,-87.6177101
245,6,36,41.743127,-87.611012
246,6,37,41.7386141,-87.62057639999999
247,6,38,41.743127,-87.611012
248,6,39,41.7608342,-87.6071441
249,6,40,41.762305,-87.6099852
250,6,41,41.7512821,-87.62265819999999
251,6,42,41.747768,-87.610372
252,6,43,41.7519718,-87.6177101
253,6,44,41.7509123,-87.61449379999999
254,6,45,41.743127,-87.611012
255,6,46,41.7562647,-87.6055354
256,6,47,41.7640136,-87.6293915
257,6,48,41.76565859999999,-87.6173518
258,7,1,41.7644128,-87.58442910000001
259,7,2,41.76005900000001,-87.58295799999999
260,7,3,41.76095189999999,-87.57651059999999
261,7,4,41.7606462,-87.5660274
262,7,5,41.7624287,-87.5636887
263,7,6,41.7658798,-87.5639059
264,7,7,41.7606462,-87.5660274
265,7,8,41.7605266,-87.5607761
266,7,9,41.76051349999999,-87.5568043
267,7,10,41.7569299,-87.56475510000001
268,7,11,41.7569299,-87.56475510000001
269,7,12,41.7572185,-87.56001909999999
270,7,13,41.76051349999999,-87.5568043
271,7,14,41.7547267,-87.5549779
272,7,15,41.7496465,-87.568131
273,7,16,41.7548658,-87.55777669999999
274,7,17,41.7548658,-87.55777669999999
275,7,18,41.7547267,-87.5549779
276,7,19,41.7506239,-87.565838
277,7,20,41.745916,-87.5476084
278,7,21,41.745916,-87.5476084
279,7,22,41.745916,-87.5476084
280,7,23,41.7466363,-87.5604209
281,7,24,41.7466363,-87.5604209
282,7,25,41.7441524,-87.5530386
283,7,26,41.741858,-87.5648662
284,7,27,41.741858,-87.5648662
285,7,28,41.7441524,-87.5530386
286,7,29,41.741858,-87.5648662
287,7,30,41.7344345,-87.55750069999999
288,7,31,41.7344345,-87.55750069999999
289,7,32,41.7296193,-87.5722567
290,7,33,41.7331395,-87.5677262
291,7,34,41.7227153,-87.55972059999999
292,7,35,41.7227153,-87.55972059999999
293,7,36,41.7277266,-87.57495109999999
294,7,37,41.7266761,-87.5669741
295,7,38,41.7092873,-87.5665387
296,7,39,41.7222856,-87.5774917
297,7,40,41.7222856,-87.5774917
298,7,41,41.7092873,-87.5665387
299,7,42,41.7092873,-87.5665387
300,7,43,41.7132223,-87.5655129
301,7,44,41.7056963,-87.5644536
302,7,45,41.7056963,-87.5644536
303,7,46,41.729487,-87.554351
304,8,1,41.7644763,-87.5907005
305,8,2,41.7644763,-87.5907005
306,8,3,41.729949,-87.5867423
307,8,4,41.73512179999999,-87.5738264
308,8,5,41.729207,-87.5763834
309,8,6,41.7475686,-87.5897573
310,8,7,41.7496465,-87.568131
311,8,8,41.7392845,-87.5815346
312,8,9,41.7518509,-87.57540469999999
313,8,10,41.7437383,-87.5941856
314,8,11,41.7507184,-87.5839472
315,8,12,41.729949,-87.5867423
316,8,13,41.7512928,-87.5804323
317,8,14,41.7437801,-87.599489
318,8,15,41.7288177,-87.60766
319,8,16,41.7556929,-87.6012188
320,8,17,41.7384975,-87.5725195
321,8,18,41.748649,-87.60232099999999
322,8,19,41.73512179999999,-87.5738264
323,8,20,41.7583583,-87.5768501
324,8,21,41.7583583,-87.5768501
325,8,22,41.7168493,-87.59685139999999
326,8,23,41.7285417,-87.59661419999999
327,8,24,41.7495838,-87.5763331
328,8,25,41.7333608,-87.6051748
329,8,26,41.75698260000001,-87.60356039999999
330,8,27,41.7277266,-87.57495109999999
331,8,28,41.7518509,-87.57540469999999
332,8,29,41.7475686,-87.5897573
333,8,30,41.7457741,-87.5849873
334,8,31,41.7333608,-87.6051748
335,8,32,41.710702,-87.602457
336,8,33,41.7262516,-87.5931191
337,8,34,41.7168493,-87.59685139999999
338,8,35,41.7328045,-87.5899013
339,8,36,41.74461489999999,-87.5732543
340,8,37,41.7425754,-87.58765269999999
341,8,38,41.7285417,-87.59661419999999
342,8,39,41.710702,-87.602457
343,8,40,41.7401622,-87.60404659999999
344,8,41,41.7400343,-87.6009832
345,8,42,41.76005900000001,-87.58295799999999
346,8,43,41.7556929,-87.6012188
347,8,44,41.7537741,-87.595201
348,8,45,41.7478199,-87.60421529999999
349,8,46,41.741858,-87.5648662
350,8,47,41.7168493,-87.59685139999999
351,8,48,41.7437383,-87.5941856
352,8,49,41.7385558,-87.5802124
353,8,50,41.7385558,-87.5802124
354,8,51,41.7392845,-87.5815346
355,8,52,41.7425754,-87.58765269999999
356,8,53,41.7446117,-87.5753045
357,8,54,41.748649,-87.60232099999999
358,8,55,41.7537741,-87.595201
359,8,56,41.7328045,-87.5899013
360,9,1,41.7065428,-87.6025983
361,9,2,41.71206069999999,-87.6204803
362,9,3,41.6574136,-87.6074687
363,9,4,41.6705466,-87.62318929999999
364,9,5,41.7039091,-87.6212209
365,9,6,41.6648631,-87.6386967
366,9,7,41.6810184,-87.6222652
367,9,8,41.7065428,-87.6025983
368,9,9,41.6998834,-87.6121356
369,9,10,41.70560140000001,-87.6274738
370,9,11,41.6763208,-87.62289799999999
371,9,12,41.7301204,-87.61119959999999
372,9,13,41.7076311,-87.60935359999999
373,9,14,41.7089027,-87.61258409999999
374,9,15,41.6574136,-87.6074687
375,9,16,41.6705466,-87.62318929999999
376,9,17,41.708315,-87.620391
377,9,18,41.6777519,-87.6247865
378,9,19,41.6648631,-87.6386967
379,9,20,41.7138932,-87.6312212
380,9,21,41.7108491,-87.63773599999999
381,9,22,41.7002756,-87.6116201
382,9,23,41.7301204,-87.61119959999999
383,9,24,41.72215060000001,-87.6184552
384,9,25,41.7301204,-87.61119959999999
385,9,26,41.6540012,-87.6142072
386,9,27,41.7071425,-87.6345408
387,9,28,41.6839619,-87.6179166
388,9,29,41.7039091,-87.6212209
389,9,30,41.71052479999999,-87.6169857
390,9,31,41.688844,-87.618561
391,9,32,41.7002756,-87.6116201
392,9,33,41.6574136,-87.6074687
393,9,34,41.702727,-87.6204089
394,9,35,41.71052479999999,-87.6169857
395,9,36,41.7301204,-87.61119959999999
396,9,37,41.69133799999999,-87.6096909
397,9,38,41.6930114,-87.6130591
398,9,39,41.6700406,-87.63209719999999
399,9,40,41.7002756,-87.6116201
400,9,41,41.6677891,-87.62230009999999
401,9,42,41.7181944,-87.62127720000001
402,9,43,41.6919025,-87.6162736
403,9,44,41.6677891,-87.62230009999999
404,9,45,41.6705466,-87.62318929999999
405,9,46,41.6890814,-87.61327
406,9,47,41.7252002,-87.6231245
407,9,48,41.7301204,-87.61119959999999
408,9,49,41.7343429,-87.61866619999999
409,9,50,41.7252002,-87.6231245
410,9,51,41.72215060000001,-87.6184552
411,10,1,41.7303621,-87.546236
412,10,2,41.6520973,-87.5405375
413,10,3,41.6562194,-87.53664010000001
414,10,4,41.7440133,-87.54266539999999
415,10,5,41.65469340000001,-87.5440749
416,10,6,41.72133789999999,-87.5528519
417,10,7,41.716353,-87.5533028
418,10,8,41.733009,-87.5450591
419,10,9,41.662351,-87.55353749999999
420,10,10,41.6914751,-87.53491989999999
421,10,11,41.6985287,-87.53319479999999
422,10,12,41.6914751,-87.53491989999999
423,10,13,41.6997402,-87.5623159
424,10,14,41.684903,-87.5373153
425,10,15,41.7180488,-87.5643737
426,10,16,41.6520973,-87.5405375
427,10,17,41.6566638,-87.55101739999999
428,10,18,41.7311453,-87.5533088
429,10,19,41.6876076,-87.53233639999999
430,10,20,41.7029517,-87.5336197
431,10,21,41.7176475,-87.5558444
432,10,22,41.7178298,-87.5306437
433,10,23,41.6914751,-87.53491989999999
434,10,24,41.662351,-87.55353749999999
435,10,25,41.72133789999999,-87.5528519
436,10,26,41.7178298,-87.5306437
437,10,27,41.7441524,-87.5530386
438,10,28,41.6985287,-87.53319479999999
439,10,29,41.7068834,-87.5349293
440,10,30,41.7068834,-87.5349293
441,10,31,41.7068834,-87.5349293
442,10,32,41.6985287,-87.53319479999999
443,10,33,41.6989655,-87.5431382
444,10,34,41.7311453,-87.5533088
445,10,35,41.6876076,-87.53233639999999
446,10,36,41.727982,-87.54891429999999
447,11,1,41.8456166,-87.6562563
448,11,2,41.8573298,-87.6452003
449,11,3,41.8548155,-87.6483619
450,11,4,41.8411442,-87.6485994
451,11,5,41.8369677,-87.6465972
452,11,6,41.8645123,-87.6560267
453,11,7,41.8665933,-87.64927809999999
454,11,8,41.83923069999999,-87.65377289999999
455,11,9,41.8408548,-87.6590653
456,11,10,41.8436448,-87.64418820000002
457,11,11,41.8353553,-87.65559929999999
458,11,12,41.812397,-87.641072
459,11,13,41.8124614,-87.6444099
460,11,14,41.8434211,-87.6382004
461,11,15,41.8428438,-87.6461068
462,11,16,41.84012300000001,-87.6430319
463,11,17,41.8319671,-87.6546086
464,11,18,41.8392179,-87.64083889999999
465,11,19,41.8325636,-87.64646119999999
466,11,20,41.8392179,-87.64083889999999
467,11,21,41.830053,-87.64451799999999
468,11,22,41.83771670000001,-87.6433222
469,11,23,41.83417439999999,-87.6350089
470,11,24,41.8267833,-87.64321269999999
471,11,25,41.8281504,-87.6478954
472,11,26,41.83223479999999,-87.64529499999999
473,11,27,41.8440992,-87.64110409999999
474,11,28,41.8075106,-87.6424668
475,11,29,41.8303654,-87.6408429
476,11,30,41.8457433,-87.6339146
477,11,31,41.8179027,-87.6437655
478,11,32,41.83417439999999,-87.6350089
479,11,33,41.8573298,-87.6452003
480,11,34,41.836846,-87.631996
481,11,35,41.8350126,-87.63189919999999
482,11,36,41.8390728,-87.6332197
483,11,37,41.8478668,-87.63925239999999
484,11,38,41.8573298,-87.6452003
485,12,1,41.8296803,-87.67124799999999
486,12,2,41.82884749999999,-87.69268489999999
487,12,3,41.8279022,-87.6776537
488,12,4,41.8296803,-87.67124799999999
489,12,5,41.8301492,-87.6735697
490,12,6,41.82998360000001,-87.6906332
491,12,7,41.8525418,-87.6962877
492,12,8,41.8316283,-87.6787987
493,12,9,41.8330303,-87.6681794
494,12,10,41.8525418,-87.6962877
495,12,11,41.8245538,-87.71140009999999
496,12,12,41.8217497,-87.701019
497,12,13,41.8211436,-87.6931372
498,12,14,41.8496377,-87.7047968
499,12,15,41.841524,-87.7052983
500,12,16,41.8504537,-87.70459220000001
501,12,17,41.8239989,-87.69186189999999
502,12,18,41.8466755,-87.6997552
503,12,19,41.8252989,-87.6673656
504,12,20,41.820277,-87.698295
505,12,21,41.8237382,-87.6824446
506,12,22,41.8476349,-87.699837
507,12,23,41.829139,-87.669482
508,13,1,41.7797119,-87.7704965
509,13,2,41.7804544,-87.7769521
510,13,3,41.7882691,-87.7193163
511,13,4,41.7764699,-87.7822279
512,13,5,41.7715255,-87.7306517
513,13,6,41.7906187,-87.781618
514,13,7,41.7876388,-87.7322836
515,13,8,41.7797119,-87.7704965
516,13,9,41.7761705,-87.733961
517,13,10,41.7845017,-87.79617449999999
518,13,11,41.7804544,-87.7769521
519,13,12,41.7871479,-87.7324652
520,13,13,41.77671429999999,-87.7455355
521,13,14,41.7806017,-87.7334091
522,13,15,41.7919803,-87.72493779999999
523,13,16,41.7805685,-87.7279112
524,13,17,41.78416,-87.762312
525,13,18,41.7798885,-87.7784666
526,13,19,41.7664033,-87.7191981
527,13,20,41.7798885,-87.7784666
528,13,21,41.7845017,-87.79617449999999
529,13,22,41.7902142,-87.77902429999999
530,13,23,41.7806017,-87.7334091
531,13,24,41.7898294,-87.7259282
532,13,25,41.7786572,-87.7383069
533,13,26,41.778164,-87.76767989999999
534,13,27,41.7760009,-87.75244070000001
535,13,28,41.77657,-87.72305519999999
536,13,29,41.7761705,-87.733961
537,13,30,41.7737886,-87.717517
538,13,31,41.7803131,-87.78784519999999
539,13,32,41.7902142,-87.77902429999999
540,13,33,41.7902142,-87.77902429999999
541,13,34,41.7738599,-87.7198856
542,13,35,41.7753601,-87.7293478
543,13,36,41.7786572,-87.7383069
544,13,37,41.770764,-87.7409629
545,13,38,41.7803131,-87.78784519999999
546,13,39,41.7744601,-87.7288495
547,13,40,41.7861141,-87.7287344
548,13,41,41.7664033,-87.7191981
549,13,42,41.7902256,-87.78031639999999
550,13,43,41.7756473,-87.7584057
551,13,44,41.7698048,-87.7198693
552,13,45,41.776745,-87.76481679999999
553,13,46,41.7701026,-87.7229021
554,13,47,41.7708621,-87.7173341
555,13,48,41.7909896,-87.7784013
556,14,1,41.79792339999999,-87.78858
557,14,2,41.8081557,-87.72519849999999
558,14,3,41.7934734,-87.70476529999999
559,14,4,41.7982117,-87.7734503
560,14,5,41.7931998,-87.703542
561,14,6,41.7975924,-87.70526129999999
562,14,7,41.8015121,-87.73350889999999
563,14,8,41.8015121,-87.73350889999999
564,14,9,41.7966195,-87.76458799999999
565,14,10,41.8099831,-87.7114271
566,14,11,41.7973501,-87.7076321
567,14,12,41.8015121,-87.73350889999999
568,14,13,41.8061467,-87.71773669999999
569,14,14,41.7981868,-87.68941559999999
570,14,15,41.7973501,-87.7076321
571,14,16,41.8099831,-87.7114271
572,14,17,41.8016594,-87.6858604
573,14,18,41.8000975,-87.7425829
574,14,19,41.8000015,-87.6936115
575,14,20,41.8137644,-87.705747
576,14,21,41.7938458,-87.6944197
577,14,22,41.798113,-87.7482644
578,14,23,41.7961965,-87.76095219999999
579,14,24,41.7982117,-87.7734503
580,14,25,41.8012029,-87.6872491
581,14,26,41.7949656,-87.703267
582,14,27,41.8047025,-87.7219203
583,14,28,41.8053759,-87.72553649999999
584,14,29,41.797721,-87.68469569999999
585,14,30,41.7956396,-87.69659530000001
586,14,31,41.809415,-87.703662
587,15,1,41.8118357,-87.6646473
588,15,2,41.78208730000001,-87.6721537
589,15,3,41.7907608,-87.67241890000001
590,15,4,41.8155132,-87.685555
591,15,5,41.8107456,-87.66954539999999
592,15,6,41.8133077,-87.6934733
593,15,7,41.7723585,-87.6728612
594,15,8,41.80628189999999,-87.68998359999999
595,15,9,41.8155132,-87.685555
596,15,10,41.8150552,-87.7031923
597,15,11,41.81527029999999,-87.69756869999999
598,15,12,41.81527029999999,-87.69756869999999
599,15,13,41.806931,-87.67366439999999
600,15,14,41.802523,-87.67007269999999
601,15,15,41.80240149999999,-87.6724481
602,15,16,41.7910307,-87.6897308
603,15,17,41.7872259,-87.668464
604,15,18,41.77907640000001,-87.6684425
605,15,19,41.8052362,-87.6833923
606,15,20,41.78208730000001,-87.6721537
607,15,21,41.7907608,-87.67241890000001
608,15,22,41.77563,-87.664492
609,15,23,41.7907608,-87.67241890000001
610,15,24,41.7796254,-87.6723591
611,16,1,41.7935846,-87.68496280000001
612,16,2,41.7942582,-87.6700535
613,16,3,41.7834138,-87.6746801
614,16,4,41.7731391,-87.6830846
615,16,5,41.78516949999999,-87.6642644
616,16,6,41.7731391,-87.6830846
617,16,7,41.7935846,-87.68496280000001
618,16,8,41.7942582,-87.6700535
619,16,9,41.7797929,-87.6601139
620,16,10,41.792834,-87.6648945
621,16,11,41.788917,-87.684285
622,16,12,41.797997,-87.66506299999999
623,16,13,41.7806058,-87.69160629999999
624,16,14,41.784509,-87.6573786
625,16,15,41.7936529,-87.64959619999999
626,16,16,41.77054649999999,-87.6739594
627,16,17,41.7862372,-87.69130969999999
628,16,18,41.7794211,-87.68977559999999
629,16,19,41.7840429,-87.6880979
630,16,20,41.7896317,-87.6545847
631,16,21,41.7840429,-87.6880979
632,16,22,41.7806058,-87.69160629999999
633,16,23,41.788917,-87.684285
634,16,24,41.7741847,-87.67533379999999
635,16,25,41.78358,-87.64727529999999
636,16,26,41.7896317,-87.6545847
637,16,27,41.781173,-87.648135
638,16,28,41.7784986,-87.6475232
639,16,29,41.77110460000001,-87.66669890000001
640,16,30,41.774826,-87.65379779999999
641,16,31,41.7833241,-87.6591778
642,16,32,41.7862372,-87.69130969999999
643,16,33,41.77714719999999,-87.6637801
644,16,34,41.7797929,-87.6601139
645,16,35,41.7820279,-87.702849
646,16,36,41.787206,-87.650304
647,17,1,41.7646185,-87.70638029999999
648,17,2,41.7545864,-87.64595849999999
649,17,3,41.76863700000001,-87.680984
650,17,4,41.7494853,-87.66908699999999
651,17,5,41.7606248,-87.65437360000001
652,17,6,41.7742103,-87.6974434
653,17,7,41.7742103,-87.6974434
654,17,8,41.7695177,-87.6829267
655,17,9,41.7545864,-87.64595849999999
656,17,10,41.751982,-87.6444331
657,17,11,41.7596915,-87.6679795
658,17,12,41.7731763,-87.70261219999999
659,17,13,41.7688527,-87.66085489999999
660,17,14,41.7783971,-87.703755
661,17,15,41.7511507,-87.6370048
662,17,16,41.7742103,-87.6974434
663,17,17,41.7677443,-87.6915121
664,17,18,41.7486597,-87.6698044
665,17,19,41.7750512,-87.6553561
666,17,20,41.7486597,-87.6698044
667,17,21,41.747499,-87.62849899999999
668,17,22,41.7566047,-87.6574069
669,17,23,41.759799,-87.65767000000001
670,17,24,41.7507173,-87.65469639999999
671,17,25,41.7692066,-87.6909357
672,17,26,41.7517939,-87.6630239
673,17,27,41.7525543,-87.6614862
674,17,28,41.7590551,-87.64952720000001
675,17,29,41.7566047,-87.6574069
676,17,30,41.7709893,-87.7030318
677,17,31,41.7620059,-87.6641118
678,17,32,41.7596915,-87.6679795
679,17,33,41.760634,-87.67637959999999
680,17,34,41.75969070000001,-87.6763149
681,17,35,41.7688527,-87.66085489999999
682,17,36,41.7686447,-87.6800968
683,17,37,41.760634,-87.67637959999999
684,17,38,41.7486597,-87.6698044
685,17,39,41.7485007,-87.63552639999999
686,17,40,41.75460959999999,-87.67149739999999
687,17,41,41.75460959999999,-87.67149739999999
688,18,1,41.75377640000001,-87.7089941
689,18,2,41.7530157,-87.72172130000001
690,18,3,41.7369858,-87.72549699999999
691,18,4,41.7477465,-87.6877825
692,18,5,41.764316,-87.68833509999999
693,18,6,41.7369858,-87.72549699999999
694,18,7,41.7372078,-87.71975239999999
695,18,8,41.7447081,-87.70264499999999
696,18,9,41.7390058,-87.697062
697,18,10,41.7376441,-87.70249629999999
698,18,11,41.7458822,-87.7193279
699,18,12,41.7579986,-87.68841839999999
700,18,13,41.7420376,-87.7139461
701,18,14,41.7477465,-87.6877825
702,18,15,41.7542378,-87.7233222
703,18,16,41.7421281,-87.6968203
704,18,17,41.7455946,-87.71863139999999
705,18,18,41.7496894,-87.6796189
706,18,19,41.749927,-87.67582100000001
707,18,20,41.749927,-87.67582100000001
708,18,21,41.7429177,-87.7052807
709,18,22,41.7496589,-87.693258
710,18,23,41.7420376,-87.7139461
711,18,24,41.741719,-87.7360673
712,18,25,41.7423448,-87.7323947
713,18,26,41.7421281,-87.6968203
714,18,27,41.7709893,-87.7030318
715,18,28,41.7392062,-87.72944849999999
716,18,29,41.74107619999999,-87.71704330000001
717,18,30,41.7471357,-87.7319927
718,18,31,41.75377640000001,-87.7089941
719,18,32,41.7403938,-87.6732651
720,18,33,41.7597296,-87.6834914
721,18,34,41.7390058,-87.697062
722,18,35,41.7421281,-87.6968203
723,18,36,41.7372078,-87.71975239999999
724,18,37,41.7390058,-87.697062
725,18,38,41.7504446,-87.6770437
726,18,39,41.7709893,-87.7030318
727,18,40,41.7491604,-87.72451029999999
728,18,41,41.7438593,-87.6829301
729,18,42,41.7568622,-87.69062749999999
730,18,43,41.7494534,-87.7398363
731,18,44,41.7392062,-87.72944849999999
732,18,45,41.7498552,-87.7150217
733,18,46,41.7502378,-87.7294483
734,18,47,41.7568622,-87.69062749999999
735,18,48,41.7585453,-87.68492119999999
736,18,49,41.7585453,-87.68492119999999
737,18,50,41.764286,-87.6912086
738,19,1,41.7067882,-87.6902599
739,19,2,41.711022,-87.67630799999999
740,19,3,41.69570179999999,-87.71981770000001
741,19,4,41.69570179999999,-87.71981770000001
742,19,5,41.7225148,-87.6790716
743,19,6,41.697413,-87.6969168
744,19,7,41.6871472,-87.68173019999999
745,19,8,41.6930973,-87.70120659999999
746,19,9,41.7069171,-87.7161339
747,19,10,41.7252339,-87.6768077
748,19,11,41.6910646,-87.7137371
749,19,12,41.7041936,-87.72055710000001
750,19,13,41.7184862,-87.6687121
751,19,14,41.6879699,-87.6799569
752,19,15,41.6875192,-87.70396290000001
753,19,16,41.69570179999999,-87.71981770000001
754,19,17,41.68934489999999,-87.68327149999999
755,19,18,41.7252339,-87.6768077
756,19,19,41.7142173,-87.6710411
757,19,20,41.6833547,-87.6812691
758,19,21,41.6910646,-87.7137371
759,19,22,41.711022,-87.67630799999999
760,19,23,41.6976759,-87.6823735
761,19,24,41.6947509,-87.706772
762,19,25,41.7142173,-87.6710411
763,19,26,41.7097291,-87.66918179999999
764,19,27,41.7069043,-87.6666467
765,19,28,41.705373,-87.6585145
766,19,29,41.697413,-87.6969168
767,19,30,41.6960718,-87.7052306
768,19,31,41.69349829999999,-87.671672
769,19,32,41.6871472,-87.68173019999999
770,19,33,41.6960718,-87.7052306
771,19,34,41.7018248,-87.6810256
772,19,35,41.7018248,-87.6810256
773,19,36,41.7069043,-87.6666467
774,19,37,41.705373,-87.6585145
775,19,38,41.7069043,-87.6666467
776,19,39,41.6904451,-87.717857
777,19,40,41.69349829999999,-87.671672
778,19,41,41.6875192,-87.70396290000001
779,19,42,41.69349829999999,-87.671672
780,19,43,41.69169400000001,-87.66862700000001
781,19,44,41.6947509,-87.706772
782,19,45,41.7067882,-87.6902599
783,19,46,41.6976759,-87.6823735
784,19,47,41.6833547,-87.6812691
785,19,48,41.69169400000001,-87.66862700000001
786,19,49,41.6833547,-87.6812691
787,19,50,41.68934489999999,-87.68327149999999
788,19,51,41.702547,-87.6870284
789,19,52,41.697413,-87.6969168
790,19,53,41.7067243,-87.681981
791,19,54,41.6930973,-87.70120659999999
792,19,55,41.69570179999999,-87.71981770000001
793,19,56,41.7225148,-87.6790716
794,19,57,41.7184862,-87.6687121
795,20,1,41.78239230000001,-87.60804189999999
796,20,2,41.8010413,-87.6457331
797,20,3,41.78239230000001,-87.60804189999999
798,20,4,41.8000323,-87.65052279999999
799,20,5,41.7801249,-87.60685699999999
800,20,6,41.7933941,-87.64087909999999
801,20,7,41.7854107,-87.6141007
802,20,8,41.76894009999999,-87.60819400000001
803,20,9,41.7790042,-87.59680759999999
804,20,10,41.7729969,-87.6141616
805,20,11,41.7936776,-87.61764269999999
806,20,12,41.78780099999999,-87.62437899999999
807,20,13,41.775497,-87.64213590000001
808,20,14,41.7855905,-87.60654199999999
809,20,15,41.8072923,-87.6609932
810,20,16,41.7813349,-87.6039235
811,20,17,41.8023982,-87.6611731
812,20,18,41.77535839999999,-87.60908169999999
813,20,19,41.7854107,-87.6141007
814,20,20,41.8073824,-87.6657907
815,20,21,41.79926700000001,-87.6586284
816,20,22,41.7790042,-87.59680759999999
817,20,23,41.7805114,-87.62163489999999
818,20,24,41.7825704,-87.5959422
819,20,25,41.8000323,-87.65052279999999
820,20,26,41.7825704,-87.5959422
821,20,27,41.7820213,-87.6342183
822,20,28,41.7715893,-87.62140649999999
823,20,29,41.7777241,-87.6314041
824,20,30,41.7905907,-87.6340628
825,20,31,41.7940219,-87.6235354
826,20,32,41.7944945,-87.6472804
827,20,33,41.7801249,-87.60685699999999
828,20,34,41.7825704,-87.5959422
829,20,35,41.7740037,-87.615605
830,20,36,41.7823938,-87.6373514
831,20,37,41.7870787,-87.6263537
832,20,38,41.8010413,-87.6457331
833,20,39,41.7820213,-87.6342183
834,21,1,41.71898669999999,-87.6518614
835,21,2,41.7401331,-87.63808569999999
836,21,3,41.733775,-87.666302
837,21,4,41.7485007,-87.63552639999999
838,21,5,41.7237047,-87.6390588
839,21,6,41.7361575,-87.6525659
840,21,7,41.7421561,-87.6725764
841,21,8,41.72624,-87.66122299999999
842,21,9,41.7386327,-87.66855950000001
843,21,10,41.7299219,-87.65497289999999
844,21,11,41.7352668,-87.63950109999999
845,21,12,41.7352668,-87.63950109999999
846,21,13,41.7417044,-87.6600082
847,21,14,41.72681559999999,-87.6632429
848,21,15,41.742683,-87.6692724
849,21,16,41.733775,-87.666302
850,21,17,41.7391747,-87.6452766
851,21,18,41.72624,-87.66122299999999
852,21,19,41.7270772,-87.654913
853,21,20,41.7400891,-87.6537621
854,21,21,41.71898669999999,-87.6518614
855,21,22,41.7270772,-87.654913
856,21,23,41.7199103,-87.63226859999999
857,21,24,41.7237047,-87.6390588
858,21,25,41.7199103,-87.63226859999999
859,21,26,41.74711,-87.66371819999999
860,21,27,41.7199103,-87.63226859999999
861,21,28,41.7446721,-87.653841
862,21,29,41.7361297,-87.6645276
863,21,30,41.7458533,-87.6601661
864,21,31,41.7446685,-87.6319177
865,21,32,41.7355975,-87.660884
866,21,33,41.7400891,-87.6537621
867,21,34,41.7391747,-87.6452766
868,21,35,41.7263195,-87.6343557
869,21,36,41.7316823,-87.6577772
870,21,37,41.7218299,-87.64865499999999
871,21,38,41.7237415,-87.6283596
872,21,39,41.72570109999999,-87.630464
873,21,40,41.7263195,-87.6343557
874,21,41,41.721005,-87.6485124
875,21,42,41.7270772,-87.654913
876,21,43,41.7459619,-87.6515055
877,21,44,41.7352668,-87.63950109999999
878,21,45,41.7237415,-87.6283596
879,21,46,41.7246824,-87.6436299
880,21,47,41.7458533,-87.6601661
881,21,48,41.7417044,-87.6600082
882,21,49,41.7195222,-87.65239419999999
883,21,50,41.7325284,-87.6576966
884,21,51,41.7400891,-87.6537621
885,21,52,41.7417044,-87.6600082
886,21,53,41.74535150000001,-87.6346329
887,21,54,41.7482518,-87.6533809
888,22,1,41.80856259999999,-87.7461579
889,22,2,41.8023503,-87.7482424
890,22,3,41.8382715,-87.7176913
891,22,4,41.8449932,-87.724912
892,22,5,41.8365049,-87.73085119999999
893,22,6,41.8454986,-87.7320658
894,22,7,41.8382715,-87.7176913
895,22,8,41.8023503,-87.7482424
896,22,9,41.8427169,-87.7151126
897,22,10,41.83787969999999,-87.7187629
898,22,11,41.8373804,-87.7149372
899,22,12,41.8117617,-87.739038
900,22,13,41.84843499999999,-87.71559719999999
901,22,14,41.84843499999999,-87.71559719999999
902,22,15,41.841524,-87.7052983
903,22,16,41.8365049,-87.73085119999999
904,22,17,41.8458339,-87.7298775
905,22,18,41.84843499999999,-87.71559719999999
906,22,19,41.8500587,-87.71700150000001
907,22,20,41.8365049,-87.73085119999999
908,22,21,41.8510875,-87.73355289999999
909,22,22,41.8493374,-87.7083014
910,22,23,41.8132382,-87.7514561
911,22,24,41.8400503,-87.72529279999999
912,22,25,41.8427169,-87.7151126
913,23,1,41.7845017,-87.79617449999999
914,23,2,41.7764699,-87.7822279
915,23,3,41.7949995,-87.7867662
916,23,4,41.794296,-87.7687129
917,23,5,41.7829254,-87.72322849999999
918,23,6,41.7939861,-87.7319612
919,23,7,41.7858019,-87.7149127
920,23,8,41.7936672,-87.75499250000001
921,23,9,41.7935903,-87.7167889
922,23,10,41.7787938,-87.73213729999999
923,23,11,41.7789997,-87.7184801
924,23,12,41.7918943,-87.7947683
925,23,13,41.7874363,-87.70768389999999
926,23,14,41.7929734,-87.7802011
927,23,15,41.7864273,-87.7051068
928,23,16,41.7948196,-87.79101759999999
929,23,17,41.78189709999999,-87.7035387
930,23,18,41.776312,-87.7940173
931,23,19,41.77476610000001,-87.7091148
932,23,20,41.779162,-87.708877
933,23,21,41.7948196,-87.79101759999999
934,23,22,41.7953142,-87.77092689999999
935,23,23,41.7764699,-87.7822279
936,23,24,41.8007121,-87.7111257
937,23,25,41.8008734,-87.7266461
938,23,26,41.79998310000001,-87.7274788
939,23,27,41.7923719,-87.7818793
940,23,28,41.776312,-87.7940173
941,23,29,41.7910849,-87.7624506
942,23,30,41.7788952,-87.7235891
943,23,31,41.7782366,-87.71063319999999
944,23,32,41.7789997,-87.7184801
945,23,33,41.793016,-87.716343
946,23,34,41.7863744,-87.7124223
947,23,35,41.776312,-87.7940173
948,23,36,41.7918247,-87.79667979999999
949,23,37,41.7949995,-87.7867662
950,23,38,41.7940543,-87.7713587
951,23,39,41.793016,-87.716343
952,24,1,41.85647530000001,-87.73081359999999
953,24,2,41.85858289999999,-87.7157865
954,24,3,41.852819,-87.7128551
955,24,4,41.8703954,-87.71853519999999
956,24,5,41.8665519,-87.71749919999999
957,24,6,41.85858289999999,-87.7157865
958,24,7,41.849856,-87.69239030000001
959,24,8,41.8611015,-87.73307439999999
960,24,9,41.852819,-87.7128551
961,24,10,41.856579,-87.705727
962,24,11,41.8604761,-87.7312472
963,24,12,41.861415,-87.709653
964,24,13,41.861415,-87.709653
965,24,14,41.866119,-87.70467060000001
966,24,15,41.858343,-87.7218352
967,24,16,41.849856,-87.69239030000001
968,24,17,41.8695716,-87.7270826
969,24,18,41.8729278,-87.7129796
970,24,19,41.8708022,-87.7342796
971,24,20,41.8695716,-87.7270826
972,24,21,41.8631549,-87.7132915
973,24,22,41.8663275,-87.7314047
974,24,23,41.8611098,-87.70341719999999
975,24,24,41.86150070000001,-87.7183603
976,24,25,41.8611015,-87.73307439999999
977,24,26,41.866575,-87.7123546
978,24,27,41.873255,-87.7053597
979,24,28,41.8628186,-87.72404879999999
980,24,29,41.8517655,-87.73122269999999
981,24,30,41.8664016,-87.7237913
982,24,31,41.8524949,-87.72196869999999
983,24,32,41.8708022,-87.7342796
984,24,33,41.85647530000001,-87.73081359999999
985,24,34,41.85858289999999,-87.7157865
986,24,35,41.8643315,-87.7101328
987,24,36,41.8524949,-87.72196869999999
988,24,37,41.857225,-87.73039519999999
989,24,38,41.856579,-87.705727
990,24,39,41.8533289,-87.7014768
991,24,40,41.873255,-87.7053597
992,24,41,41.8757714,-87.7411247
993,25,1,41.8508778,-87.6761252
994,25,2,41.8575941,-87.6609496
995,25,3,41.8808261,-87.65001889999999
996,25,4,41.8632902,-87.6511731
997,25,5,41.8479002,-87.6812235
998,25,6,41.8497616,-87.6339015
999,25,7,41.8575941,-87.6609496
1000,25,8,41.8525261,-87.6837986
1001,25,9,41.8564394,-87.6810575
1002,25,10,41.8808261,-87.65001889999999
1003,25,11,41.8569085,-87.671916
1004,25,12,41.8586458,-87.6525551
1005,25,13,41.8561772,-87.66726390000001
1006,25,14,41.8538673,-87.6362583
1007,25,15,41.8512231,-87.6726734
1008,25,16,41.8829193,-87.6514084
1009,25,17,41.8593185,-87.65580260000002
1010,25,18,41.85112700000001,-87.63534709999999
1011,25,19,41.8561772,-87.66726390000001
1012,25,20,41.8647545,-87.6573993
1013,25,21,41.8714475,-87.634244
1014,25,22,41.8551821,-87.6756037
1015,25,23,41.855021,-87.6539074
1016,25,24,41.8590606,-87.66313579999999
1017,25,25,41.871524,-87.6547071
1018,25,26,41.8479002,-87.6812235
1019,25,27,41.8748657,-87.6399959
1020,25,28,41.8556707,-87.6581866
1021,25,29,41.8630205,-87.6553512
1022,25,30,41.853276,-87.6794038
1023,25,31,41.8829193,-87.6514084
1024,25,32,41.83173910000001,-87.68109489999999
1025,26,1,41.8976344,-87.69457880000002
1026,26,2,41.9020483,-87.709805
1027,26,3,41.8970977,-87.6885334
1028,26,4,41.9068482,-87.73216359999999
1029,26,5,41.90668549999999,-87.707382
1030,26,6,41.9089182,-87.7116905
1031,26,7,41.9170722,-87.7090334
1032,26,8,41.9146393,-87.7234738
1033,26,9,41.9041825,-87.71410589999999
1034,26,10,41.9014955,-87.7075812
1035,26,11,41.9102069,-87.71790349999999
1036,26,12,41.9089182,-87.7116905
1037,26,13,41.91008739999999,-87.73405199999999
1038,26,14,41.91251279999999,-87.7130923
1039,26,15,41.907608,-87.7282304
1040,26,16,41.9082721,-87.724901
1041,26,17,41.891024,-87.690467
1042,26,18,41.9092399,-87.71884899999999
1043,26,19,41.9068482,-87.73216359999999
1044,26,20,41.9026997,-87.68848249999999
1045,26,21,41.8994704,-87.6948413
1046,26,22,41.91008739999999,-87.73405199999999
1047,26,23,41.9176511,-87.7235197
1048,26,24,41.9175159,-87.7202326
1049,26,25,41.9054814,-87.6965982
1050,26,26,41.9054814,-87.6965982
1051,26,27,41.9016797,-87.6990802
1052,26,28,41.8919352,-87.6834926
1053,26,29,41.912275,-87.70716829999999
1054,26,30,41.9104659,-87.70534610000001
1055,26,31,41.9040722,-87.7182183
1056,26,32,41.8919352,-87.6834926
1057,26,33,41.8981946,-87.6964823
1058,26,34,41.9194274,-87.7076046
1059,26,35,41.9031709,-87.6923348
1060,26,36,41.8976344,-87.69457880000002
1061,26,37,41.9170722,-87.7090334
1062,26,38,41.9130076,-87.72713859999999
1063,26,39,41.8970977,-87.6885334
1064,26,40,41.9116822,-87.7064098
1065,26,41,41.9041825,-87.71410589999999
1066,26,42,41.9104659,-87.70534610000001
1067,26,43,41.9047857,-87.72114479999999
1068,26,44,41.909588,-87.72609299999999
1069,26,45,41.9051135,-87.72183629999999
1070,26,46,41.891024,-87.690467
1071,26,47,41.9101795,-87.7218444
1072,26,48,41.9044371,-87.68724879999999
1073,26,49,41.9172697,-87.72847890000001
1074,27,1,41.8960784,-87.65625419999999
1075,27,2,41.8771041,-87.6598252
1076,27,3,41.8939284,-87.7182248
1077,27,4,41.88328569999999,-87.6994718
1078,27,5,41.89230209999999,-87.7080876
1079,27,6,41.9053683,-87.64482269999999
1080,27,7,41.8950115,-87.66269059999999
1081,27,8,41.8905594,-87.71347229999999
1082,27,9,41.9060674,-87.6359593
1083,27,10,41.8808142,-87.66829039999999
1084,27,11,41.8916184,-87.64464579999999
1085,27,12,41.9060674,-87.6359593
1086,27,13,41.9030801,-87.6656313
1087,27,14,41.8795353,-87.69418309999999
1088,27,15,41.8930604,-87.7191745
1089,27,16,41.8829193,-87.6514084
1090,27,17,41.8791604,-87.68821729999999
1091,27,18,41.8764439,-87.6850889
1092,27,19,41.89518580000001,-87.71813209999999
1093,27,20,41.9084656,-87.6385241
1094,27,21,41.8989513,-87.6446419
1095,27,22,41.8930604,-87.7191745
1096,27,23,41.8893484,-87.7152684
1097,27,24,41.9032404,-87.71938999999999
1098,27,25,41.8796875,-87.6806019
1099,27,26,41.8856064,-87.7034553
1100,27,27,41.88481549999999,-87.6758918
1101,27,28,41.9032652,-87.6361178
1102,27,29,41.9032404,-87.71938999999999
1103,27,30,41.8795353,-87.69418309999999
1104,27,31,41.88925039999999,-87.70474949999999
1105,27,32,41.8824106,-87.679921
1106,27,33,41.8851415,-87.666066
1107,27,34,41.8939284,-87.7182248
1108,27,35,41.9000176,-87.6627352
1109,27,36,41.8868452,-87.6967667
1110,27,37,41.9091675,-87.6460614
1111,27,38,41.9033788,-87.6323292
1112,27,39,41.8831581,-87.6969203
1113,27,40,41.89382250000001,-87.65705489999999
1114,27,41,41.8768618,-87.6770248
1115,27,42,41.9114937,-87.63706839999999
1116,27,43,41.8833296,-87.6776146
1117,27,44,41.89230209999999,-87.7080876
1118,27,45,41.8829193,-87.6514084
1119,27,46,41.9060674,-87.6359593
1120,27,47,41.9067228,-87.6405951
1121,27,48,41.9021258,-87.6408307
1122,27,49,41.88328569999999,-87.6994718
1123,27,50,41.8790641,-87.6890646
1124,28,1,41.880156,-87.745944
1125,28,2,41.8872234,-87.7072681
1126,28,3,41.8798883,-87.7082623
1127,28,4,41.8687155,-87.6648786
1128,28,5,41.8619151,-87.6658245
1129,28,6,41.876712,-87.6648859
1130,28,7,41.8799664,-87.7292433
1131,28,8,41.876712,-87.6648859
1132,28,9,41.8799664,-87.7292433
1133,28,10,41.8687155,-87.6648786
1134,28,11,41.8717354,-87.6832998
1135,28,12,41.879654,-87.7542684
1136,28,13,41.8816237,-87.72099539999999
1137,28,14,41.8859515,-87.7555892
1138,28,15,41.8747394,-87.7183862
1139,28,16,41.8765438,-87.7356566
1140,28,17,41.8787797,-87.7248061
1141,28,18,41.8678719,-87.6658059
1142,28,19,41.87096469999999,-87.67902649999999
1143,28,20,41.8832265,-87.71056449999999
1144,28,21,41.8842896,-87.7394384
1145,28,22,41.8868219,-87.7209462
1146,28,23,41.8848263,-87.7358855
1147,28,24,41.884245,-87.72974599999999
1148,28,25,41.8761152,-87.7152602
1149,28,26,41.8799664,-87.7292433
1150,28,27,41.8747686,-87.66111649999999
1151,28,28,41.8747686,-87.66111649999999
1152,28,29,41.8743551,-87.6939408
1153,28,30,41.8778807,-87.69191010000002
1154,28,31,41.8769131,-87.7541581
1155,28,32,41.8770561,-87.7057518
1156,28,33,41.8842896,-87.7394384
1157,28,34,41.8661963,-87.6951283
1158,28,35,41.8703061,-87.7023
1159,28,36,41.876448,-87.709317
1160,28,37,41.8787797,-87.7248061
1161,28,38,41.8925709,-87.743253
1162,28,39,41.880156,-87.745944
1163,28,40,41.8812776,-87.7411348
1164,28,41,41.8859515,-87.7555892
1165,28,42,41.8850409,-87.7507791
1166,28,43,41.8850409,-87.7507791
1167,28,44,41.8783168,-87.73604689999999
1168,28,45,41.8808142,-87.66829039999999
1169,28,46,41.8717354,-87.6832998
1170,29,1,41.91381459999999,-87.7994758
1171,29,2,41.8737955,-87.7526309
1172,29,3,41.8731193,-87.7610638
1173,29,4,41.9064241,-87.7676047
1174,29,5,41.8976551,-87.7658034
1175,29,6,41.8724677,-87.7526628
1176,29,7,41.9126297,-87.78426280000001
1177,29,8,41.8781592,-87.7656299
1178,29,9,41.91381459999999,-87.7994758
1179,29,10,41.91381459999999,-87.7994758
1180,29,11,41.8855384,-87.7663785
1181,29,12,41.9126297,-87.78426280000001
1182,29,13,41.9017901,-87.7714037
1183,29,14,41.8769099,-87.7553586
1184,29,15,41.9133813,-87.78027480000002
1185,29,16,41.8781592,-87.7656299
1186,29,17,41.9133813,-87.78027480000002
1187,29,18,41.88638,-87.77449299999999
1188,29,19,41.8763758,-87.7685245
1189,29,20,41.8818126,-87.7724463
1190,29,21,41.8855384,-87.7663785
1191,29,22,41.8678731,-87.769894
1192,29,23,41.91381459999999,-87.7994758
1193,29,24,41.9124286,-87.76898550000001
1194,29,25,41.9095839,-87.7729366
1195,29,26,41.8896808,-87.7748022
1196,29,27,41.8976551,-87.7658034
1197,29,28,41.8750383,-87.7614205
1198,29,29,41.9425567,-87.81359049999999
1199,29,30,41.92088469999999,-87.7910785
1200,29,31,41.9321441,-87.8020915
1201,29,32,41.9425567,-87.81359049999999
1202,29,33,41.8883301,-87.7667968
1203,29,34,41.8678731,-87.769894
1204,29,35,41.894545,-87.76921999999999
1205,29,36,41.9133813,-87.78027480000002
1206,29,37,41.8963243,-87.7706685
1207,29,38,41.9273787,-87.8002312
1208,29,39,41.9321441,-87.8020915
1209,29,40,41.90218369999999,-87.7744553
1210,29,41,41.9064241,-87.7676047
1211,29,42,41.8737893,-87.76496130000001
1212,29,43,41.9124791,-87.78572869999999
1213,29,44,41.8950237,-87.7712474
1214,30,1,41.9463701,-87.7517167
1215,30,2,41.937528,-87.77457770000001
1216,30,3,41.9412895,-87.71928129999999
1217,30,4,41.9432061,-87.762451
1218,30,5,41.9309607,-87.77255629999999
1219,30,6,41.9243125,-87.76913700000001
1220,30,7,41.9413315,-87.73284029999999
1221,30,8,41.9436481,-87.7195934
1222,30,9,41.9420259,-87.7611608
1223,30,10,41.9309607,-87.77255629999999
1224,30,11,41.9237377,-87.78528759999999
1225,30,12,41.9309607,-87.77255629999999
1226,30,13,41.934333,-87.77688859999999
1227,30,14,41.9303572,-87.76127439999999
1228,30,15,41.9503613,-87.7273685
1229,30,16,41.934333,-87.77688859999999
1230,30,17,41.9397056,-87.7662002
1231,30,18,41.9331255,-87.71935289999999
1232,30,19,41.9242109,-87.76578150000002
1233,30,20,41.9463701,-87.7517167
1234,30,21,41.9386835,-87.7780375
1235,30,22,41.9412895,-87.71928129999999
1236,30,23,41.9400535,-87.7242263
1237,30,24,41.9331255,-87.71935289999999
1238,30,25,41.9381267,-87.72281129999999
1239,30,26,41.9446117,-87.7394581
1240,30,27,41.9446117,-87.7394581
1241,30,28,41.94435319999999,-87.727452
1242,30,29,41.9237377,-87.78528759999999
1243,30,30,41.934333,-87.77688859999999
1244,30,31,41.9446117,-87.7394581
1245,30,32,41.9436481,-87.7195934
1246,31,1,41.92722490000001,-87.7360376
1247,31,2,41.9303398,-87.7560436
1248,31,3,41.9316051,-87.7631519
1249,31,4,41.9258164,-87.7209982
1250,31,5,41.9326996,-87.73987790000001
1251,31,6,41.9386483,-87.7437861
1252,31,7,41.9315116,-87.7237361
1253,31,8,41.9397716,-87.7527327
1254,31,9,41.938702,-87.74991399999999
1255,31,10,41.9326857,-87.7267763
1256,31,11,41.9463701,-87.7517167
1257,31,12,41.9441143,-87.74730199999999
1258,31,13,41.928971,-87.7381063
1259,31,14,41.9389444,-87.7549686
1260,31,15,41.9334585,-87.76666329999999
1261,31,16,41.92490919999999,-87.71726190000001
1262,31,17,41.9317739,-87.7546084
1263,31,18,41.92454619999999,-87.74102219999999
1264,31,19,41.9315913,-87.75974889999999
1265,31,20,41.9303572,-87.76127439999999
1266,31,21,41.9254515,-87.74782189999999
1267,31,22,41.92271830000001,-87.7337075
1268,31,23,41.938465,-87.72861639999999
1269,31,24,41.9326996,-87.73987790000001
1270,31,25,41.9315913,-87.75974889999999
1271,31,26,41.93488809999999,-87.73366329999999
1272,31,27,41.932892,-87.747042
1273,31,28,41.9281734,-87.7578479
1274,31,29,41.9300858,-87.74617339999999
1275,31,30,41.9349567,-87.74639169999999
1276,31,31,41.9365059,-87.7636915
1277,31,32,41.926722,-87.7564912
1278,31,33,41.9389444,-87.7549686
1279,31,34,41.9397716,-87.7527327
1280,31,35,41.9355906,-87.7506105
1281,31,36,41.938465,-87.72861639999999
1282,31,37,41.9276121,-87.7486625
1283,31,38,41.9243427,-87.754739
1284,31,39,41.9252464,-87.72909130000001
1285,31,40,41.9315116,-87.7237361
1286,31,41,41.9256003,-87.7368339
1287,32,1,41.9284101,-87.6866623
1288,32,2,41.9124886,-87.6802818
1289,32,3,41.9277849,-87.69105669999999
1290,32,4,41.916215,-87.67724869999999
1291,32,5,41.918734,-87.68377149999999
1292,32,6,41.9124886,-87.6802818
1293,32,7,41.94007329999999,-87.66680029999999
1294,32,8,41.9357795,-87.6649181
1295,32,9,41.9379211,-87.6838267
1296,32,10,41.9357795,-87.6649181
1297,32,11,41.9250694,-87.70358139999999
1298,32,12,41.9214461,-87.70904039999999
1299,32,13,41.9282109,-87.6667418
1300,32,14,41.9250694,-87.70358139999999
1301,32,15,41.9390936,-87.67531249999999
1302,32,16,41.9216453,-87.6850872
1303,32,17,41.9302558,-87.6997679
1304,32,18,41.9282109,-87.6667418
1305,32,19,41.9370863,-87.6805212
1306,32,20,41.9235103,-87.7053037
1307,32,21,41.9439429,-87.6782068
1308,32,22,41.9214918,-87.702201
1309,32,23,41.94007329999999,-87.66680029999999
1310,32,24,41.9370863,-87.6805212
1311,32,25,41.9439429,-87.6782068
1312,32,26,41.9302558,-87.6997679
1313,32,27,41.92909239999999,-87.6691775
1314,32,28,41.9302558,-87.6997679
1315,32,29,41.9216453,-87.6850872
1316,32,30,41.9380894,-87.6698304
1317,32,31,41.916215,-87.67724869999999
1318,32,32,41.9124886,-87.6802818
1319,32,33,41.913446,-87.6704716
1320,32,34,41.919438,-87.6786851
1321,32,35,41.91212700000001,-87.6686796
1322,32,36,41.9125429,-87.67365029999999
1323,32,37,41.9217524,-87.68115499999999
1324,32,38,41.9355398,-87.68029539999999
1325,32,39,41.9282109,-87.6667418
1326,32,40,41.9380894,-87.6698304
1327,32,41,41.9390936,-87.67531249999999
1328,32,42,41.9370863,-87.6805212
1329,32,43,41.931012,-87.69604269999999
1330,33,1,41.96311900000001,-87.7170876
1331,33,2,41.970866,-87.7103849
1332,33,3,41.9649767,-87.7062448
1333,33,4,41.9416023,-87.7043882
1334,33,5,41.932247,-87.6926062
1335,33,6,41.9516981,-87.7059151
1336,33,7,41.969977,-87.71375929999999
1337,33,8,41.9649767,-87.7062448
1338,33,9,41.9405273,-87.69978499999999
1339,33,10,41.9518747,-87.6989784
1340,33,11,41.9558967,-87.70714509999999
1341,33,12,41.9516981,-87.7059151
1342,33,13,41.9373329,-87.6995709
1343,33,14,41.9373329,-87.6995709
1344,33,15,41.9609156,-87.7099277
1345,33,16,41.9507422,-87.71072749999999
1346,33,17,41.9559142,-87.7083349
1347,33,18,41.9725525,-87.7089104
1348,33,19,41.932247,-87.6926062
1349,33,20,41.9624094,-87.707438
1350,33,21,41.9579692,-87.70324769999999
1351,33,22,41.9480946,-87.6973069
1352,33,23,41.9579692,-87.70324769999999
1353,33,24,41.96055399999999,-87.6977103
1354,33,25,41.96055399999999,-87.6977103
1355,33,26,41.9359759,-87.707253
1356,33,27,41.9650389,-87.7144907
1357,33,28,41.9359759,-87.707253
1358,34,1,41.6784123,-87.65279369999999
1359,34,2,41.696147,-87.64287999999999
1360,34,3,41.6694238,-87.6340463
1361,34,4,41.7001391,-87.63353719999999
1362,34,5,41.6809259,-87.64743779999999
1363,34,6,41.659438,-87.64166999999999
1364,34,7,41.6795199,-87.661056
1365,34,8,41.6874758,-87.650504
1366,34,9,41.6781976,-87.6242678
1367,34,10,41.6784123,-87.65279369999999
1368,34,11,41.6863684,-87.63340769999999
1369,34,12,41.7065861,-87.6471333
1370,34,13,41.6906458,-87.65930759999999
1371,34,14,41.6781356,-87.6316636
1372,34,15,41.68000749999999,-87.6387271
1373,34,16,41.6700406,-87.63209719999999
1374,34,17,41.6863286,-87.66634499999999
1375,34,18,41.70560140000001,-87.6274738
1376,34,19,41.6863286,-87.66634499999999
1377,34,20,41.704842,-87.643157
1378,34,21,41.702288,-87.6483837
1379,34,22,41.7001391,-87.63353719999999
1380,34,23,41.6896803,-87.6383546
1381,34,24,41.7042165,-87.6383391
1382,34,25,41.7071312,-87.64730139999999
1383,34,26,41.6648631,-87.6386967
1384,34,27,41.6991143,-87.62956989999999
1385,34,28,41.6930899,-87.6276715
1386,34,29,41.6884623,-87.6558601
1387,34,30,41.6964204,-87.6397648
1388,34,31,41.6746389,-87.6403801
1389,34,32,41.6884623,-87.6558601
1390,34,33,41.68000749999999,-87.6387271
1391,34,34,41.7110227,-87.6402505
1392,34,35,41.70594639999999,-87.65424
1393,34,36,41.69460369999999,-87.6392425
1394,34,37,41.6927211,-87.6319899
1395,34,38,41.6906123,-87.62338659999999
1396,34,39,41.6930899,-87.6276715
1397,34,40,41.6726885,-87.64990999999999
1398,34,41,41.6863684,-87.63340769999999
1399,34,42,41.687915,-87.6418697
1400,34,43,41.687915,-87.6418697
1401,34,44,41.7071312,-87.64730139999999
1402,34,45,41.70709650000001,-87.6447754
1403,34,46,41.7157214,-87.6375936
1404,34,47,41.6946957,-87.6534794
1405,34,48,41.702288,-87.6483837
1406,34,49,41.7162741,-87.64861669999999
1407,34,50,41.6700406,-87.63209719999999
1408,34,51,41.6726885,-87.64990999999999
1409,34,52,41.7162741,-87.64861669999999
1410,34,53,41.6863684,-87.63340769999999
1411,35,1,41.9359654,-87.707849
1412,35,2,41.92633660000001,-87.70977479999999
1413,35,3,41.9213743,-87.7224669
1414,35,4,41.9497364,-87.7170874
1415,35,5,41.9342571,-87.70799070000001
1416,35,6,41.9322357,-87.71286769999999
1417,35,7,41.9243343,-87.7145283
1418,35,8,41.9243343,-87.7145283
1419,35,9,41.9637367,-87.72362799999999
1420,35,10,41.92633660000001,-87.70977479999999
1421,35,11,41.9322357,-87.71286769999999
1422,35,12,41.91952149999999,-87.7309143
1423,35,13,41.9149925,-87.7297167
1424,35,14,41.9242227,-87.7281378
1425,35,15,41.9295238,-87.71908289999999
1426,35,16,41.9149283,-87.7334922
1427,35,17,41.9316874,-87.71036099999999
1428,35,18,41.91952149999999,-87.7309143
1429,35,19,41.91952149999999,-87.7309143
1430,35,20,41.96311900000001,-87.7170876
1431,35,21,41.9213743,-87.7224669
1432,35,22,41.9659777,-87.7208824
1433,35,23,41.9575775,-87.7188025
1434,35,24,41.9412821,-87.71524649999999
1435,35,25,41.9285358,-87.7083336
1436,35,26,41.9497364,-87.7170874
1437,35,27,41.9586697,-87.71592419999999
1438,35,28,41.9295238,-87.71908289999999
1439,35,29,41.9661979,-87.7218245
1440,35,30,41.9659777,-87.7208824
1441,35,31,41.9586697,-87.71592419999999
1442,36,1,41.9310657,-87.79949769999999
1443,36,2,41.9234696,-87.78027399999999
1444,36,3,41.9239234,-87.79341099999999
1445,36,4,41.9177899,-87.78801229999999
1446,36,5,41.92064,-87.7773105
1447,36,6,41.9170726,-87.75180859999999
1448,36,7,41.9383047,-87.79981180000001
1449,36,8,41.919018,-87.7482678
1450,36,9,41.9228706,-87.75160029999999
1451,36,10,41.9367293,-87.78616319999999
1452,36,11,41.9220571,-87.7395626
1453,36,12,41.9126532,-87.73538669999999
1454,36,13,41.9220571,-87.7395626
1455,36,14,41.9463348,-87.7816321
1456,36,15,41.9463348,-87.7816321
1457,36,16,41.9456304,-87.7639707
1458,36,17,41.94260209999999,-87.7690709
1459,36,18,41.9430077,-87.77735589999999
1460,36,19,41.9316111,-87.79638279999999
1461,36,20,41.94260209999999,-87.7690709
1462,36,21,41.9210477,-87.76486969999999
1463,36,22,41.9211098,-87.7578772
1464,36,23,41.92064,-87.7773105
1465,36,24,41.935631,-87.78415199999999
1466,36,25,41.922985,-87.7600614
1467,36,26,41.9367293,-87.78616319999999
1468,36,27,41.9221104,-87.7994336
1469,36,28,41.93651759999999,-87.79526279999999
1470,36,29,41.9316111,-87.79638279999999
1471,36,30,41.943584,-87.78540799999999
1472,37,1,41.88500440000001,-87.76249279999999
1473,37,2,41.9022729,-87.7334228
1474,37,3,41.8941496,-87.72646209999999
1475,37,4,41.9003237,-87.7319285
1476,37,5,41.9024209,-87.76286789999999
1477,37,6,41.9096726,-87.7597953
1478,37,7,41.9003237,-87.7319285
1479,37,8,41.9003237,-87.7319285
1480,37,9,41.89354669999999,-87.7599539
1481,37,10,41.910964,-87.7455074
1482,37,11,41.8887368,-87.7550316
1483,37,12,41.9022729,-87.7334228
1484,37,13,41.8941496,-87.72646209999999
1485,37,14,41.9018665,-87.748407
1486,37,15,41.8994959,-87.7562501
1487,37,16,41.90963430000001,-87.75908620000001
1488,37,17,41.89354669999999,-87.7599539
1489,37,18,41.8947183,-87.7609591
1490,37,19,41.9024589,-87.7253843
1491,37,20,41.8979858,-87.7469216
1492,37,21,41.8985461,-87.7378605
1493,37,22,41.910964,-87.7455074
1494,37,23,41.9024346,-87.759759
1495,37,24,41.90963430000001,-87.75908620000001
1496,37,25,41.8994959,-87.7562501
1497,37,26,41.9132969,-87.76030209999999
1498,37,27,41.89531059999999,-87.747991
1499,37,28,41.9003237,-87.7319285
1500,37,29,41.9024209,-87.76286789999999
1501,37,30,41.8920702,-87.7472655
1502,37,31,41.90531439999999,-87.7552631
1503,37,32,41.90608,-87.7562433
1504,37,33,41.9018665,-87.748407
1505,37,34,41.8947084,-87.7540448
1506,37,35,41.8947183,-87.7609591
1507,37,36,41.8947084,-87.7540448
1508,37,37,41.8896546,-87.76466789999999
1509,37,38,41.90608,-87.7562433
1510,37,39,41.8887368,-87.7550316
1511,37,40,41.90531439999999,-87.7552631
1512,37,41,41.90963430000001,-87.75908620000001
1513,38,1,41.95761,-87.766789
1514,38,2,41.965045,-87.8441408
1515,38,3,41.9513734,-87.80723139999999
1516,38,4,41.945366,-87.800257
1517,38,5,41.9432963,-87.8052895
1518,38,6,41.9425567,-87.81359049999999
1519,38,7,41.94407710000001,-87.8258079
1520,38,8,41.9532556,-87.7797348
1521,38,9,41.9447084,-87.82749729999999
1522,38,10,41.9456632,-87.7979634
1523,38,11,41.9574435,-87.7703646
1524,38,12,41.965045,-87.8441408
1525,38,13,41.9430671,-87.8139236
1526,38,14,41.965869,-87.78233999999999
1527,38,15,41.9590292,-87.7821491
1528,38,16,41.9456632,-87.7979634
1529,38,17,41.94792899999999,-87.829899
1530,38,18,41.965869,-87.78233999999999
1531,38,19,41.9588117,-87.78832849999999
1532,38,20,41.94792899999999,-87.829899
1533,38,21,41.9526427,-87.7851891
1534,38,22,41.96300249999999,-87.7720384
1535,38,23,41.94938500000001,-87.77158299999999
1536,38,24,41.94407710000001,-87.8258079
1537,38,25,41.965869,-87.78233999999999
1538,38,26,41.9526427,-87.7851891
1539,38,27,41.9447084,-87.82749729999999
1540,38,28,41.94792899999999,-87.829899
1541,38,29,41.9425567,-87.81359049999999
1542,38,30,41.94407710000001,-87.8258079
1543,38,31,41.95761,-87.766789
1544,38,32,41.95761,-87.766789
1545,38,33,41.9587107,-87.77611809999999
1546,38,34,41.9520355,-87.7671647
1547,38,35,41.9531442,-87.759883
1548,38,36,41.9587107,-87.77611809999999
1549,38,37,41.9526427,-87.7851891
1550,38,38,41.9496849,-87.7989544
1551,38,39,41.94894499999999,-87.777823
1552,38,40,41.9574435,-87.7703646
1553,38,41,41.95761,-87.766789
1554,39,1,41.9884007,-87.7373989
1555,39,2,41.9861619,-87.72679190000001
1556,39,3,41.9560762,-87.73042149999999
1557,39,4,41.9884007,-87.7373989
1558,39,5,41.9729444,-87.7389487
1559,39,6,41.966169,-87.72832299999999
1560,39,7,41.9683065,-87.7381078
1561,39,8,41.9729857,-87.7291675
1562,39,9,41.9692921,-87.74164770000002
1563,39,10,41.9739865,-87.7223829
1564,39,11,41.9692921,-87.74164770000002
1565,39,12,41.9714448,-87.7250639
1566,39,13,41.9884845,-87.7122215
1567,39,14,41.9630974,-87.7420401
1568,39,15,41.9912818,-87.7464294
1569,39,16,41.9816988,-87.71283419999999
1570,39,17,41.9630974,-87.7420401
1571,39,18,41.9882565,-87.7118151
1572,39,19,41.962515,-87.7366459
1573,39,20,41.9929198,-87.7784161
1574,39,21,41.9885028,-87.7858067
1575,39,22,41.9816988,-87.71283419999999
1576,39,23,41.9852319,-87.76800089999999
1577,39,24,41.9852319,-87.76800089999999
1578,39,25,41.9560762,-87.73042149999999
1579,39,26,41.9969557,-87.7292172
1580,39,27,41.99203929999999,-87.76870029999999
1581,39,28,41.9559895,-87.72294199999999
1582,39,29,41.9740664,-87.7276737
1583,39,30,41.97734639999999,-87.7127653
1584,39,31,41.966169,-87.72832299999999
1585,39,32,41.9942847,-87.7245535
1586,39,33,41.9744157,-87.713219
1587,39,34,41.9552157,-87.72796050000001
1588,39,35,41.97734639999999,-87.7127653
1589,39,36,41.9942847,-87.7245535
1590,39,37,41.9884007,-87.7373989
1591,39,38,41.9762899,-87.7366662
1592,39,39,41.9845136,-87.7287498
1593,39,40,41.9884007,-87.7373989
1594,39,41,41.98027949999999,-87.7536569
1595,39,42,41.9912818,-87.7464294
1596,39,43,41.98027949999999,-87.7536569
1597,39,44,41.9970863,-87.7618969
1598,39,45,41.9970863,-87.7618969
1599,40,1,41.97967999999999,-87.69303599999999
1600,40,2,41.98791629999999,-87.70114430000001
1601,40,3,41.9739973,-87.6971597
1602,40,4,41.9906437,-87.6962041
1603,40,5,41.9739973,-87.6971597
1604,40,6,41.9687002,-87.6966492
1605,40,7,41.9708359,-87.6881344
1606,40,8,41.9683531,-87.6999258
1607,40,9,41.9910527,-87.6759154
1608,40,10,41.9906437,-87.6962041
1609,40,11,41.9746782,-87.6832515
1610,40,12,41.971689,-87.69017730000002
1611,40,13,41.9750908,-87.6803091
1612,40,14,41.9753032,-87.6970436
1613,40,15,41.989679,-87.6900229
1614,40,16,41.9750908,-87.6803091
1615,40,17,41.9739812,-87.7019591
1616,40,18,41.9948698,-87.6770939
1617,40,19,41.9834186,-87.69236900000001
1618,40,20,41.9788486,-87.689942
1619,40,21,41.9761978,-87.68768039999999
1620,40,22,41.990237,-87.67436630000002
1621,40,23,41.9799267,-87.6815084
1622,40,24,41.98336339999999,-87.6963282
1623,40,25,41.9764256,-87.6716366
1624,40,26,41.9796746,-87.6699782
1625,40,27,41.991235,-87.6735941
1626,40,28,41.9997044,-87.67158789999999
1627,40,29,41.98791629999999,-87.70114430000001
1628,40,30,41.9844136,-87.70096590000001
1629,40,31,41.9764256,-87.6716366
1630,40,32,41.98095439999999,-87.67704549999999
1631,40,33,41.98297729999999,-87.6720382
1632,40,34,41.9844136,-87.70096590000001
1633,40,35,41.9976285,-87.6801569
1634,40,36,41.990237,-87.67436630000002
1635,40,37,41.99704240000001,-87.67068850000001
1636,40,38,41.9680013,-87.68906419999999
1637,40,39,41.989679,-87.6900229
1638,41,1,42.0119385,-87.81209330000002
1639,41,2,42.0119385,-87.81209330000002
1640,41,3,41.9744566,-87.80427689999999
1641,41,4,42.0098764,-87.8072766
1642,41,5,42.0012376,-87.8182058
1643,41,6,42.0072254,-87.778526
1644,41,7,42.0012376,-87.8182058
1645,41,8,42.0012376,-87.8182058
1646,41,9,41.9994428,-87.76183530000002
1647,41,10,42.0046525,-87.8108201
1648,41,11,41.992454,-87.7972631
1649,41,12,41.9744566,-87.80427689999999
1650,41,13,41.9845807,-87.82331630000002
1651,41,14,42.0072254,-87.778526
1652,41,15,41.9993519,-87.81517439999999
1653,41,16,41.992454,-87.7972631
1654,41,17,41.9909323,-87.8001599
1655,41,18,41.9863153,-87.8089803
1656,41,19,41.9994428,-87.76183530000002
1657,41,20,41.99044809999999,-87.8099941
1658,41,21,41.9937066,-87.79169979999999
1659,41,22,41.9921166,-87.7979695
1660,41,23,41.9845807,-87.82331630000002
1661,41,24,41.9760619,-87.7958862
1662,41,25,41.97089769999999,-87.8369683
1663,41,26,41.9882511,-87.8020914
1664,41,27,41.97089769999999,-87.8369683
1665,41,28,41.9782722,-87.84333649999999
1666,41,29,41.9782722,-87.84333649999999
1667,41,30,41.9760619,-87.7958862
1668,41,31,41.99044809999999,-87.8099941
1669,41,32,41.9978657,-87.7864705
1670,41,33,41.9782824,-87.8144555
1671,41,34,41.9782824,-87.8144555
1672,41,35,41.9937066,-87.79169979999999
1673,41,36,41.9787093,-87.8123964
1674,41,37,41.9993519,-87.81517439999999
1675,41,38,41.9760619,-87.7958862
1676,41,39,42.0072254,-87.778526
1677,41,40,42.0119385,-87.81209330000002
1678,41,41,41.9863153,-87.8089803
1679,41,42,42.0119385,-87.81209330000002
1680,41,43,41.9863153,-87.8089803
1681,41,44,42.0098764,-87.8072766
1682,41,45,41.9787093,-87.8123964
1683,41,46,41.9882511,-87.8020914
1684,41,47,42.0072254,-87.778526
1685,42,1,41.90190200000001,-87.625659
1686,42,2,41.8922052,-87.6198222
1687,42,3,41.8833837,-87.6431594
1688,42,4,41.8960678,-87.616877
1689,42,5,41.8989513,-87.6446419
1690,42,6,41.885003,-87.61686379999999
1691,42,7,41.8928902,-87.6165361
1692,42,8,41.8946504,-87.61673239999999
1693,42,9,41.8815453,-87.6350572
1694,42,10,41.8860502,-87.626846
1695,42,11,41.8914899,-87.6119488
1696,42,12,41.8833837,-87.6431594
1697,42,13,41.88489510000001,-87.6153982
1698,42,14,41.890513,-87.6364084
1699,42,15,41.89574880000001,-87.6388557
1700,42,16,41.879917,-87.641772
1701,42,17,41.8909092,-87.640153
1702,42,18,41.8873494,-87.64046139999999
1703,42,19,41.8972743,-87.6278232
1704,42,20,41.892817,-87.62924249999999
1705,42,21,41.8833837,-87.6431594
1706,42,22,41.8937613,-87.6261578
1707,42,23,41.8954411,-87.6272322
1708,42,24,41.9002367,-87.6290717
1709,42,25,41.8897906,-87.6257928
1710,42,26,41.8915234,-87.6178142
1711,42,27,41.8883049,-87.6284713
1712,42,28,41.8854394,-87.6154754
1713,42,29,41.8875915,-87.61818050000001
1714,42,30,41.8849098,-87.6179823
1715,42,31,41.8891327,-87.6194642
1716,42,32,41.8897025,-87.6330144
1717,42,33,41.8740166,-87.624792
1718,42,34,41.8989036,-87.6247659
1719,42,35,41.892014,-87.62359699999999
1720,42,36,41.8833837,-87.6431594
1721,42,37,41.89574880000001,-87.6388557
1722,42,38,41.8970403,-87.6392844
1723,42,39,41.8946374,-87.63154660000001
1724,42,40,41.8875915,-87.61818050000001
1725,42,41,41.8833837,-87.6431594
1726,42,42,41.8860502,-87.626846
1727,43,1,41.9138171,-87.63804300000001
1728,43,2,41.9282283,-87.6564606
1729,43,3,41.9191218,-87.64555089999999
1730,43,4,41.9147048,-87.6366621
1731,43,5,41.9143971,-87.6465655
1732,43,6,41.9311149,-87.65344069999999
1733,43,7,41.92047549999999,-87.64780879999999
1734,43,8,41.92115930000001,-87.63816539999999
1735,43,9,41.9159565,-87.6432592
1736,43,10,41.9164818,-87.6550877
1737,43,11,41.9191218,-87.64555089999999
1738,43,12,41.9252553,-87.63840019999999
1739,43,13,41.9327123,-87.64106439999999
1740,43,14,41.9138171,-87.63804300000001
1741,43,15,41.91804519999999,-87.6370026
1742,43,16,41.9255313,-87.6581901
1743,43,17,41.923081,-87.6387463
1744,43,18,41.9290719,-87.66081849999999
1745,43,19,41.9147048,-87.6366621
1746,43,20,41.9248456,-87.6421194
1747,43,21,41.9296481,-87.6459706
1748,43,22,41.9296481,-87.6459706
1749,43,23,41.9143971,-87.6465655
1750,43,24,41.92115930000001,-87.63816539999999
1751,43,25,41.9303938,-87.6399447
1752,43,26,41.9258593,-87.6393973
1753,43,27,41.9283457,-87.64082599999999
1754,43,28,41.9117946,-87.6324258
1755,43,29,41.9243523,-87.6445328
1756,43,30,41.9229613,-87.6576992
1757,43,31,41.9317629,-87.6542091
1758,43,32,41.9240915,-87.6369616
1759,43,33,41.91202759999999,-87.63157009999999
1760,43,34,41.9309646,-87.6396779
1761,43,35,41.904551,-87.62832
1762,43,36,41.9311415,-87.64081519999999
1763,43,37,41.9258995,-87.6424736
1764,43,38,41.91202759999999,-87.63157009999999
1765,43,39,41.9255313,-87.6581901
1766,43,40,41.9296481,-87.6459706
1767,43,41,41.9240363,-87.65325759999999
1768,43,42,41.9311415,-87.64081519999999
1769,43,43,41.9092036,-87.62731749999999
1770,43,44,41.923081,-87.6387463
1771,43,45,41.9159565,-87.6432592
1772,43,46,41.932043,-87.649036
1773,44,1,41.9396481,-87.6399287
1774,44,2,41.9403584,-87.666922
1775,44,3,41.9390209,-87.638854
1776,44,4,41.9361422,-87.6372317
1777,44,5,41.9368252,-87.64216259999999
1778,44,6,41.9381849,-87.6465111
1779,44,7,41.9331503,-87.6370778
1780,44,8,41.9363104,-87.6398497
1781,44,9,41.9456861,-87.663664
1782,44,10,41.9422972,-87.65751519999999
1783,44,11,41.9456861,-87.663664
1784,44,12,41.9462242,-87.64273399999999
1785,44,13,41.9422972,-87.65751519999999
1786,44,14,41.9373745,-87.6505629
1787,44,15,41.9429808,-87.6449796
1788,44,16,41.9509713,-87.6648889
1789,44,17,41.9384125,-87.6386119
1790,44,18,41.9381849,-87.6465111
1791,44,19,41.94149669999999,-87.64515519999999
1792,44,20,41.9373745,-87.6505629
1793,44,21,41.9403156,-87.6462079
1794,44,22,41.9451194,-87.64210369999999
1795,44,23,41.9340279,-87.6417989
1796,44,24,41.9334663,-87.63891439999999
1797,44,25,41.9509713,-87.6648889
1798,44,26,41.947553,-87.65122009999999
1799,44,27,41.93397239999999,-87.6558125
1800,44,28,41.9404289,-87.642768
1801,44,29,41.93397239999999,-87.6558125
1802,44,30,41.9456861,-87.663664
1803,44,31,41.9492818,-87.6585152
1804,44,32,41.9492818,-87.6585152
1805,44,33,41.9429808,-87.6449796
1806,44,34,41.9414773,-87.6513782
1807,44,35,41.9384125,-87.6386119
1808,44,36,41.947553,-87.65122009999999
1809,44,37,41.94149669999999,-87.64515519999999
1810,44,38,41.9422972,-87.65751519999999
1811,44,39,41.9422972,-87.65751519999999
1812,44,40,41.93397239999999,-87.6558125
1813,44,41,41.9340279,-87.6417989
1814,45,1,41.9522637,-87.72047649999999
1815,45,2,41.9522637,-87.72047649999999
1816,45,3,41.9534394,-87.7248517
1817,45,4,41.9504273,-87.73052659999999
1818,45,5,41.9504273,-87.73052659999999
1819,45,6,41.9538716,-87.7371613
1820,45,7,41.9538716,-87.7371613
1821,45,8,41.9500435,-87.75190429999999
1822,45,9,41.9490944,-87.75741289999999
1823,45,10,41.9490944,-87.75741289999999
1824,45,11,41.9549729,-87.7543824
1825,45,12,41.960296,-87.7516672
1826,45,13,41.9549729,-87.7543824
1827,45,14,41.960296,-87.7516672
1828,45,15,41.96451,-87.7586122
1829,45,16,41.9673551,-87.761986
1830,45,17,41.96451,-87.7586122
1831,45,18,41.9656016,-87.77265109999999
1832,45,19,41.9687027,-87.76276279999999
1833,45,20,41.9687027,-87.76276279999999
1834,45,21,41.9696901,-87.77531119999999
1835,45,22,41.9696901,-87.77531119999999
1836,45,23,41.975417,-87.7814144
1837,45,24,41.975417,-87.7814144
1838,45,25,41.975417,-87.7814144
1839,45,26,41.975417,-87.7814144
1840,45,27,41.9699408,-87.790275
1841,45,28,41.9696901,-87.77531119999999
1842,45,29,41.9696901,-87.77531119999999
1843,45,30,41.9685696,-87.754722
1844,45,31,41.9685696,-87.754722
1845,45,32,41.9720396,-87.75681850000001
1846,45,33,41.9720396,-87.75681850000001
1847,45,34,41.9743873,-87.7662266
1848,45,35,41.975468,-87.763966
1849,45,36,41.975468,-87.763966
1850,45,37,41.9802178,-87.76656679999999
1851,45,38,41.9802178,-87.76656679999999
1852,45,39,41.9802178,-87.76656679999999
1853,45,40,41.9782886,-87.7745863
1854,45,41,41.9874127,-87.7736415
1855,45,42,41.983825,-87.77861899999999
1856,45,43,41.983825,-87.77861899999999
1857,45,44,41.9885028,-87.7858067
1858,45,45,41.9754703,-87.7882048
1859,45,46,41.9754703,-87.7882048
1860,45,47,41.9699408,-87.790275
1861,45,48,41.9699408,-87.790275
1862,46,1,41.96452439999999,-87.6589929
1863,46,2,41.96452439999999,-87.6589929
1864,46,3,41.9517852,-87.64617779999999
1865,46,4,41.9688793,-87.653914
1866,46,5,41.952355,-87.6505937
1867,46,6,41.9708687,-87.6581051
1868,46,7,41.9601759,-87.6475062
1869,46,8,41.96652599999999,-87.6550609
1870,46,9,41.9582095,-87.65415500000002
1871,46,10,41.9493746,-87.6469226
1872,46,11,41.95961579999999,-87.6542516
1873,46,12,41.9620926,-87.6638569
1874,46,13,41.9600422,-87.6492392
1875,46,14,41.964986,-87.6505858
1876,46,15,41.9582095,-87.65415500000002
1877,46,16,41.9716922,-87.66073689999999
1878,46,17,41.9541855,-87.6458258
1879,46,18,41.954347,-87.6470655
1880,46,19,41.9489835,-87.6442335
1881,46,20,41.96452439999999,-87.6589929
1882,46,21,41.9688793,-87.653914
1883,46,22,41.9667822,-87.65415940000001
1884,46,23,41.9660193,-87.6521886
1885,46,24,41.95419,-87.6484847
1886,46,25,41.96452439999999,-87.6589929
1887,46,26,41.96367739999999,-87.64931589999999
1888,46,27,41.9557644,-87.6549191
1889,46,28,41.953303,-87.64557099999999
1890,46,29,41.9616003,-87.6489045
1891,46,30,41.9493746,-87.6469226
1892,46,31,41.9462242,-87.64273399999999
1893,46,32,41.9667822,-87.65415940000001
1894,46,33,41.9462242,-87.64273399999999
1895,46,34,41.9557644,-87.6549191
1896,46,35,41.957651,-87.65080499999999
1897,46,36,41.94797399999999,-87.643778
1898,46,37,41.9711969,-87.6544481
1899,46,38,41.9552378,-87.646237
1900,46,39,41.9496768,-87.646008
1901,46,40,41.9693883,-87.6509596
1902,47,1,41.9453833,-87.6811506
1903,47,2,41.947069,-87.6824425
1904,47,3,41.9546174,-87.6867597
1905,47,4,41.947069,-87.6824425
1906,47,5,41.9631125,-87.6713771
1907,47,6,41.9454775,-87.6706494
1908,47,7,41.94949159999999,-87.6865742
1909,47,8,41.9554175,-87.6839971
1910,47,9,41.9403198,-87.6707648
1911,47,10,41.9607623,-87.6809902
1912,47,11,41.9403198,-87.6707648
1913,47,12,41.9543398,-87.6764826
1914,47,13,41.9641843,-87.69190449999999
1915,47,14,41.96281219999999,-87.6863938
1916,47,15,41.97235939999999,-87.6627919
1917,47,16,41.9619453,-87.6890851
1918,47,17,41.9536443,-87.692032
1919,47,18,41.9552279,-87.6686125
1920,47,19,41.97235939999999,-87.6627919
1921,47,20,41.9681198,-87.6843385
1922,47,21,41.9619453,-87.6890851
1923,47,22,41.9627392,-87.6844373
1924,47,23,41.9755564,-87.665121
1925,47,24,41.9552279,-87.6686125
1926,47,25,41.9526496,-87.66996209999999
1927,47,26,41.9684689,-87.6796279
1928,47,27,41.9507751,-87.67830479999999
1929,47,28,41.9607623,-87.6809902
1930,47,29,41.9507751,-87.67830479999999
1931,47,30,41.9722021,-87.6699934
1932,47,31,41.9676791,-87.6688506
1933,47,32,41.9722021,-87.6699934
1934,47,33,41.9526496,-87.66996209999999
1935,47,34,41.9654608,-87.6704354
1936,47,35,41.9528889,-87.6845357
1937,47,36,41.9681459,-87.6769468
1938,47,37,41.9598685,-87.6777968
1939,47,38,41.9684689,-87.6796279
1940,47,39,41.9608864,-87.67128009999999
1941,47,40,41.9651059,-87.6915793
1942,47,41,41.961334,-87.6669043
1943,47,42,41.96281219999999,-87.6863938
1944,47,43,41.9526496,-87.66996209999999
1945,47,44,41.9535748,-87.66241149999999
1946,47,45,41.9627392,-87.6844373
1947,47,46,41.94949159999999,-87.6865742
1948,47,47,41.9453833,-87.6811506
1949,47,48,41.939885,-87.6911492
1950,48,1,41.9890085,-87.6667674
1951,48,2,41.9776706,-87.662857
1952,48,3,41.9838916,-87.65631259999999
1953,48,4,41.974803,-87.65219599999999
1954,48,5,41.9832196,-87.6546106
1955,48,6,41.9812285,-87.6560578
1956,48,7,41.9832437,-87.6669158
1957,48,8,41.9904941,-87.65483139999999
1958,48,9,41.9803466,-87.65432709999999
1959,48,10,41.976652,-87.6680327
1960,48,11,41.9776706,-87.662857
1961,48,12,41.97708799999999,-87.656826
1962,48,13,41.9943783,-87.6549148
1963,48,14,41.981048,-87.654489
1964,48,15,41.9948598,-87.65510859999999
1965,48,16,41.98759700000001,-87.6597972
1966,48,17,41.9729744,-87.6545137
1967,48,18,41.9858482,-87.6557013
1968,48,19,41.9820109,-87.6600438
1969,48,20,41.9947558,-87.66871259999999
1970,48,21,41.9745205,-87.65646749999999
1971,48,22,41.9919124,-87.6547464
1972,48,23,41.976092,-87.6534418
1973,48,24,41.97208800000001,-87.64977429999999
1974,48,25,41.994287,-87.6632632
1975,48,26,41.9858482,-87.6557013
1976,48,27,41.994993,-87.6573581
1977,48,28,41.9770877,-87.65588699999999
1978,48,29,41.9793491,-87.6543288
1979,48,30,41.9911409,-87.6606595
1980,48,31,41.9888995,-87.65860430000001
1981,48,32,41.9943631,-87.6572673
1982,48,33,41.9912405,-87.65482109999999
1983,48,34,41.994287,-87.6632632
1984,48,35,41.9719534,-87.65514329999999
1985,48,36,41.981675,-87.654489
1986,48,37,41.9832437,-87.6669158
1987,48,38,41.991095,-87.668052
1988,48,39,41.9860265,-87.65455829999999
1989,48,40,41.9911409,-87.6606595
1990,48,41,41.986762,-87.65630499999999
1991,48,42,41.9890085,-87.6667674
1992,48,43,41.9838916,-87.65631259999999
1993,48,44,41.9832437,-87.6669158
1994,48,45,41.994287,-87.6632632
1995,48,46,41.9967345,-87.65506880000001
1996,49,1,42.0208813,-87.672044
1997,49,2,42.0016127,-87.66513959999999
1998,49,3,42.010443,-87.6736095
1999,49,4,42.0028084,-87.6689166
2000,49,5,42.0173309,-87.6733654
2001,49,6,42.0211503,-87.67139039999999
2002,49,7,42.0012971,-87.6598621
2003,49,8,42.0151848,-87.68848729999999
2004,49,9,42.0012971,-87.6598621
2005,49,10,42.006985,-87.67318569999999
2006,49,11,42.0135173,-87.6751817
2007,49,12,42.0016127,-87.66513959999999
2008,49,13,42.009047,-87.67988079999999
2009,49,14,42.013406,-87.6641489
2010,49,15,42.0151243,-87.6781161
2011,49,16,42.017818,-87.6660545
2012,49,17,41.9984203,-87.6611769
2013,49,18,42.0041902,-87.6684729
2014,49,19,42.0170855,-87.67803099999999
2015,49,20,42.0097167,-87.6695088
2016,49,21,42.0191726,-87.70701679999999
2017,49,22,42.0117993,-87.6704299
2018,49,23,42.0075458,-87.6695316
2019,49,24,42.0164485,-87.6850048
2020,49,25,42.0052025,-87.66333159999999
2021,49,26,42.0082172,-87.66366819999999
2022,49,27,42.0108499,-87.6616126
2023,49,28,42.0056893,-87.6702315
2024,49,29,42.0108499,-87.6616126
2025,49,30,42.0154167,-87.6652805
2026,49,31,42.0211503,-87.67139039999999
2027,49,32,42.019542,-87.67129050000001
2028,49,33,42.0151243,-87.6781161
2029,50,1,42.0123146,-87.7006102
2030,50,2,42.0190902,-87.700774
2031,50,3,42.0190902,-87.700774
2032,50,4,42.0152834,-87.6964435
2033,50,5,42.0110219,-87.70561599999999
2034,50,6,42.0116046,-87.6921234
2035,50,7,42.0106298,-87.68496160000001
2036,50,8,42.0151848,-87.68848729999999
2037,50,9,42.0152834,-87.6964435
2038,50,10,41.9972761,-87.70169589999999
2039,50,11,42.0056166,-87.7012345
2040,50,12,42.0092,-87.70677030000002
2041,50,13,42.0022277,-87.68896079999999
2042,50,14,42.0057197,-87.7086886
2043,50,15,42.0084513,-87.688265
2044,50,16,42.0109222,-87.70818609999999
2045,50,17,41.9927493,-87.69909080000001
2046,50,18,42.0060697,-87.70566939999999
2047,50,19,41.9987662,-87.69938580000002
2048,50,20,42.0036243,-87.698048
2049,50,21,42.0036243,-87.698048
2050,50,22,41.9972761,-87.70169589999999
2051,50,23,41.9971729,-87.707365
2052,50,24,41.99696369999999,-87.72183559999999
2053,50,25,41.990539,-87.718115
2054,50,26,41.99349040000001,-87.6998395
2055,50,27,42.007535,-87.7086506
2056,50,28,42.0007166,-87.67918189999999
2057,50,29,41.9927493,-87.69909080000001
2058,50,30,42.0022277,-87.68896079999999
2059,50,31,42.0022277,-87.68896079999999
2060,50,32,41.9954415,-87.68424929999999
2061,50,33,42.0087198,-87.6993907
2062,50,34,42.0087198,-87.6993907
2063,50,35,42.0106298,-87.68496160000001
2064,50,36,42.0036243,-87.698048
2065,50,37,42.0084513,-87.688265
2066,50,38,42.0090497,-87.7084517
2067,50,39,41.9971729,-87.707365
2068,50,40,42.0034909,-87.7061711
